CustomerID,Recency,Frequency,Monetary,TotalItems,UniqueProducts,AverageOrderValue,CustomerLifetime,AverageDaysBetweenPurchases,Churn,ChurnProbability,ChurnPrediction,RiskLevel,PurchaseFrequencyPerYear,EstimatedCLV,ValueLevel,RiskValueSegment,RecommendedAction
12346.0,235,1,77183.6,74215,1,77183.6,0,0.0,1,0.9999999634837071,1,HIGH,1.0,77183.6,High Value,Priority Retain,Priority retention offer
12347.0,39,5,2790.86,1590,82,558.172,237,59.0,0,0.17843597821327664,0,LOW,7.70042194092827,4298.1599156118145,High Value,VIP Loyal,Loyalty program
12348.0,158,3,1487.24,2124,22,495.74666666666667,109,54.0,0,0.5652541949555738,1,MEDIUM,10.045871559633028,4980.207339449542,High Value,Priority Retain,Priority retention offer
12350.0,219,1,334.4,197,17,334.4,0,0.0,1,0.7394769186442527,1,HIGH,1.0,334.4,Low Value,Automated Campaign,Low-cost automated campaign
12352.0,171,5,1561.81,254,26,312.36199999999997,34,8.0,0,0.518771581324855,1,MEDIUM,53.67647058823529,16766.489705882348,High Value,Priority Retain,Priority retention offer
12353.0,113,1,89.0,20,4,89.0,0,0.0,1,0.672518972600142,1,MEDIUM,1.0,89.0,Low Value,Automated Campaign,Low-cost automated campaign
12354.0,141,1,1079.4,530,58,1079.4,0,0.0,1,0.6354906618686954,1,MEDIUM,1.0,1079.4,Low Value,Automated Campaign,Low-cost automated campaign
12355.0,123,1,459.4,240,13,459.4,0,0.0,1,0.6802479344422698,1,MEDIUM,1.0,459.4,Low Value,Automated Campaign,Low-cost automated campaign
12356.0,155,2,2753.08,1586,53,1376.54,80,80.0,0,0.615254384274437,1,MEDIUM,9.125,12560.9275,High Value,Priority Retain,Priority retention offer
12358.0,60,1,484.86,100,12,484.86,0,0.0,0,0.632036586048809,1,MEDIUM,1.0,484.86,Low Value,Automated Campaign,Low-cost automated campaign
12359.0,99,3,3495.73,965,135,1165.2433333333333,141,70.0,0,0.2681986028317112,0,LOW,7.76595744680851,9049.230141843971,High Value,VIP Loyal,Loyalty program
12360.0,22,2,1618.28,674,63,809.14,88,88.0,0,0.4643591211051496,1,MEDIUM,8.295454545454545,6712.184090909091,High Value,Priority Retain,Priority retention offer
12361.0,196,1,189.9,91,10,189.9,0,0.0,1,0.7292352368317012,1,HIGH,1.0,189.9,Low Value,Automated Campaign,Low-cost automated campaign
12362.0,29,4,1747.35,988,89,436.8375,175,58.0,0,0.23403725854900415,0,LOW,8.342857142857143,3644.4728571428573,High Value,VIP Loyal,Loyalty program
12363.0,19,2,552.0,408,23,276.0,132,132.0,1,0.5443473801187905,1,MEDIUM,5.53030303030303,1526.3636363636363,High Value,Priority Retain,Priority retention offer
12364.0,21,1,623.92,555,34,623.92,0,0.0,0,0.5572543262672869,1,MEDIUM,1.0,623.92,Low Value,Automated Campaign,Low-cost automated campaign
12365.0,200,2,641.38,174,22,320.69,0,0.0,1,0.684065253526075,1,MEDIUM,2.0,641.38,Low Value,Automated Campaign,Low-cost automated campaign
12370.0,184,3,2802.66,1972,125,934.2199999999999,85,42.0,0,0.37245800119224887,0,LOW,12.882352941176471,12034.951764705882,High Value,VIP Loyal,Loyalty program
12372.0,122,2,914.9200000000001,592,32,457.46000000000004,83,83.0,0,0.6128720169578143,1,MEDIUM,8.795180722891565,4023.4433734939757,High Value,Priority Retain,Priority retention offer
12373.0,220,1,364.6,197,14,364.6,0,0.0,1,0.7464735184936796,1,HIGH,1.0,364.6,Low Value,Automated Campaign,Low-cost automated campaign
12375.0,7,1,230.3,87,11,230.3,0,0.0,0,0.5747274208880874,1,MEDIUM,1.0,230.3,Low Value,Automated Campaign,Low-cost automated campaign
12377.0,224,2,1628.12,944,72,814.06,39,39.0,1,0.6182573783588672,1,MEDIUM,18.717948717948715,15237.533333333331,High Value,Priority Retain,Priority retention offer
12378.0,39,1,4008.62,2529,219,4008.62,0,0.0,1,0.34985417519123757,0,LOW,1.0,4008.62,High Value,VIP Loyal,Loyalty program
12379.0,79,1,459.84,211,20,459.84,0,0.0,0,0.6302146265439844,1,MEDIUM,1.0,459.84,Low Value,Automated Campaign,Low-cost automated campaign
12380.0,95,1,607.5500000000001,293,36,607.5500000000001,0,0.0,0,0.6181735084567954,1,MEDIUM,1.0,607.5500000000001,Low Value,Automated Campaign,Low-cost automated campaign
12381.0,29,1,1268.74,568,62,1268.74,0,0.0,0,0.5381051392734705,1,MEDIUM,1.0,1268.74,Low Value,Automated Campaign,Low-cost automated campaign
12383.0,94,5,1850.56,1532,84,370.11199999999997,167,41.0,1,0.2486221724166122,0,LOW,10.92814371257485,4044.637125748502,High Value,VIP Loyal,Loyalty program
12384.0,31,1,292.69,62,14,292.69,0,0.0,0,0.5929475685009886,1,MEDIUM,1.0,292.69,Low Value,Automated Campaign,Low-cost automated campaign
12386.0,247,2,401.9,354,10,200.95,29,29.0,1,0.741570958687721,1,HIGH,25.172413793103445,5058.396551724137,High Value,Priority Retain,Priority retention offer
12388.0,57,4,1668.3400000000001,760,50,417.08500000000004,178,59.0,0,0.32268423646270245,0,LOW,8.202247191011237,3421.034269662922,High Value,VIP Loyal,Loyalty program
12393.0,155,3,1061.1000000000001,522,33,353.70000000000005,86,43.0,0,0.5536148302600908,1,MEDIUM,12.732558139534884,4503.505813953489,High Value,Priority Retain,Priority retention offer
12394.0,126,1,381.08,182,21,381.08,0,0.0,0,0.6635186379299113,1,MEDIUM,1.0,381.08,Low Value,Automated Campaign,Low-cost automated campaign
12395.0,21,8,1899.57,1629,65,237.44625,258,36.0,0,0.12227284877917183,0,LOW,11.317829457364342,2687.376162790698,High Value,VIP Loyal,Loyalty program
12397.0,44,1,1214.81,704,70,1214.81,0,0.0,0,0.5308921232244375,1,MEDIUM,1.0,1214.81,Low Value,Automated Campaign,Low-cost automated campaign
12399.0,28,4,1108.65,1178,47,277.1625,142,47.0,1,0.32717138144871827,0,LOW,10.28169014084507,2849.698943661972,High Value,VIP Loyal,Loyalty program
12401.0,212,1,84.3,11,5,84.3,0,0.0,1,0.7448048215709171,1,HIGH,1.0,84.3,Low Value,Automated Campaign,Low-cost automated campaign
12402.0,232,1,225.6,94,11,225.6,0,0.0,1,0.7541784919650448,1,HIGH,1.0,225.6,Low Value,Automated Campaign,Low-cost automated campaign
12405.0,58,1,1710.39,857,54,1710.39,0,0.0,1,0.6039145848333792,1,MEDIUM,1.0,1710.39,High Value,Priority Retain,Priority retention offer
12406.0,93,1,1621.25,793,48,1621.25,0,0.0,0,0.6419145806491601,1,MEDIUM,1.0,1621.25,High Value,Priority Retain,Priority retention offer
12407.0,43,4,1407.3600000000001,1237,50,351.84000000000003,130,43.0,0,0.33702412303002294,0,LOW,11.230769230769232,3951.433846153847,High Value,VIP Loyal,Loyalty program
12408.0,8,4,2134.0499999999997,1044,67,533.5124999999999,161,53.0,0,0.2587530525113514,0,LOW,9.068322981366459,4838.063664596272,High Value,VIP Loyal,Loyalty program
12409.0,92,1,6207.08,3142,64,6207.08,0,0.0,0,0.8037925450440794,1,HIGH,1.0,6207.08,High Value,Priority Retain,Priority retention offer
12410.0,218,2,693.3299999999999,211,26,346.66499999999996,0,0.0,1,0.6910482930038163,1,MEDIUM,2.0,693.3299999999999,Low Value,Automated Campaign,Low-cost automated campaign
12412.0,47,2,890.74,599,34,445.37,31,31.0,0,0.5336520323301136,1,MEDIUM,23.548387096774196,10487.745161290324,High Value,Priority Retain,Priority retention offer
12413.0,145,2,563.9,205,25,281.95,100,100.0,0,0.646361388618099,1,MEDIUM,7.300000000000001,2058.235,High Value,Priority Retain,Priority retention offer
12414.0,126,3,562.41,300,16,187.47,93,46.0,1,0.5628709593877885,1,MEDIUM,11.774193548387096,2207.308064516129,High Value,Priority Retain,Priority retention offer
12415.0,8,15,102087.88,66781,382,6805.858666666667,238,17.0,0,7.791589988219191e-08,0,LOW,23.00420168067227,156563.34537815128,High Value,VIP Loyal,Loyalty program
12417.0,16,7,2816.52,1229,132,402.36,250,41.0,0,0.0784920479939236,0,LOW,10.22,4112.1192,High Value,VIP Loyal,Loyalty program
12418.0,22,1,668.58,407,34,668.58,0,0.0,1,0.5609588808174206,1,MEDIUM,1.0,668.58,Low Value,Automated Campaign,Low-cost automated campaign
12421.0,24,3,628.56,407,25,209.51999999999998,204,102.0,0,0.40741776960694687,0,MEDIUM,5.367647058823529,1124.6294117647058,Low Value,Automated Campaign,Low-cost automated campaign
12422.0,5,3,803.5600000000001,370,39,267.85333333333335,229,114.0,1,0.351973456394604,0,LOW,4.781659388646289,1280.7834061135375,Low Value,Normal Marketing,Normal marketing
12423.0,10,7,1650.67,1136,86,235.81,252,42.0,0,0.11961865147381832,0,LOW,10.138888888888888,2390.851388888889,High Value,VIP Loyal,Loyalty program
12424.0,72,2,1760.96,740,30,880.48,0,0.0,1,0.5700446657029106,1,MEDIUM,2.0,1760.96,High Value,Priority Retain,Priority retention offer
12426.0,104,1,582.73,258,30,582.73,0,0.0,1,0.6370265280535244,1,MEDIUM,1.0,582.73,Low Value,Automated Campaign,Low-cost automated campaign
12427.0,281,1,303.5,79,10,303.5,0,0.0,0,0.7901335674015839,1,HIGH,1.0,303.5,Low Value,Automated Campaign,Low-cost automated campaign
12428.0,29,8,7548.12,3386,252,943.515,163,23.0,0,0.0228524505736644,0,LOW,17.914110429447852,16902.23190184049,High Value,VIP Loyal,Loyalty program
12429.0,82,3,2844.88,1045,62,948.2933333333334,193,96.0,0,0.3773984053599721,0,LOW,5.6735751295336785,5380.21347150259,High Value,VIP Loyal,Loyalty program
12431.0,28,11,4807.07,2098,134,437.00636363636363,254,25.0,0,0.038209647681566775,0,LOW,15.807086614173228,6907.797440944882,High Value,VIP Loyal,Loyalty program
12432.0,79,3,4016.66,1427,75,1338.8866666666665,1,0.0,0,0.41687651322543506,0,MEDIUM,365.0,488693.6333333333,High Value,Priority Retain,Priority retention offer
12433.0,0,3,6395.23,5431,151,2131.7433333333333,282,141.0,0,0.14136326185576717,0,LOW,3.882978723404255,8277.514007092199,High Value,VIP Loyal,Loyalty program
12434.0,169,1,286.25,77,16,286.25,0,0.0,0,0.7027652733416233,1,HIGH,1.0,286.25,Low Value,Automated Campaign,Low-cost automated campaign
12435.0,177,1,3978.9900000000002,879,19,3978.9900000000002,0,0.0,0,0.8398980010787161,1,HIGH,1.0,3978.9900000000002,High Value,Priority Retain,Priority retention offer
12436.0,9,1,509.01,211,16,509.01,0,0.0,1,0.5802143965561533,1,MEDIUM,1.0,509.01,Low Value,Automated Campaign,Low-cost automated campaign
12437.0,7,11,2811.41,1797,63,255.58272727272725,232,23.0,0,0.08190400819667858,0,LOW,17.30603448275862,4423.12349137931,High Value,VIP Loyal,Loyalty program
12438.0,49,1,890.0699999999999,586,49,890.0699999999999,0,0.0,0,0.5640510947488707,1,MEDIUM,1.0,890.0699999999999,Low Value,Automated Campaign,Low-cost automated campaign
12441.0,276,1,173.55,121,11,173.55,0,0.0,1,0.7807326437347328,1,HIGH,1.0,173.55,Low Value,Automated Campaign,Low-cost automated campaign
12444.0,31,2,2627.27,650,96,1313.635,49,49.0,0,0.4070181319517821,0,MEDIUM,14.89795918367347,19570.480612244897,High Value,Priority Retain,Priority retention offer
12447.0,152,1,476.49,190,26,476.49,0,0.0,1,0.6792889364420089,1,MEDIUM,1.0,476.49,Low Value,Automated Campaign,Low-cost automated campaign
12449.0,1,3,2724.58,1029,84,908.1933333333333,95,47.0,0,0.3030368238768372,0,LOW,11.526315789473685,10468.123157894737,High Value,VIP Loyal,Loyalty program
12450.0,65,2,197.88,128,7,98.94,17,17.0,1,0.5991484798383445,1,MEDIUM,42.94117647058823,4248.599999999999,High Value,Priority Retain,Priority retention offer
12451.0,127,2,5307.82,4105,162,2653.91,106,106.0,0,0.38149042158523744,0,LOW,6.886792452830189,18276.927358490568,High Value,VIP Loyal,Loyalty program
12453.0,43,1,707.09,473,43,707.09,0,0.0,1,0.5621871847861821,1,MEDIUM,1.0,707.09,Low Value,Automated Campaign,Low-cost automated campaign
12455.0,37,5,2176.36,1766,67,435.27200000000005,169,42.0,0,0.23367035618753276,0,LOW,10.798816568047338,4700.422485207101,High Value,VIP Loyal,Loyalty program
12456.0,40,2,2265.4,1073,77,1132.7,123,123.0,0,0.46195559790918356,1,MEDIUM,5.934959349593496,6722.528455284552,High Value,Priority Retain,Priority retention offer
12457.0,143,3,1067.25,398,23,355.75,5,2.0,0,0.5956737731600532,1,MEDIUM,219.0,77909.25,High Value,Priority Retain,Priority retention offer
12458.0,194,1,441.92,270,19,441.92,0,0.0,0,0.7225176769533738,1,HIGH,1.0,441.92,Low Value,Automated Campaign,Low-cost automated campaign
12461.0,3,2,826.88,287,35,413.44,60,60.0,1,0.49595591469921146,1,MEDIUM,12.166666666666668,5030.186666666667,High Value,Priority Retain,Priority retention offer
12462.0,212,1,762.11,287,40,762.11,0,0.0,0,0.7124182513010191,1,HIGH,1.0,762.11,Low Value,Automated Campaign,Low-cost automated campaign
12463.0,84,3,985.79,577,51,328.59666666666664,66,33.0,0,0.45748782165063245,1,MEDIUM,16.59090909090909,5451.7174242424235,High Value,Priority Retain,Priority retention offer
12464.0,15,6,780.55,81,6,130.09166666666667,203,40.0,0,0.2894042864028199,0,LOW,10.788177339901477,1403.4519704433496,High Value,VIP Loyal,Loyalty program
12465.0,78,1,440.94,294,26,440.94,0,0.0,0,0.6157620963728578,1,MEDIUM,1.0,440.94,Low Value,Automated Campaign,Low-cost automated campaign
12468.0,97,2,729.5400000000001,366,36,364.77000000000004,128,128.0,1,0.587690708339858,1,MEDIUM,5.703125,2080.3289062500003,High Value,Priority Retain,Priority retention offer
12471.0,16,19,11081.0,4340,108,583.2105263157895,257,14.0,0,0.008440842829335663,0,LOW,26.98443579766537,15737.607003891051,High Value,VIP Loyal,Loyalty program
12472.0,48,5,4927.6,3088,180,985.5200000000001,230,57.0,0,0.07782650287424256,0,LOW,7.934782608695652,7819.88695652174,High Value,VIP Loyal,Loyalty program
12473.0,24,2,1175.75,853,60,587.875,77,77.0,0,0.4653090831471838,1,MEDIUM,9.480519480519481,5573.3603896103905,High Value,Priority Retain,Priority retention offer
12474.0,8,13,4362.06,2798,153,335.54307692307697,231,19.0,0,0.025979753236904102,0,LOW,20.541125541125542,6892.432467532469,High Value,VIP Loyal,Loyalty program
12476.0,50,6,3191.67,1132,91,531.945,220,44.0,0,0.149826088017896,0,LOW,9.954545454545455,5295.270681818182,High Value,VIP Loyal,Loyalty program
12477.0,10,3,8834.03,2518,156,2944.6766666666667,200,100.0,0,0.15839424159997847,0,LOW,5.4750000000000005,16122.104750000002,High Value,VIP Loyal,Loyalty program
12480.0,52,3,2144.95,1096,97,714.9833333333332,192,96.0,0,0.28723432134974397,0,LOW,5.703125000000001,4077.6393229166665,High Value,VIP Loyal,Loyalty program
12481.0,89,8,4085.2599999999998,2351,112,510.65749999999997,186,26.0,0,0.11006835315126116,0,LOW,15.698924731182796,8016.7736559139785,High Value,VIP Loyal,Loyalty program
12483.0,8,6,1624.06,792,38,270.6766666666667,240,48.0,0,0.2019569348046296,0,LOW,9.125,2469.9245833333334,High Value,VIP Loyal,Loyalty program
12484.0,10,4,3658.65,1857,222,914.6625,235,78.0,0,0.06618352091389045,0,LOW,6.212765957446808,5682.5840425531915,High Value,VIP Loyal,Loyalty program
12489.0,245,1,334.93,105,15,334.93,0,0.0,1,0.7607659791226671,1,HIGH,1.0,334.93,Low Value,Automated Campaign,Low-cost automated campaign
12490.0,2,6,3552.59,2010,102,592.0983333333334,236,47.0,0,0.11016816416151583,0,LOW,9.279661016949152,5494.471822033898,High Value,VIP Loyal,Loyalty program
12492.0,14,1,126.39000000000001,69,9,126.39000000000001,0,0.0,0,0.5797926183622322,1,MEDIUM,1.0,126.39000000000001,Low Value,Automated Campaign,Low-cost automated campaign
12493.0,75,2,433.74,207,20,216.87,31,31.0,1,0.5848955959550572,1,MEDIUM,23.548387096774196,5106.93870967742,High Value,Priority Retain,Priority retention offer
12494.0,71,5,868.86,364,42,173.772,204,51.0,0,0.29944674049485775,0,LOW,8.946078431372548,1554.5779411764704,High Value,VIP Loyal,Loyalty program
12500.0,16,6,1773.8400000000001,1270,20,295.64000000000004,227,45.0,0,0.23767533219805526,0,LOW,9.647577092511014,2852.2096916299565,High Value,VIP Loyal,Loyalty program
12501.0,246,1,2169.39,1783,149,2169.39,0,0.0,1,0.5891526562027422,1,MEDIUM,1.0,2169.39,High Value,Priority Retain,Priority retention offer
12502.0,5,5,3723.87,820,102,744.774,214,53.0,1,0.1408463189402672,0,LOW,8.528037383177569,6351.46051401869,High Value,VIP Loyal,Loyalty program
12506.0,142,1,73.5,23,23,73.5,0,0.0,1,0.6580607892100535,1,MEDIUM,1.0,73.5,Low Value,Automated Campaign,Low-cost automated campaign
12507.0,43,3,1304.81,905,19,434.93666666666667,164,82.0,1,0.4500322258244894,1,MEDIUM,6.676829268292683,2903.9978658536584,High Value,Priority Retain,Priority retention offer
12509.0,193,1,176.5,55,7,176.5,0,0.0,1,0.7317879372342183,1,HIGH,1.0,176.5,Low Value,Automated Campaign,Low-cost automated campaign
12510.0,52,2,982.5699999999999,353,29,491.28499999999997,182,182.0,1,0.5738120909161749,1,MEDIUM,4.010989010989011,1970.5387362637362,High Value,Priority Retain,Priority retention offer
12513.0,22,1,612.29,462,35,612.29,0,0.0,1,0.5556149728298924,1,MEDIUM,1.0,612.29,Low Value,Automated Campaign,Low-cost automated campaign
12514.0,176,1,1017.68,440,51,1017.68,0,0.0,1,0.6754173029323524,1,MEDIUM,1.0,1017.68,Low Value,Automated Campaign,Low-cost automated campaign
12515.0,262,1,383.7,131,16,383.7,0,0.0,1,0.7721373940525762,1,HIGH,1.0,383.7,Low Value,Automated Campaign,Low-cost automated campaign
12516.0,90,1,583.2,345,13,583.2,0,0.0,0,0.6593167615749935,1,MEDIUM,1.0,583.2,Low Value,Automated Campaign,Low-cost automated campaign
12517.0,35,2,1521.45,834,173,760.725,63,63.0,0,0.2523636452085584,0,LOW,11.587301587301587,8814.75,High Value,VIP Loyal,Loyalty program
12518.0,19,1,324.83,187,18,324.83,0,0.0,0,0.575110664166726,1,MEDIUM,1.0,324.83,Low Value,Automated Campaign,Low-cost automated campaign
12520.0,51,4,2045.85,1099,104,511.4625,131,43.0,0,0.240667710245256,0,LOW,11.14503816793893,5700.269083969465,High Value,VIP Loyal,Loyalty program
12521.0,52,1,599.68,309,38,599.68,0,0.0,1,0.5757624403060975,1,MEDIUM,1.0,599.68,Low Value,Automated Campaign,Low-cost automated campaign
12523.0,17,7,1017.75,560,49,145.39285714285714,224,37.0,0,0.18133774983555034,0,LOW,11.40625,1658.3872767857142,High Value,VIP Loyal,Loyalty program
12524.0,71,6,3122.48,2290,92,520.4133333333333,171,34.0,0,0.1772984421545925,0,LOW,12.807017543859649,6664.9426900584795,High Value,VIP Loyal,Loyalty program
12526.0,3,1,520.3,318,29,520.3,0,0.0,0,0.5469897070565783,1,MEDIUM,1.0,520.3,Low Value,Automated Campaign,Low-cost automated campaign
12527.0,204,2,284.92,221,15,142.46,30,30.0,0,0.7005155324113496,1,HIGH,24.333333333333336,3466.526666666667,High Value,Priority Retain,Priority retention offer
12528.0,24,4,1287.37,503,46,321.8425,198,66.0,0,0.2984700561656083,0,LOW,7.373737373737374,2373.1820707070706,High Value,VIP Loyal,Loyalty program
12530.0,33,3,1221.65,600,39,407.2166666666667,213,106.0,0,0.38010524629281367,0,LOW,5.140845070422535,2093.43779342723,High Value,VIP Loyal,Loyalty program
12534.0,40,1,1089.18,651,63,1089.18,0,0.0,1,0.5359513436913796,1,MEDIUM,1.0,1089.18,Low Value,Automated Campaign,Low-cost automated campaign
12535.0,1,2,716.35,219,28,358.175,94,94.0,1,0.5136604338455673,1,MEDIUM,7.76595744680851,2781.571808510638,High Value,Priority Retain,Priority retention offer
12539.0,171,3,4517.69,1621,125,1505.8966666666665,71,35.0,0,0.3639553375665712,0,LOW,15.422535211267606,23224.74436619718,High Value,VIP Loyal,Loyalty program
12540.0,1,11,9246.86,4433,207,840.6236363636364,269,26.0,0,0.011529596878139719,0,LOW,14.925650557620818,12546.85464684015,High Value,VIP Loyal,Loyalty program
12541.0,82,2,536.14,419,27,268.07,107,107.0,0,0.5881172966880641,1,MEDIUM,6.822429906542055,1828.8887850467288,High Value,Priority Retain,Priority retention offer
12545.0,169,1,628.15,346,34,628.15,0,0.0,0,0.6842357497071959,1,MEDIUM,1.0,628.15,Low Value,Automated Campaign,Low-cost automated campaign
12547.0,107,2,207.79999999999998,134,7,103.89999999999999,82,82.0,1,0.6446675605671861,1,MEDIUM,8.902439024390244,924.9634146341463,Low Value,Automated Campaign,Low-cost automated campaign
12548.0,75,1,95.19999999999999,49,5,95.19999999999999,0,0.0,1,0.6394929536703756,1,MEDIUM,1.0,95.19999999999999,Low Value,Automated Campaign,Low-cost automated campaign
12551.0,267,1,168.0,100,10,168.0,0,0.0,1,0.7764225913912227,1,HIGH,1.0,168.0,Low Value,Automated Campaign,Low-cost automated campaign
12553.0,19,7,2419.59,1351,81,345.6557142857143,219,36.0,0,0.13245671402959472,0,LOW,11.666666666666668,4032.6500000000005,High Value,VIP Loyal,Loyalty program
12556.0,60,1,308.75,163,60,308.75,0,0.0,0,0.5197863541525042,1,MEDIUM,1.0,308.75,Low Value,Automated Campaign,Low-cost automated campaign
12557.0,67,4,9000.960000000001,3464,15,2250.2400000000002,213,71.0,0,0.3142939850828312,0,LOW,6.854460093896713,15424.180281690142,High Value,VIP Loyal,Loyalty program
12559.0,220,2,561.71,283,21,280.855,8,8.0,1,0.7014497569824889,1,HIGH,91.25,25628.018750000003,High Value,Priority Retain,Priority retention offer
12560.0,21,2,1436.31,820,77,718.155,30,30.0,0,0.4216824641929582,0,MEDIUM,24.333333333333336,17475.105,High Value,Priority Retain,Priority retention offer
12561.0,212,1,238.85,177,16,238.85,0,0.0,1,0.732228711321915,1,HIGH,1.0,238.85,Low Value,Automated Campaign,Low-cost automated campaign
12562.0,36,3,1605.23,776,53,535.0766666666667,71,35.0,0,0.4058515914264577,0,MEDIUM,15.422535211267606,8252.238732394368,High Value,Priority Retain,Priority retention offer
12564.0,170,1,456.9,133,21,456.9,0,0.0,1,0.7019499366649661,1,HIGH,1.0,456.9,Low Value,Automated Campaign,Low-cost automated campaign
12565.0,198,1,145.92,80,9,145.92,0,0.0,1,0.7305487280579317,1,HIGH,1.0,145.92,Low Value,Automated Campaign,Low-cost automated campaign
12567.0,5,9,7849.98,3533,271,872.2199999999999,273,34.0,0,0.010376710885509096,0,LOW,12.032967032967033,10495.394505494505,High Value,VIP Loyal,Loyalty program
12569.0,1,15,2167.68,857,48,144.512,160,11.0,0,0.07609965716562436,0,LOW,34.21875,4945.02,High Value,VIP Loyal,Loyalty program
12571.0,31,1,248.35,197,14,248.35,0,0.0,0,0.5902503169399965,1,MEDIUM,1.0,248.35,Low Value,Automated Campaign,Low-cost automated campaign
12573.0,136,1,160.54000000000002,84,26,160.54000000000002,0,0.0,1,0.6512630223076045,1,MEDIUM,1.0,160.54000000000002,Low Value,Automated Campaign,Low-cost automated campaign
12574.0,225,1,218.45,61,11,218.45,0,0.0,1,0.7491902983420398,1,HIGH,1.0,218.45,Low Value,Automated Campaign,Low-cost automated campaign
12576.0,5,4,936.55,665,54,234.1375,208,69.0,0,0.26739865951421987,0,LOW,7.019230769230769,1643.465144230769,High Value,VIP Loyal,Loyalty program
12577.0,268,1,195.89,134,67,195.89,0,0.0,0,0.6796671402672356,1,MEDIUM,1.0,195.89,Low Value,Automated Campaign,Low-cost automated campaign
12578.0,239,1,1608.66,748,70,1608.66,0,0.0,0,0.7151229793526391,1,HIGH,1.0,1608.66,High Value,Priority Retain,Priority retention offer
12580.0,156,1,415.7,238,24,415.7,0,0.0,1,0.6832943628568463,1,MEDIUM,1.0,415.7,Low Value,Automated Campaign,Low-cost automated campaign
12582.0,148,2,511.36,300,21,255.68,49,49.0,1,0.6489013362021266,1,MEDIUM,14.89795918367347,3809.1102040816327,High Value,Priority Retain,Priority retention offer
12583.0,16,9,4232.21,3463,84,470.24555555555554,267,33.0,0,0.07269153167817485,0,LOW,12.303370786516854,5785.60543071161,High Value,VIP Loyal,Loyalty program
12584.0,36,4,782.59,138,27,195.6475,153,51.0,0,0.3738051301242999,0,LOW,9.542483660130719,1866.963071895425,High Value,VIP Loyal,Loyalty program
12585.0,143,2,2040.1,1279,77,1020.05,117,117.0,1,0.5514625977001507,1,MEDIUM,6.239316239316239,6364.414529914529,High Value,Priority Retain,Priority retention offer
12589.0,54,1,131.5,83,10,131.5,0,0.0,0,0.6130181647674096,1,MEDIUM,1.0,131.5,Low Value,Automated Campaign,Low-cost automated campaign
12590.0,120,2,9864.26,4283,68,4932.13,0,0.0,1,0.6151391546913881,1,MEDIUM,2.0,9864.26,High Value,Priority Retain,Priority retention offer
12591.0,226,1,452.84999999999997,228,26,452.84999999999997,0,0.0,1,0.733985914482423,1,HIGH,1.0,452.84999999999997,Low Value,Automated Campaign,Low-cost automated campaign
12592.0,1,2,437.6,290,11,218.8,121,121.0,1,0.5515550929816243,1,MEDIUM,6.033057851239669,1320.0330578512396,Low Value,Automated Campaign,Low-cost automated campaign
12593.0,18,3,418.09999999999997,206,14,139.36666666666665,110,55.0,1,0.4635415456190883,1,MEDIUM,9.954545454545455,1387.331818181818,High Value,Priority Retain,Priority retention offer
12594.0,30,8,2529.9,1440,46,316.2375,201,28.0,0,0.16274756480110583,0,LOW,14.527363184079602,4594.0970149253735,High Value,VIP Loyal,Loyalty program
12596.0,151,1,269.95,156,15,269.95,0,0.0,0,0.6898027207242271,1,MEDIUM,1.0,269.95,Low Value,Automated Campaign,Low-cost automated campaign
12597.0,92,2,1428.81,675,72,714.405,85,85.0,0,0.5056097212964885,1,MEDIUM,8.588235294117647,6135.478235294117,High Value,Priority Retain,Priority retention offer
12598.0,71,4,1584.3799999999999,971,45,396.09499999999997,122,40.0,0,0.3735887929308751,0,LOW,11.967213114754097,4740.153278688524,High Value,VIP Loyal,Loyalty program
12599.0,36,6,857.04,749,25,142.84,177,35.0,0,0.28396220104878583,0,LOW,12.372881355932202,1767.342372881356,High Value,VIP Loyal,Loyalty program
12600.0,22,8,1936.5600000000002,544,26,242.07000000000002,258,36.0,0,0.16594023329830201,0,LOW,11.317829457364342,2739.7069767441862,High Value,VIP Loyal,Loyalty program
12601.0,99,5,577.0600000000001,245,21,115.412,142,35.0,1,0.4059118387617943,0,MEDIUM,12.852112676056338,1483.288028169014,High Value,Priority Retain,Priority retention offer
12604.0,171,1,178.5,137,10,178.5,0,0.0,0,0.7102361024813288,1,HIGH,1.0,178.5,Low Value,Automated Campaign,Low-cost automated campaign
12609.0,95,2,800.73,518,42,400.365,132,132.0,0,0.5740602944705219,1,MEDIUM,5.53030303030303,2214.139772727273,High Value,Priority Retain,Priority retention offer
12610.0,15,2,1256.25,625,68,628.125,19,19.0,0,0.4324962457032573,0,MEDIUM,38.421052631578945,24133.223684210527,High Value,Priority Retain,Priority retention offer
12613.0,107,4,1462.52,759,65,365.63,64,21.0,0,0.3969015607863263,0,LOW,22.8125,8340.934375,High Value,VIP Loyal,Loyalty program
12614.0,187,1,315.6,76,20,315.6,0,0.0,1,0.7104031189597733,1,HIGH,1.0,315.6,Low Value,Automated Campaign,Low-cost automated campaign
12615.0,77,1,634.74,413,31,634.74,0,0.0,0,0.6141351292739939,1,MEDIUM,1.0,634.74,Low Value,Automated Campaign,Low-cost automated campaign
12616.0,4,2,713.3,284,25,356.65,202,202.0,1,0.5393668545063128,1,MEDIUM,3.6138613861386144,1288.8836633663368,Low Value,Automated Campaign,Low-cost automated campaign
12619.0,25,5,2087.46,1756,28,417.492,137,34.0,0,0.3106926441207315,0,LOW,13.321167883211679,5561.481021897811,High Value,VIP Loyal,Loyalty program
12620.0,114,1,561.66,434,33,561.66,0,0.0,0,0.6378356479305681,1,MEDIUM,1.0,561.66,Low Value,Automated Campaign,Low-cost automated campaign
12621.0,9,15,10195.04,5439,208,679.6693333333334,265,18.0,0,0.006091856613281196,0,LOW,20.660377358490564,14042.224905660378,High Value,VIP Loyal,Loyalty program
12622.0,141,1,180.1,69,11,180.1,0,0.0,1,0.6855455014787075,1,MEDIUM,1.0,180.1,Low Value,Automated Campaign,Low-cost automated campaign
12623.0,185,1,305.1,191,18,305.1,0,0.0,1,0.7117877123602772,1,HIGH,1.0,305.1,Low Value,Automated Campaign,Low-cost automated campaign
12624.0,15,2,641.13,355,36,320.565,71,71.0,1,0.5039916600653752,1,MEDIUM,10.28169014084507,3295.95,High Value,Priority Retain,Priority retention offer
12625.0,121,2,2683.82,1612,73,1341.91,107,107.0,1,0.5454526069071816,1,MEDIUM,6.822429906542055,9155.08691588785,High Value,Priority Retain,Priority retention offer
12626.0,22,6,4774.0,2337,170,795.6666666666666,214,42.0,0,0.06677927691760197,0,LOW,10.233644859813083,8142.570093457943,High Value,VIP Loyal,Loyalty program
12627.0,5,5,2727.83,1575,112,545.566,44,11.0,0,0.1992760007526876,0,LOW,41.47727272727273,22628.589772727275,High Value,VIP Loyal,Loyalty program
12633.0,39,3,1948.75,1068,66,649.5833333333334,158,79.0,0,0.34815957475466375,0,LOW,6.930379746835443,4501.859177215189,High Value,VIP Loyal,Loyalty program
12635.0,64,1,683.64,399,40,683.64,0,0.0,0,0.5863315964930624,1,MEDIUM,1.0,683.64,Low Value,Automated Campaign,Low-cost automated campaign
12637.0,1,7,5658.9,2842,176,808.4142857142857,232,38.0,0,0.044039551832944876,0,LOW,11.012931034482758,8903.010775862069,High Value,VIP Loyal,Loyalty program
12639.0,148,1,486.1,201,22,486.1,0,0.0,1,0.684192791281297,1,MEDIUM,1.0,486.1,Low Value,Automated Campaign,Low-cost automated campaign
12641.0,24,1,185.9,72,10,185.9,0,0.0,1,0.5896484343617819,1,MEDIUM,1.0,185.9,Low Value,Automated Campaign,Low-cost automated campaign
12642.0,17,1,366.45,277,24,366.45,0,0.0,0,0.5623318963192852,1,MEDIUM,1.0,366.45,Low Value,Automated Campaign,Low-cost automated campaign
12643.0,37,6,3344.64,1808,11,557.4399999999999,204,40.0,1,0.25858387334854166,0,LOW,10.735294117647058,5984.282352941175,High Value,VIP Loyal,Loyalty program
12644.0,39,1,477.91,325,31,477.91,0,0.0,1,0.5727192337868919,1,MEDIUM,1.0,477.91,Low Value,Automated Campaign,Low-cost automated campaign
12645.0,19,3,1310.8600000000001,825,52,436.9533333333334,206,103.0,0,0.3441902695000547,0,LOW,5.315533980582524,2322.640291262136,High Value,VIP Loyal,Loyalty program
12647.0,35,9,2886.71,1040,64,320.74555555555554,242,30.0,0,0.11124679637390948,0,LOW,13.574380165289256,4353.922107438017,High Value,VIP Loyal,Loyalty program
12648.0,64,1,318.05,160,21,318.05,0,0.0,1,0.6080998450177965,1,MEDIUM,1.0,318.05,Low Value,Automated Campaign,Low-cost automated campaign
12649.0,16,3,623.51,586,28,207.83666666666667,105,52.0,1,0.43117329902796053,0,MEDIUM,10.428571428571429,2167.439523809524,High Value,Priority Retain,Priority retention offer
12651.0,244,1,114.0,78,9,114.0,0,0.0,1,0.7610288229439192,1,HIGH,1.0,114.0,Low Value,Automated Campaign,Low-cost automated campaign
12652.0,240,1,919.98,505,48,919.98,0,0.0,1,0.7252684752447974,1,HIGH,1.0,919.98,Low Value,Automated Campaign,Low-cost automated campaign
12653.0,58,2,2209.85,919,37,1104.925,147,147.0,1,0.5693992322363707,1,MEDIUM,4.965986394557823,5487.042517006802,High Value,Priority Retain,Priority retention offer
12654.0,107,3,337.75,151,19,112.58333333333333,97,48.0,0,0.5385233125185934,1,MEDIUM,11.288659793814432,1270.914948453608,Low Value,Automated Campaign,Low-cost automated campaign
12656.0,25,3,2820.67,1280,51,940.2233333333334,117,58.0,0,0.3791128609696377,0,LOW,9.358974358974358,8799.526068376068,High Value,VIP Loyal,Loyalty program
12662.0,16,7,2653.66,1400,96,379.0942857142857,266,44.0,0,0.1012532640909833,0,LOW,9.605263157894736,3641.3003759398493,High Value,VIP Loyal,Loyalty program
12664.0,53,3,1957.48,505,10,652.4933333333333,179,89.0,0,0.4719876538019317,1,MEDIUM,6.11731843575419,3991.509497206704,High Value,Priority Retain,Priority retention offer
12665.0,234,1,63.0,37,3,63.0,0,0.0,1,0.7620686593982999,1,HIGH,1.0,63.0,Low Value,Automated Campaign,Low-cost automated campaign
12668.0,168,3,2924.4700000000003,1334,104,974.8233333333334,96,48.0,0,0.40028068045990417,0,MEDIUM,11.406250000000002,11119.078645833335,High Value,Priority Retain,Priority retention offer
12669.0,60,3,2744.0299999999997,1115,98,914.6766666666666,105,52.0,1,0.31909199393122817,0,LOW,10.428571428571429,9538.770952380952,High Value,VIP Loyal,Loyalty program
12670.0,8,3,1634.47,761,40,544.8233333333334,133,66.0,0,0.38521840086469195,0,LOW,8.233082706766917,4485.575563909774,High Value,VIP Loyal,Loyalty program
12672.0,239,1,225.89999999999998,78,10,225.89999999999998,0,0.0,1,0.7605354148417292,1,HIGH,1.0,225.89999999999998,Low Value,Automated Campaign,Low-cost automated campaign
12673.0,236,1,220.9,171,23,220.9,0,0.0,0,0.7365355473476072,1,HIGH,1.0,220.9,Low Value,Automated Campaign,Low-cost automated campaign
12674.0,1,3,1402.0,787,42,467.3333333333333,116,58.0,0,0.38234707703947185,0,LOW,9.439655172413792,4411.465517241379,High Value,VIP Loyal,Loyalty program
12676.0,33,4,998.0500000000001,494,21,249.51250000000002,187,62.0,0,0.3620250526635859,0,LOW,7.807486631016043,1948.0655080213905,High Value,VIP Loyal,Loyalty program
12678.0,10,9,8282.26,5195,78,920.2511111111112,253,31.0,0,0.05561031216960462,0,LOW,12.984189723320158,11948.715019762847,High Value,VIP Loyal,Loyalty program
12679.0,115,2,906.38,407,43,453.19,77,77.0,0,0.5829630424326514,1,MEDIUM,9.480519480519481,4296.476623376624,High Value,Priority Retain,Priority retention offer
12680.0,22,1,311.78,230,20,311.78,0,0.0,0,0.5726673746150213,1,MEDIUM,1.0,311.78,Low Value,Automated Campaign,Low-cost automated campaign
12681.0,61,15,9866.58,5419,219,657.772,216,15.0,0,0.008193800995021584,0,LOW,25.34722222222222,16672.693055555555,High Value,VIP Loyal,Loyalty program
12682.0,10,20,8219.92,3531,149,410.996,270,14.0,0,0.006601010145571896,0,LOW,27.037037037037038,11112.114074074074,High Value,VIP Loyal,Loyalty program
12683.0,2,12,6622.19,3980,164,551.8491666666666,272,24.0,0,0.018398393165677533,0,LOW,16.102941176470587,8886.394669117646,High Value,VIP Loyal,Loyalty program
12684.0,80,4,1379.48,1274,37,344.87,42,14.0,0,0.44512853888443266,0,MEDIUM,34.76190476190476,11988.338095238094,High Value,Priority Retain,Priority retention offer
12685.0,2,2,1606.42,917,83,803.21,1,1.0,0,0.3896180499387892,0,LOW,365.0,293171.65,High Value,VIP Loyal,Loyalty program
12686.0,281,1,89.14,107,7,89.14,0,0.0,1,0.7867108029436269,1,HIGH,1.0,89.14,Low Value,Automated Campaign,Low-cost automated campaign
12688.0,23,1,4873.8099999999995,3028,171,4873.8099999999995,0,0.0,1,0.4818276788321959,1,MEDIUM,1.0,4873.8099999999995,High Value,Priority Retain,Priority retention offer
12689.0,37,1,511.03,281,34,511.03,0,0.0,0,0.5663399226292533,1,MEDIUM,1.0,511.03,Low Value,Automated Campaign,Low-cost automated campaign
12690.0,115,1,389.01,106,16,389.01,0,0.0,1,0.6649642779313363,1,MEDIUM,1.0,389.01,Low Value,Automated Campaign,Low-cost automated campaign
12691.0,54,4,556.3,198,16,139.075,212,70.0,0,0.38089655488384244,0,LOW,6.886792452830189,957.7806603773585,Low Value,Normal Marketing,Normal marketing
12693.0,36,4,855.91,255,35,213.9775,192,64.0,1,0.33601203120531176,0,LOW,7.604166666666668,1627.1205729166668,High Value,VIP Loyal,Loyalty program
12694.0,92,1,439.5,323,20,439.5,0,0.0,0,0.6398899003446338,1,MEDIUM,1.0,439.5,Low Value,Automated Campaign,Low-cost automated campaign
12695.0,16,2,333.90000000000003,172,17,166.95000000000002,102,102.0,0,0.5482246208001151,1,MEDIUM,7.156862745098039,1194.8382352941176,Low Value,Automated Campaign,Low-cost automated campaign
12697.0,40,2,733.91,359,27,366.955,37,37.0,0,0.5423606065113391,1,MEDIUM,19.72972972972973,7239.922972972972,High Value,Priority Retain,Priority retention offer
12700.0,65,2,2149.05,1376,110,1074.525,58,58.0,0,0.4010789317639882,0,MEDIUM,12.586206896551722,13524.193965517241,High Value,Priority Retain,Priority retention offer
12701.0,151,1,337.08,246,21,337.08,0,0.0,0,0.6813409283673335,1,MEDIUM,1.0,337.08,Low Value,Automated Campaign,Low-cost automated campaign
12704.0,15,3,1100.92,465,40,366.97333333333336,63,31.0,0,0.42005580456734753,0,MEDIUM,17.38095238095238,6378.346031746031,High Value,Priority Retain,Priority retention offer
12705.0,67,4,4162.52,2599,177,1040.63,198,66.0,0,0.12109053427769657,0,LOW,7.373737373737374,7673.332323232324,High Value,VIP Loyal,Loyalty program
12707.0,201,1,603.42,256,33,603.42,0,0.0,1,0.7098192485246095,1,HIGH,1.0,603.42,Low Value,Automated Campaign,Low-cost automated campaign
12708.0,11,7,2031.77,989,71,290.2528571428571,266,44.0,0,0.12663833293157936,0,LOW,9.605263157894736,2787.9550751879697,High Value,VIP Loyal,Loyalty program
12709.0,5,11,7200.79,2831,89,654.6172727272727,270,27.0,0,0.0394697865743385,0,LOW,14.870370370370372,9734.401296296297,High Value,VIP Loyal,Loyalty program
12710.0,6,3,1149.02,851,75,383.00666666666666,104,52.0,1,0.3248903436146578,0,LOW,10.528846153846153,4032.618269230769,High Value,VIP Loyal,Loyalty program
12712.0,16,11,3913.08,943,54,355.73454545454547,264,26.0,0,0.07558936179390512,0,LOW,15.208333333333332,5410.129545454545,High Value,VIP Loyal,Loyalty program
12714.0,16,4,3389.7,2258,167,847.425,187,62.0,0,0.11676490998014755,0,LOW,7.807486631016043,6616.259358288769,High Value,VIP Loyal,Loyalty program
12715.0,15,1,343.36,192,20,343.36,0,0.0,1,0.5681968549812033,1,MEDIUM,1.0,343.36,Low Value,Automated Campaign,Low-cost automated campaign
12716.0,42,1,677.9,503,45,677.9,0,0.0,0,0.555296095503711,1,MEDIUM,1.0,677.9,Low Value,Automated Campaign,Low-cost automated campaign
12717.0,60,2,1030.98,506,49,515.49,94,94.0,1,0.5241667274326605,1,MEDIUM,7.76595744680851,4003.2734042553193,High Value,Priority Retain,Priority retention offer
12720.0,3,17,3689.84,3084,164,217.0494117647059,274,17.0,0,0.012938173254055213,0,LOW,22.645985401459853,4915.297810218978,High Value,VIP Loyal,Loyalty program
12721.0,92,4,1698.91,1133,88,424.7275,171,57.0,0,0.2817023700148059,0,LOW,8.538011695906432,3626.328362573099,High Value,VIP Loyal,Loyalty program
12722.0,24,3,929.65,559,48,309.8833333333333,35,17.0,0,0.42184982055725145,0,MEDIUM,31.28571428571429,9694.92142857143,High Value,Priority Retain,Priority retention offer
12724.0,82,2,280.36,178,15,140.18,158,158.0,0,0.618660609090375,1,MEDIUM,4.620253164556962,647.6670886075949,Low Value,Automated Campaign,Low-cost automated campaign
12725.0,280,1,427.8,164,24,427.8,0,0.0,1,0.7729171957189473,1,HIGH,1.0,427.8,Low Value,Automated Campaign,Low-cost automated campaign
12726.0,94,5,1467.32,1942,40,293.464,172,43.0,0,0.3290620306858131,0,LOW,10.61046511627907,3113.789534883721,High Value,VIP Loyal,Loyalty program
12727.0,4,6,3337.7,1756,91,556.2833333333333,224,44.0,0,0.12613369587432594,0,LOW,9.776785714285714,5438.662946428571,High Value,VIP Loyal,Loyalty program
12728.0,166,3,617.31,256,29,205.76999999999998,74,37.0,0,0.5785165191191042,1,MEDIUM,14.797297297297296,3044.8398648648645,High Value,Priority Retain,Priority retention offer
12729.0,23,1,453.01,233,26,453.01,0,0.0,1,0.568131496403319,1,MEDIUM,1.0,453.01,Low Value,Automated Campaign,Low-cost automated campaign
12731.0,53,8,11324.25,5439,84,1415.53125,220,31.0,0,0.06335876897975462,0,LOW,13.272727272727273,18787.960227272728,High Value,VIP Loyal,Loyalty program
12732.0,89,1,236.26000000000002,111,12,236.26000000000002,0,0.0,1,0.6439564994212919,1,MEDIUM,1.0,236.26000000000002,Low Value,Automated Campaign,Low-cost automated campaign
12733.0,143,1,383.95,137,22,383.95,0,0.0,1,0.6755433277069655,1,MEDIUM,1.0,383.95,Low Value,Automated Campaign,Low-cost automated campaign
12734.0,262,1,110.39999999999999,88,4,110.39999999999999,0,0.0,1,0.7802539836840221,1,HIGH,1.0,110.39999999999999,Low Value,Automated Campaign,Low-cost automated campaign
12735.0,224,2,779.5699999999999,368,38,389.78499999999997,21,21.0,1,0.6762367698767127,1,MEDIUM,34.76190476190476,13549.669047619045,High Value,Priority Retain,Priority retention offer
12736.0,242,1,234.0,173,4,234.0,0,0.0,1,0.7720813812126242,1,HIGH,1.0,234.0,Low Value,Automated Campaign,Low-cost automated campaign
12738.0,281,1,155.35,148,11,155.35,0,0.0,1,0.7831166337455904,1,HIGH,1.0,155.35,Low Value,Automated Campaign,Low-cost automated campaign
12739.0,8,1,975.54,485,37,975.54,0,0.0,0,0.5580965927836089,1,MEDIUM,1.0,975.54,Low Value,Automated Campaign,Low-cost automated campaign
12743.0,43,2,540.13,315,114,270.065,0,0.0,1,0.3504558180628847,0,LOW,2.0,540.13,Low Value,Normal Marketing,Normal marketing
12744.0,54,5,14211.970000000001,4640,163,2842.3940000000002,173,43.0,0,0.06495329642163133,0,LOW,10.54913294797688,29984.7921965318,High Value,VIP Loyal,Loyalty program
12747.0,19,8,2769.4,862,34,346.175,259,37.0,0,0.14611257128574093,0,LOW,11.274131274131275,3902.822393822394,High Value,VIP Loyal,Loyalty program
12748.0,0,132,13873.21,9072,1165,105.10007575757575,282,2.0,0,7.740516033583551e-13,0,LOW,170.85106382978722,17956.459751773047,High Value,VIP Loyal,Loyalty program
12749.0,40,3,2755.23,1080,113,918.41,82,41.0,0,0.284149060719288,0,LOW,13.353658536585366,12264.133536585365,High Value,VIP Loyal,Loyalty program
12750.0,38,1,275.88,137,15,275.88,0,0.0,1,0.595896755049859,1,MEDIUM,1.0,275.88,Low Value,Automated Campaign,Low-cost automated campaign
12753.0,45,5,16620.91,9211,114,3324.182,226,56.0,0,0.06951994073387481,0,LOW,8.075221238938052,26843.50508849557,High Value,VIP Loyal,Loyalty program
12754.0,145,3,3010.74,6481,49,1003.5799999999999,72,36.0,1,0.49391569482258746,1,MEDIUM,15.208333333333334,15262.779166666665,High Value,Priority Retain,Priority retention offer
12755.0,190,2,3811.95,1491,4,1905.975,85,85.0,1,0.7471305441555481,1,HIGH,8.588235294117647,16368.96176470588,High Value,Priority Retain,Priority retention offer
12757.0,52,7,5281.08,918,89,754.4399999999999,68,11.0,0,0.1718772900170457,0,LOW,37.5735294117647,28346.97352941176,High Value,VIP Loyal,Loyalty program
12758.0,26,2,2791.59,2135,84,1395.795,159,159.0,1,0.4427882075042848,0,MEDIUM,4.591194968553459,6408.366981132076,High Value,Priority Retain,Priority retention offer
12759.0,81,2,1082.52,630,60,541.26,104,104.0,0,0.5209166053954715,1,MEDIUM,7.019230769230769,3799.228846153846,High Value,Priority Retain,Priority retention offer
12763.0,47,2,494.08,316,16,247.04,230,230.0,1,0.5987892641149681,1,MEDIUM,3.173913043478261,784.0834782608696,Low Value,Automated Campaign,Low-cost automated campaign
12764.0,226,1,1693.88,386,45,1693.88,0,0.0,1,0.7532017859713813,1,HIGH,1.0,1693.88,High Value,Priority Retain,Priority retention offer
12766.0,58,5,4952.1900000000005,2495,161,990.4380000000001,216,54.0,0,0.09768873983388938,0,LOW,8.449074074074074,8368.28402777778,High Value,VIP Loyal,Loyalty program
12769.0,148,1,1143.6,356,32,1143.6,0,0.0,1,0.6955729489804892,1,MEDIUM,1.0,1143.6,Low Value,Automated Campaign,Low-cost automated campaign
12770.0,120,1,1351.45,743,12,1351.45,0,0.0,1,0.7193312885994181,1,HIGH,1.0,1351.45,Low Value,Automated Campaign,Low-cost automated campaign
12775.0,99,4,1164.68,740,36,291.17,121,40.0,0,0.42228645199539894,0,MEDIUM,12.066115702479339,3513.2909090909093,High Value,Priority Retain,Priority retention offer
12778.0,92,4,492.06,458,25,123.015,129,43.0,0,0.44251507024343867,0,MEDIUM,11.317829457364342,1392.2627906976745,High Value,Priority Retain,Priority retention offer
12779.0,99,7,2999.41,1385,68,428.4871428571428,181,30.0,0,0.19808417770704573,0,LOW,14.116022099447513,6048.533977900552,High Value,VIP Loyal,Loyalty program
12781.0,194,1,549.26,346,15,549.26,0,0.0,0,0.7339404308794147,1,HIGH,1.0,549.26,Low Value,Automated Campaign,Low-cost automated campaign
12782.0,59,4,2078.67,958,73,519.6675,207,69.0,0,0.26498695230831926,0,LOW,7.053140096618358,3665.2876811594206,High Value,VIP Loyal,Loyalty program
12785.0,273,1,311.95,131,14,311.95,0,0.0,1,0.7794671360782512,1,HIGH,1.0,311.95,Low Value,Automated Campaign,Low-cost automated campaign
12787.0,1,2,344.65999999999997,210,15,172.32999999999998,101,101.0,0,0.5388845167513397,1,MEDIUM,7.227722772277229,1245.5534653465347,Low Value,Automated Campaign,Low-cost automated campaign
12790.0,101,1,324.92,166,21,324.92,0,0.0,1,0.6400914142560821,1,MEDIUM,1.0,324.92,Low Value,Automated Campaign,Low-cost automated campaign
12791.0,283,1,192.60000000000002,97,2,192.60000000000002,0,0.0,1,0.7988566094487071,1,HIGH,1.0,192.60000000000002,Low Value,Automated Campaign,Low-cost automated campaign
12792.0,166,1,400.53999999999996,217,25,400.53999999999996,0,0.0,1,0.6885976445877777,1,MEDIUM,1.0,400.53999999999996,Low Value,Automated Campaign,Low-cost automated campaign
12793.0,244,2,545.48,295,21,272.74,36,36.0,1,0.7227512397783838,1,HIGH,20.27777777777778,5530.561111111111,High Value,Priority Retain,Priority retention offer
12794.0,8,1,317.0,227,20,317.0,0,0.0,0,0.560410855227172,1,MEDIUM,1.0,317.0,Low Value,Automated Campaign,Low-cost automated campaign
12797.0,275,1,254.03,118,13,254.03,0,0.0,1,0.7800943982064764,1,HIGH,1.0,254.03,Low Value,Automated Campaign,Low-cost automated campaign
12798.0,80,1,1607.04,2256,6,1607.04,0,0.0,0,0.7081908155065629,1,HIGH,1.0,1607.04,High Value,Priority Retain,Priority retention offer
12802.0,96,1,427.58,314,25,427.58,0,0.0,1,0.6324988545845405,1,MEDIUM,1.0,427.58,Low Value,Automated Campaign,Low-cost automated campaign
12808.0,94,2,281.35,108,16,140.675,184,184.0,0,0.6308170324094067,1,MEDIUM,3.9673913043478257,558.1127717391304,Low Value,Automated Campaign,Low-cost automated campaign
12809.0,87,1,489.31,220,25,489.31,0,0.0,1,0.6282224320097025,1,MEDIUM,1.0,489.31,Low Value,Automated Campaign,Low-cost automated campaign
12811.0,170,3,514.85,230,27,171.61666666666667,23,11.0,1,0.6056273338346735,1,MEDIUM,47.60869565217391,8170.445652173912,High Value,Priority Retain,Priority retention offer
12814.0,11,1,125.92,49,2,125.92,0,0.0,1,0.5921236831585965,1,MEDIUM,1.0,125.92,Low Value,Automated Campaign,Low-cost automated campaign
12815.0,57,2,1063.46,379,38,531.73,50,50.0,1,0.5395433160391836,1,MEDIUM,14.600000000000001,7763.258000000001,High Value,Priority Retain,Priority retention offer
12816.0,5,2,572.2,128,27,286.1,80,80.0,1,0.5158870224067005,1,MEDIUM,9.125,2610.6625000000004,High Value,Priority Retain,Priority retention offer
12817.0,190,1,166.04,53,4,166.04,0,0.0,1,0.7343754565744429,1,HIGH,1.0,166.04,Low Value,Automated Campaign,Low-cost automated campaign
12818.0,171,1,1542.08,929,14,1542.08,0,0.0,1,0.7593259955283418,1,HIGH,1.0,1542.08,High Value,Priority Retain,Priority retention offer
12820.0,236,1,170.46,146,11,170.46,0,0.0,0,0.7545520382863627,1,HIGH,1.0,170.46,Low Value,Automated Campaign,Low-cost automated campaign
12821.0,123,1,92.72,70,6,92.72,0,0.0,1,0.6767156136988257,1,MEDIUM,1.0,92.72,Low Value,Automated Campaign,Low-cost automated campaign
12823.0,36,4,1224.0,160,1,306.0,169,56.0,0,0.4152529861295429,0,MEDIUM,8.63905325443787,2643.550295857988,High Value,Priority Retain,Priority retention offer
12826.0,88,4,818.62,721,50,204.655,186,62.0,0,0.35128374811663854,0,LOW,7.849462365591398,1606.4317204301076,High Value,VIP Loyal,Loyalty program
12828.0,8,3,415.51,157,23,138.50333333333333,31,15.0,0,0.46557957918951437,1,MEDIUM,35.32258064516129,4892.2951612903225,High Value,Priority Retain,Priority retention offer
12829.0,246,2,293.0,376,9,146.5,23,23.0,1,0.7408068186215567,1,HIGH,31.739130434782606,4649.782608695652,High Value,Priority Retain,Priority retention offer
12830.0,0,5,6414.32,8696,13,1282.864,80,20.0,0,0.28616219545897387,0,LOW,22.8125,29265.335,High Value,VIP Loyal,Loyalty program
12831.0,171,1,215.05,135,9,215.05,0,0.0,1,0.7136772618152641,1,HIGH,1.0,215.05,Low Value,Automated Campaign,Low-cost automated campaign
12832.0,7,1,267.8,132,18,267.8,0,0.0,0,0.5614781628929425,1,MEDIUM,1.0,267.8,Low Value,Automated Campaign,Low-cost automated campaign
12833.0,54,1,417.38,156,24,417.38,0,0.0,1,0.5982246127747105,1,MEDIUM,1.0,417.38,Low Value,Automated Campaign,Low-cost automated campaign
12834.0,192,1,312.38,110,18,312.38,0,0.0,1,0.7175048452712623,1,HIGH,1.0,312.38,Low Value,Automated Campaign,Low-cost automated campaign
12836.0,46,3,2112.53,858,110,704.1766666666667,174,87.0,0,0.2662635028158306,0,LOW,6.293103448275862,4431.456609195403,High Value,VIP Loyal,Loyalty program
12837.0,82,1,134.1,24,12,134.1,0,0.0,1,0.6331594415267355,1,MEDIUM,1.0,134.1,Low Value,Automated Campaign,Low-cost automated campaign
12838.0,283,1,390.79,228,59,390.79,0,0.0,0,0.7147912765986193,1,HIGH,1.0,390.79,Low Value,Automated Campaign,Low-cost automated campaign
12839.0,1,9,3097.39,2071,73,344.15444444444444,274,34.0,0,0.0820655181696191,0,LOW,11.989051094890511,4126.085218978103,High Value,VIP Loyal,Loyalty program
12840.0,53,4,2726.77,1511,67,681.6925,82,27.0,1,0.3250994851603294,0,LOW,17.804878048780488,12137.451829268293,High Value,VIP Loyal,Loyalty program
12841.0,16,17,2829.91,1805,167,166.46529411764706,265,16.0,0,0.015045325231531204,0,LOW,23.41509433962264,3897.8005660377357,High Value,VIP Loyal,Loyalty program
12842.0,218,1,310.73,157,14,310.73,0,0.0,0,0.7429440592462486,1,HIGH,1.0,310.73,Low Value,Automated Campaign,Low-cost automated campaign
12843.0,69,7,1692.31,780,68,241.75857142857143,104,17.0,0,0.23689586826017628,0,LOW,24.567307692307693,5939.357211538462,High Value,VIP Loyal,Loyalty program
12844.0,39,1,174.88,77,27,174.88,0,0.0,0,0.565880108442366,1,MEDIUM,1.0,174.88,Low Value,Automated Campaign,Low-cost automated campaign
12845.0,176,4,354.09,204,26,88.5225,22,7.0,1,0.5798223797876951,1,MEDIUM,66.36363636363636,5874.674999999999,High Value,Priority Retain,Priority retention offer
12849.0,178,1,668.8499999999999,489,33,668.8499999999999,0,0.0,0,0.6947023459961302,1,MEDIUM,1.0,668.8499999999999,Low Value,Automated Campaign,Low-cost automated campaign
12851.0,6,1,131.81,106,43,131.81,0,0.0,1,0.4985097493870698,1,MEDIUM,1.0,131.81,Low Value,Automated Campaign,Low-cost automated campaign
12852.0,204,1,311.55,149,17,311.55,0,0.0,1,0.7279191899569796,1,HIGH,1.0,311.55,Low Value,Automated Campaign,Low-cost automated campaign
12853.0,44,6,1957.1000000000001,800,66,326.18333333333334,181,36.0,1,0.20746698316642218,0,LOW,12.099447513812155,3946.6381215469614,High Value,VIP Loyal,Loyalty program
12854.0,150,2,810.37,422,71,405.185,77,77.0,0,0.5526284444167167,1,MEDIUM,9.480519480519481,3841.364285714286,High Value,Priority Retain,Priority retention offer
12855.0,282,1,38.1,30,3,38.1,0,0.0,1,0.7914775911742625,1,HIGH,1.0,38.1,Low Value,Automated Campaign,Low-cost automated campaign
12857.0,120,2,1106.4,343,37,553.2,91,91.0,1,0.6046632586484025,1,MEDIUM,8.021978021978022,4437.758241758242,High Value,Priority Retain,Priority retention offer
12864.0,47,1,147.12,216,3,147.12,0,0.0,1,0.6219961649487118,1,MEDIUM,1.0,147.12,Low Value,Automated Campaign,Low-cost automated campaign
12865.0,33,1,981.38,550,58,981.38,0,0.0,0,0.535002424375299,1,MEDIUM,1.0,981.38,Low Value,Automated Campaign,Low-cost automated campaign
12866.0,192,1,559.12,171,26,559.12,0,0.0,1,0.7139489709052093,1,HIGH,1.0,559.12,Low Value,Automated Campaign,Low-cost automated campaign
12867.0,5,6,3015.96,3366,206,502.66,263,52.0,0,0.04502014647053631,0,LOW,8.32699619771863,4185.647908745247,High Value,VIP Loyal,Loyalty program
12868.0,95,6,1607.0600000000002,928,72,267.84333333333336,187,37.0,1,0.23078496155944847,0,LOW,11.711229946524064,3136.7748663101606,High Value,VIP Loyal,Loyalty program
12871.0,116,1,132.0,80,4,132.0,0,0.0,0,0.6768262105095916,1,MEDIUM,1.0,132.0,Low Value,Automated Campaign,Low-cost automated campaign
12872.0,236,2,599.97,319,58,299.985,38,38.0,1,0.647174810646375,1,MEDIUM,19.210526315789473,5762.869736842105,High Value,Priority Retain,Priority retention offer
12873.0,191,1,374.0,128,4,374.0,0,0.0,1,0.7436402718307973,1,HIGH,1.0,374.0,Low Value,Automated Campaign,Low-cost automated campaign
12875.0,52,2,343.2300000000001,2019,1,171.61500000000004,219,219.0,1,0.6265948124708712,1,MEDIUM,3.3333333333333335,572.0500000000002,Low Value,Automated Campaign,Low-cost automated campaign
12876.0,105,1,726.43,651,34,726.43,0,0.0,0,0.6359282467909178,1,MEDIUM,1.0,726.43,Low Value,Automated Campaign,Low-cost automated campaign
12877.0,34,9,1059.23,705,41,117.69222222222223,233,29.0,0,0.15559842900750254,0,LOW,14.09871244635193,1659.3087982832617,High Value,VIP Loyal,Loyalty program
12878.0,145,2,854.99,547,38,427.495,29,29.0,1,0.6117802165342037,1,MEDIUM,25.172413793103445,10761.081034482757,High Value,Priority Retain,Priority retention offer
12879.0,1,1,140.5,58,4,140.5,0,0.0,0,0.579743255574322,1,MEDIUM,1.0,140.5,Low Value,Automated Campaign,Low-cost automated campaign
12881.0,185,1,298.0,21,7,298.0,0,0.0,1,0.7313207432059349,1,HIGH,1.0,298.0,Low Value,Automated Campaign,Low-cost automated campaign
12885.0,33,1,645.35,346,39,645.35,0,0.0,0,0.5589215015233221,1,MEDIUM,1.0,645.35,Low Value,Automated Campaign,Low-cost automated campaign
12886.0,129,1,775.0,416,47,775.0,0,0.0,0,0.6327458792996054,1,MEDIUM,1.0,775.0,Low Value,Automated Campaign,Low-cost automated campaign
12888.0,123,2,354.12,76,4,177.06,41,41.0,1,0.6598914834621754,1,MEDIUM,17.804878048780488,3152.531707317073,High Value,Priority Retain,Priority retention offer
12891.0,95,3,331.0,950,2,110.33333333333333,107,53.0,1,0.5586083631447434,1,MEDIUM,10.233644859813083,1129.1121495327102,Low Value,Automated Campaign,Low-cost automated campaign
12897.0,114,2,216.5,110,3,108.25,97,97.0,1,0.6606951124607198,1,MEDIUM,7.525773195876289,814.6649484536082,Low Value,Automated Campaign,Low-cost automated campaign
12901.0,18,19,11639.470000000001,12420,29,612.6036842105264,162,9.0,0,0.020358728993045437,0,LOW,42.80864197530864,26224.731790123456,High Value,VIP Loyal,Loyalty program
12902.0,174,1,138.68,66,10,138.68,0,0.0,1,0.7108702994281526,1,HIGH,1.0,138.68,Low Value,Automated Campaign,Low-cost automated campaign
12904.0,81,1,244.69,165,32,244.69,0,0.0,0,0.595912880082848,1,MEDIUM,1.0,244.69,Low Value,Automated Campaign,Low-cost automated campaign
12908.0,85,2,750.0,1200,1,375.0,136,136.0,1,0.649179332819271,1,MEDIUM,5.367647058823529,2012.8676470588234,High Value,Priority Retain,Priority retention offer
12909.0,111,3,1528.37,786,55,509.45666666666665,51,25.0,0,0.4768323476758628,1,MEDIUM,21.470588235294116,10938.334313725489,High Value,Priority Retain,Priority retention offer
12910.0,43,4,1486.9,830,26,371.725,107,35.0,0,0.39853400053512744,0,LOW,13.64485981308411,5072.1355140186915,High Value,VIP Loyal,Loyalty program
12913.0,192,3,866.39,345,12,288.7966666666667,85,42.0,0,0.6314311784851091,1,MEDIUM,12.882352941176471,3720.3805882352945,High Value,Priority Retain,Priority retention offer
12915.0,58,2,363.65,93,19,181.825,223,223.0,1,0.6001540576641738,1,MEDIUM,3.2735426008968607,595.2118834080717,Low Value,Automated Campaign,Low-cost automated campaign
12916.0,48,4,2944.95,1083,53,736.2375,181,60.0,1,0.29757424810733857,0,LOW,8.066298342541437,5938.71132596685,High Value,VIP Loyal,Loyalty program
12917.0,37,1,594.0,120,2,594.0,0,0.0,1,0.6384477727138864,1,MEDIUM,1.0,594.0,Low Value,Automated Campaign,Low-cost automated campaign
12919.0,26,3,441.65,203,12,147.21666666666667,53,26.0,0,0.49723424296328245,1,MEDIUM,20.660377358490567,3041.551886792453,High Value,Priority Retain,Priority retention offer
12921.0,7,24,10083.47,6051,173,420.1445833333333,274,11.0,0,0.0025238310613630846,0,LOW,31.970802919708028,13432.359671532844,High Value,VIP Loyal,Loyalty program
12922.0,70,1,405.38,370,28,405.38,0,0.0,1,0.6025745543657188,1,MEDIUM,1.0,405.38,Low Value,Automated Campaign,Low-cost automated campaign
12924.0,107,3,655.27,285,10,218.42333333333332,129,64.0,0,0.5444955765244016,1,MEDIUM,8.488372093023257,1854.058527131783,High Value,Priority Retain,Priority retention offer
12928.0,57,3,1136.14,690,42,378.71333333333337,211,105.0,0,0.39531501309526945,0,LOW,5.18957345971564,1965.3606635071092,High Value,VIP Loyal,Loyalty program
12929.0,221,1,117.85,37,8,117.85,0,0.0,1,0.7473473332564354,1,HIGH,1.0,117.85,Low Value,Automated Campaign,Low-cost automated campaign
12930.0,80,1,221.56,108,14,221.56,0,0.0,0,0.631570716656423,1,MEDIUM,1.0,221.56,Low Value,Automated Campaign,Low-cost automated campaign
12931.0,11,11,32530.7,21384,27,2957.336363636364,256,25.0,0,0.006056568330973638,0,LOW,15.68359375,46381.662109375,High Value,VIP Loyal,Loyalty program
12933.0,80,2,357.49,378,48,178.745,112,112.0,0,0.5396568772019339,1,MEDIUM,6.517857142857142,1165.034375,Low Value,Automated Campaign,Low-cost automated campaign
12935.0,19,4,1535.34,1268,58,383.835,209,69.0,0,0.26407596414195045,0,LOW,6.9856459330143545,2681.335406698565,High Value,VIP Loyal,Loyalty program
12937.0,106,2,428.23,268,27,214.115,69,69.0,0,0.602731908440315,1,MEDIUM,10.579710144927537,2265.2746376811597,High Value,Priority Retain,Priority retention offer
12939.0,47,4,7990.08,3208,20,1997.52,196,65.0,0,0.3060718645432039,0,LOW,7.448979591836735,14879.485714285714,High Value,VIP Loyal,Loyalty program
12942.0,40,3,675.6,198,68,225.20000000000002,234,117.0,1,0.3228396514420789,0,LOW,4.679487179487179,1053.8205128205127,Low Value,Normal Marketing,Normal marketing
12944.0,264,1,286.95,145,14,286.95,0,0.0,0,0.7727895421942506,1,HIGH,1.0,286.95,Low Value,Automated Campaign,Low-cost automated campaign
12945.0,197,1,462.95,165,23,462.95,0,0.0,1,0.718787773083494,1,HIGH,1.0,462.95,Low Value,Automated Campaign,Low-cost automated campaign
12947.0,53,6,1603.99,1165,83,267.33166666666665,229,45.0,1,0.17070805732390187,0,LOW,9.563318777292578,2556.5779475982536,High Value,VIP Loyal,Loyalty program
12948.0,14,4,1423.96,799,64,355.99,159,53.0,0,0.275408771148842,0,LOW,9.182389937106919,3268.838993710692,High Value,VIP Loyal,Loyalty program
12949.0,23,7,3449.42,2048,144,492.7742857142857,138,23.0,0,0.09507093436288906,0,LOW,18.514492753623188,9123.465942028985,High Value,VIP Loyal,Loyalty program
12951.0,83,5,751.78,331,39,150.356,157,39.0,0,0.34354414837033503,0,LOW,11.624203821656051,1747.7687898089173,High Value,VIP Loyal,Loyalty program
12955.0,2,6,1843.36,1526,42,307.22666666666663,175,35.0,0,0.22020428497672584,0,LOW,12.514285714285714,3844.722285714285,High Value,VIP Loyal,Loyalty program
12956.0,215,1,108.07,34,19,108.07,0,0.0,1,0.7238511477267787,1,HIGH,1.0,108.07,Low Value,Automated Campaign,Low-cost automated campaign
12957.0,95,4,1715.29,1248,97,428.8225,153,51.0,0,0.27599710086663565,0,LOW,9.542483660130719,4092.0316993464053,High Value,VIP Loyal,Loyalty program
12962.0,22,1,170.54000000000002,78,11,170.54000000000002,0,0.0,0,0.5849187651364702,1,MEDIUM,1.0,170.54000000000002,Low Value,Automated Campaign,Low-cost automated campaign
12963.0,275,1,365.8,172,16,365.8,0,0.0,0,0.7796276766134564,1,HIGH,1.0,365.8,Low Value,Automated Campaign,Low-cost automated campaign
12967.0,267,2,1660.9,438,19,830.45,13,13.0,1,0.7497095589378191,1,HIGH,56.15384615384615,46632.96153846154,High Value,Priority Retain,Priority retention offer
12968.0,21,1,135.95,73,5,135.95,0,0.0,1,0.5950128427898025,1,MEDIUM,1.0,135.95,Low Value,Automated Campaign,Low-cost automated campaign
12970.0,231,2,23.8,8,8,11.9,0,0.0,0,0.7273771704855492,1,HIGH,2.0,23.8,Low Value,Automated Campaign,Low-cost automated campaign
12971.0,1,64,8165.320000000001,5916,80,127.58312500000001,279,4.0,0,6.0394388145949495e-05,0,LOW,83.72759856630825,10682.228673835127,High Value,VIP Loyal,Loyalty program
12974.0,107,1,144.8,24,8,144.8,0,0.0,1,0.6625257376172715,1,MEDIUM,1.0,144.8,Low Value,Automated Campaign,Low-cost automated campaign
12976.0,121,1,738.6,561,22,738.6,0,0.0,1,0.6738091641757337,1,MEDIUM,1.0,738.6,Low Value,Automated Campaign,Low-cost automated campaign
12977.0,65,1,39.239999999999995,12,9,39.239999999999995,0,0.0,1,0.6200336652261078,1,MEDIUM,1.0,39.239999999999995,Low Value,Automated Campaign,Low-cost automated campaign
12980.0,67,9,7374.900000000001,886,6,819.4333333333334,200,25.0,1,0.1557440634907299,0,LOW,16.425,13459.192500000001,High Value,VIP Loyal,Loyalty program
12981.0,42,1,187.18,134,11,187.18,0,0.0,0,0.6032348764673903,1,MEDIUM,1.0,187.18,Low Value,Automated Campaign,Low-cost automated campaign
12982.0,152,1,390.54,288,28,390.54,0,0.0,1,0.6710841823500571,1,MEDIUM,1.0,390.54,Low Value,Automated Campaign,Low-cost automated campaign
12987.0,107,1,304.3,108,14,304.3,0,0.0,0,0.658242814697576,1,MEDIUM,1.0,304.3,Low Value,Automated Campaign,Low-cost automated campaign
12988.0,201,1,505.82,126,75,505.82,0,0.0,1,0.623592172804021,1,MEDIUM,1.0,505.82,Low Value,Automated Campaign,Low-cost automated campaign
12989.0,67,8,4469.14,2046,14,558.6425,206,29.0,0,0.19828843113911973,0,LOW,14.174757281553397,7918.621844660194,High Value,VIP Loyal,Loyalty program
12990.0,94,2,263.9,130,5,131.95,124,124.0,0,0.644397171206457,1,MEDIUM,5.887096774193549,776.8024193548387,Low Value,Automated Campaign,Low-cost automated campaign
12991.0,21,1,303.56,361,22,303.56,0,0.0,0,0.566655013316306,1,MEDIUM,1.0,303.56,Low Value,Automated Campaign,Low-cost automated campaign
12993.0,30,3,372.4,204,23,124.13333333333333,177,88.0,0,0.42803882474923344,0,MEDIUM,6.186440677966101,767.9435028248587,Low Value,Automated Campaign,Low-cost automated campaign
12994.0,29,2,645.47,303,38,322.735,148,148.0,0,0.524416203681255,1,MEDIUM,4.9324324324324325,1591.8685810810812,High Value,Priority Retain,Priority retention offer
12997.0,145,2,608.47,300,30,304.235,80,80.0,0,0.6336156474361146,1,MEDIUM,9.125,2776.1443750000003,High Value,Priority Retain,Priority retention offer
12999.0,105,3,455.88,342,25,151.96,49,24.0,1,0.5417411231583654,1,MEDIUM,22.346938775510203,3395.840816326531,High Value,Priority Retain,Priority retention offer
13000.0,16,3,534.85,379,30,178.28333333333333,258,129.0,1,0.36991877569991705,0,LOW,4.244186046511628,756.6676356589148,Low Value,Normal Marketing,Normal marketing
13001.0,67,11,8582.57,4864,154,780.2336363636364,168,16.0,0,0.03394285726948536,0,LOW,23.898809523809526,18646.65505952381,High Value,VIP Loyal,Loyalty program
13002.0,227,1,120.94999999999999,73,7,120.94999999999999,0,0.0,1,0.7531499606396868,1,HIGH,1.0,120.94999999999999,Low Value,Automated Campaign,Low-cost automated campaign
13003.0,15,3,149.05,103,4,49.68333333333334,109,54.0,1,0.4835014348050923,1,MEDIUM,10.045871559633028,499.112385321101,Low Value,Automated Campaign,Low-cost automated campaign
13004.0,23,12,3785.09,3275,193,315.4241666666667,243,22.0,0,0.02230802936695377,0,LOW,18.02469135802469,5685.423251028807,High Value,VIP Loyal,Loyalty program
13005.0,83,2,513.7,172,21,256.85,72,72.0,1,0.596954801517296,1,MEDIUM,10.13888888888889,2604.1736111111113,High Value,Priority Retain,Priority retention offer
13008.0,232,1,229.46999999999997,175,14,229.46999999999997,0,0.0,1,0.749233996777709,1,HIGH,1.0,229.46999999999997,Low Value,Automated Campaign,Low-cost automated campaign
13011.0,281,1,50.550000000000004,13,3,50.550000000000004,0,0.0,1,0.7913538905113604,1,HIGH,1.0,50.550000000000004,Low Value,Automated Campaign,Low-cost automated campaign
13012.0,58,4,1012.3100000000001,511,42,253.07750000000001,146,48.0,0,0.3618862989075598,0,LOW,10.0,2530.775,High Value,VIP Loyal,Loyalty program
13013.0,2,9,3686.09,1758,137,409.5655555555556,278,34.0,0,0.04582570176268416,0,LOW,11.816546762589928,4839.650539568345,High Value,VIP Loyal,Loyalty program
13014.0,23,5,2022.48,616,53,404.496,167,41.0,0,0.2514274259943588,0,LOW,10.92814371257485,4420.390419161676,High Value,VIP Loyal,Loyalty program
13015.0,106,4,1763.04,705,80,440.76,52,17.0,0,0.3689240842331974,0,LOW,28.076923076923077,12375.184615384615,High Value,VIP Loyal,Loyalty program
13016.0,32,1,425.25,315,28,425.25,0,0.0,0,0.5701575832761953,1,MEDIUM,1.0,425.25,Low Value,Automated Campaign,Low-cost automated campaign
13018.0,2,18,5075.71,3864,242,281.9838888888889,203,11.0,0,0.006345675376649088,0,LOW,32.364532019704434,9126.276600985222,High Value,VIP Loyal,Loyalty program
13021.0,76,4,1152.47,527,48,288.1175,192,64.0,0,0.33989291931558874,0,LOW,7.604166666666668,2190.8934895833336,High Value,VIP Loyal,Loyalty program
13023.0,39,1,336.40000000000003,159,20,336.40000000000003,0,0.0,0,0.5892642142843187,1,MEDIUM,1.0,336.40000000000003,Low Value,Automated Campaign,Low-cost automated campaign
13026.0,2,3,604.2,900,13,201.4,182,91.0,0,0.42077571770024186,0,MEDIUM,6.016483516483516,1211.7197802197802,Low Value,Automated Campaign,Low-cost automated campaign
13027.0,23,6,6912.0,17280,6,1152.0,240,48.0,1,0.17226273578670218,0,LOW,9.125,10512.0,High Value,VIP Loyal,Loyalty program
13029.0,48,2,773.1999999999999,92,6,386.59999999999997,214,214.0,0,0.6220131439187204,1,MEDIUM,3.4112149532710276,1318.7757009345792,Low Value,Automated Campaign,Low-cost automated campaign
13030.0,277,1,402.36,174,50,402.36,0,0.0,0,0.7269631736949312,1,HIGH,1.0,402.36,Low Value,Automated Campaign,Low-cost automated campaign
13033.0,266,1,190.55,83,11,190.55,0,0.0,1,0.7751423690760691,1,HIGH,1.0,190.55,Low Value,Automated Campaign,Low-cost automated campaign
13034.0,278,1,165.86,116,11,165.86,0,0.0,0,0.7817036158535938,1,HIGH,1.0,165.86,Low Value,Automated Campaign,Low-cost automated campaign
13035.0,170,1,333.0,212,12,333.0,0,0.0,0,0.7125967380341373,1,HIGH,1.0,333.0,Low Value,Automated Campaign,Low-cost automated campaign
13037.0,47,3,881.07,431,44,293.69,118,59.0,1,0.4197276041830648,0,MEDIUM,9.279661016949152,2725.3436440677965,High Value,Priority Retain,Priority retention offer
13038.0,93,2,591.76,280,22,295.88,106,106.0,0,0.6092022355469068,1,MEDIUM,6.886792452830189,2037.6641509433964,High Value,Priority Retain,Priority retention offer
13043.0,182,1,516.42,254,13,516.42,0,0.0,1,0.7275901697837208,1,HIGH,1.0,516.42,Low Value,Automated Campaign,Low-cost automated campaign
13044.0,200,1,560.47,429,33,560.47,0,0.0,1,0.7067328336471216,1,HIGH,1.0,560.47,Low Value,Automated Campaign,Low-cost automated campaign
13045.0,8,1,305.28000000000003,221,18,305.28000000000003,0,0.0,1,0.5641354765594673,1,MEDIUM,1.0,305.28000000000003,Low Value,Automated Campaign,Low-cost automated campaign
13046.0,175,1,197.72,76,14,197.72,0,0.0,0,0.7069802564626719,1,HIGH,1.0,197.72,Low Value,Automated Campaign,Low-cost automated campaign
13047.0,36,8,2682.01,1164,84,335.25125,246,35.0,0,0.10912809521654934,0,LOW,11.869918699186991,3979.405081300813,High Value,VIP Loyal,Loyalty program
13048.0,23,3,1358.55,947,69,452.84999999999997,213,106.0,0,0.3111084496757836,0,LOW,5.140845070422535,2328.0316901408446,High Value,VIP Loyal,Loyalty program
13049.0,227,1,153.78,78,7,153.78,0,0.0,0,0.7544647594283667,1,HIGH,1.0,153.78,Low Value,Automated Campaign,Low-cost automated campaign
13050.0,15,13,4509.74,2707,211,346.9030769230769,260,21.0,0,0.01443107106300063,0,LOW,18.25,6330.981153846154,High Value,VIP Loyal,Loyalty program
13052.0,121,1,348.15000000000003,222,18,348.15000000000003,0,0.0,1,0.66364503600508,1,MEDIUM,1.0,348.15000000000003,Low Value,Automated Campaign,Low-cost automated campaign
13055.0,123,1,344.86,252,22,344.86,0,0.0,0,0.6571444110990722,1,MEDIUM,1.0,344.86,Low Value,Automated Campaign,Low-cost automated campaign
13058.0,61,1,47.550000000000004,9,3,47.550000000000004,0,0.0,0,0.62943245035385,1,MEDIUM,1.0,47.550000000000004,Low Value,Automated Campaign,Low-cost automated campaign
13059.0,159,1,183.4,35,8,183.4,0,0.0,1,0.7052812570762098,1,HIGH,1.0,183.4,Low Value,Automated Campaign,Low-cost automated campaign
13060.0,163,1,307.53,123,15,307.53,0,0.0,1,0.7008874062841364,1,HIGH,1.0,307.53,Low Value,Automated Campaign,Low-cost automated campaign
13062.0,100,1,346.98,343,11,346.98,0,0.0,1,0.6599326771957735,1,MEDIUM,1.0,346.98,Low Value,Automated Campaign,Low-cost automated campaign
13064.0,62,2,659.25,284,31,329.625,174,174.0,0,0.5736400063092146,1,MEDIUM,4.195402298850575,1382.9094827586207,High Value,Priority Retain,Priority retention offer
13065.0,282,1,205.86,74,14,205.86,0,0.0,1,0.7812502937773023,1,HIGH,1.0,205.86,Low Value,Automated Campaign,Low-cost automated campaign
13068.0,229,1,165.0,100,1,165.0,0,0.0,0,0.7658283476929222,1,HIGH,1.0,165.0,Low Value,Automated Campaign,Low-cost automated campaign
13069.0,9,20,3870.02,5153,250,193.501,270,14.0,0,0.004202479061916758,0,LOW,27.037037037037038,5231.693703703704,High Value,VIP Loyal,Loyalty program
13070.0,101,1,228.8,110,9,228.8,0,0.0,1,0.6595240445199181,1,MEDIUM,1.0,228.8,Low Value,Automated Campaign,Low-cost automated campaign
13072.0,176,1,177.15,69,7,177.15,0,0.0,1,0.7194365966390442,1,HIGH,1.0,177.15,Low Value,Automated Campaign,Low-cost automated campaign
13075.0,39,1,919.61,485,22,919.61,0,0.0,1,0.6145545442303884,1,MEDIUM,1.0,919.61,Low Value,Automated Campaign,Low-cost automated campaign
13077.0,199,3,576.19,606,61,192.06333333333336,76,38.0,0,0.5370575551990452,1,MEDIUM,14.407894736842104,2767.2282894736845,High Value,Priority Retain,Priority retention offer
13078.0,16,15,6917.150000000001,2500,81,461.1433333333334,260,18.0,0,0.02732240430802647,0,LOW,21.05769230769231,9710.614423076926,High Value,VIP Loyal,Loyalty program
13079.0,0,2,59.5,10,1,29.75,49,49.0,0,0.557759733729083,1,MEDIUM,14.89795918367347,443.2142857142857,Low Value,Automated Campaign,Low-cost automated campaign
13080.0,88,1,58.08,120,6,58.08,0,0.0,1,0.6463233090359127,1,MEDIUM,1.0,58.08,Low Value,Automated Campaign,Low-cost automated campaign
13081.0,53,8,18870.12,12713,424,2358.765,227,32.0,0,0.0016696619636089203,0,LOW,12.863436123348018,30341.822907488986,High Value,VIP Loyal,Loyalty program
13082.0,35,9,3613.63,4324,63,401.51444444444445,212,26.0,1,0.11191356080388071,0,LOW,15.495283018867926,6221.5799528301895,High Value,VIP Loyal,Loyalty program
13085.0,67,2,416.08000000000004,216,17,208.04000000000002,137,137.0,1,0.599793693989904,1,MEDIUM,5.328467153284671,1108.534306569343,Low Value,Automated Campaign,Low-cost automated campaign
13089.0,9,71,43260.74,23782,537,609.3061971830986,270,3.0,0,6.750928592623127e-09,0,LOW,95.98148148148148,58482.11148148148,High Value,VIP Loyal,Loyalty program
13090.0,45,9,4912.02,1133,56,545.7800000000001,236,29.0,0,0.10671211369624109,0,LOW,13.919491525423728,7596.980084745764,High Value,VIP Loyal,Loyalty program
13092.0,121,4,439.75,95,15,109.9375,147,49.0,0,0.4817845596198039,1,MEDIUM,9.931972789115646,1091.8962585034012,Low Value,Automated Campaign,Low-cost automated campaign
13093.0,185,8,7832.47,3961,97,979.05875,97,13.0,1,0.16193211466825702,0,LOW,30.103092783505154,29472.69639175258,High Value,VIP Loyal,Loyalty program
13094.0,39,10,1545.72,1356,4,154.572,239,26.0,0,0.1746612179057249,0,LOW,15.271966527196653,2360.6184100418413,High Value,VIP Loyal,Loyalty program
13097.0,32,8,4636.51,1861,181,579.56375,237,33.0,0,0.04282437626175135,0,LOW,12.320675105485233,7140.616666666668,High Value,VIP Loyal,Loyalty program
13098.0,3,18,15169.46,8701,110,842.7477777777777,223,13.0,0,0.00635924682000094,0,LOW,29.461883408071746,24828.936771300443,High Value,VIP Loyal,Loyalty program
13099.0,8,1,207.35999999999999,288,1,207.35999999999999,0,0.0,1,0.5952322019805191,1,MEDIUM,1.0,207.35999999999999,Low Value,Automated Campaign,Low-cost automated campaign
13101.0,143,1,101.19,113,8,101.19,0,0.0,1,0.6889974117501902,1,MEDIUM,1.0,101.19,Low Value,Automated Campaign,Low-cost automated campaign
13102.0,43,19,4961.7,3361,112,261.1421052631579,231,12.0,0,0.018635262236825365,0,LOW,30.021645021645025,7839.915584415585,High Value,VIP Loyal,Loyalty program
13104.0,42,3,376.44,180,3,125.48,221,110.0,0,0.46514870002133246,1,MEDIUM,4.95475113122172,621.7221719457013,Low Value,Automated Campaign,Low-cost automated campaign
13106.0,42,1,76.5,18,1,76.5,0,0.0,1,0.6187552453337168,1,MEDIUM,1.0,76.5,Low Value,Automated Campaign,Low-cost automated campaign
13107.0,85,2,935.22,816,36,467.61,157,157.0,0,0.5825575328213977,1,MEDIUM,4.649681528662421,2174.2375796178344,High Value,Priority Retain,Priority retention offer
13108.0,282,1,350.06,298,10,350.06,0,0.0,1,0.7920031775532741,1,HIGH,1.0,350.06,Low Value,Automated Campaign,Low-cost automated campaign
13109.0,66,1,369.85,260,24,369.85,0,0.0,0,0.6059569604087195,1,MEDIUM,1.0,369.85,Low Value,Automated Campaign,Low-cost automated campaign
13110.0,46,5,1042.24,274,79,208.448,174,43.0,0,0.23203856935108036,0,LOW,10.488505747126437,2186.3080459770117,High Value,VIP Loyal,Loyalty program
13113.0,23,20,10787.06,2621,93,539.353,252,13.0,0,0.009293589092434397,0,LOW,28.968253968253965,15624.114682539679,High Value,VIP Loyal,Loyalty program
13115.0,93,1,878.55,621,55,878.55,0,0.0,0,0.5896256534291013,1,MEDIUM,1.0,878.55,Low Value,Automated Campaign,Low-cost automated campaign
13116.0,47,1,501.14,291,30,501.14,0,0.0,1,0.583312595222919,1,MEDIUM,1.0,501.14,Low Value,Automated Campaign,Low-cost automated campaign
13117.0,31,7,841.77,703,57,120.25285714285714,250,41.0,0,0.1684866332132706,0,LOW,10.22,1228.9842,Low Value,Normal Marketing,Normal marketing
13118.0,117,3,799.7,274,40,266.56666666666666,80,40.0,0,0.5074112678717831,1,MEDIUM,13.6875,3648.63125,High Value,Priority Retain,Priority retention offer
13120.0,148,1,30.599999999999998,12,1,30.599999999999998,0,0.0,1,0.7028934871938963,1,HIGH,1.0,30.599999999999998,Low Value,Automated Campaign,Low-cost automated campaign
13121.0,178,1,283.73,252,50,283.73,0,0.0,1,0.6436784451767344,1,MEDIUM,1.0,283.73,Low Value,Automated Campaign,Low-cost automated campaign
13122.0,3,2,922.39,585,54,461.195,146,146.0,1,0.46773272250477094,1,MEDIUM,5.0,2305.975,High Value,Priority Retain,Priority retention offer
13124.0,161,2,2516.47,1601,131,1258.235,106,106.0,0,0.4523829667455221,1,MEDIUM,6.886792452830189,8665.203301886791,High Value,Priority Retain,Priority retention offer
13126.0,162,5,1077.42,1062,61,215.484,113,28.0,0,0.3868792102059829,0,LOW,16.150442477876105,3480.1619469026546,High Value,VIP Loyal,Loyalty program
13130.0,3,1,64.0,32,2,64.0,0,0.0,1,0.5818286406200739,1,MEDIUM,1.0,64.0,Low Value,Automated Campaign,Low-cost automated campaign
13131.0,97,1,324.9,128,14,324.9,0,0.0,0,0.6509555485194115,1,MEDIUM,1.0,324.9,Low Value,Automated Campaign,Low-cost automated campaign
13132.0,171,1,77.3,20,3,77.3,0,0.0,1,0.718591919756985,1,HIGH,1.0,77.3,Low Value,Automated Campaign,Low-cost automated campaign
13133.0,183,2,109.8,32,7,54.9,30,30.0,1,0.697910758127586,1,MEDIUM,24.333333333333336,1335.9,Low Value,Automated Campaign,Low-cost automated campaign
13134.0,93,3,885.74,330,42,295.24666666666667,56,28.0,0,0.4903050601012901,1,MEDIUM,19.553571428571427,5773.126785714286,High Value,Priority Retain,Priority retention offer
13135.0,106,1,3096.0,4300,1,3096.0,0,0.0,1,0.790242584547405,1,HIGH,1.0,3096.0,High Value,Priority Retain,Priority retention offer
13136.0,52,3,1226.68,677,55,408.8933333333334,69,34.0,0,0.41758332416949073,0,MEDIUM,15.869565217391305,6488.959420289856,High Value,Priority Retain,Priority retention offer
13137.0,2,5,1888.32,1169,231,377.664,216,54.0,0,0.05401466179549685,0,LOW,8.449074074074074,3190.911111111111,High Value,VIP Loyal,Loyalty program
13138.0,42,3,489.45,243,22,163.15,238,119.0,0,0.4173867828037099,0,MEDIUM,4.600840336134454,750.6271008403362,Low Value,Automated Campaign,Low-cost automated campaign
13139.0,19,3,1710.94,726,39,570.3133333333334,149,74.0,0,0.39073191424232706,0,LOW,7.348993288590604,4191.228859060403,High Value,VIP Loyal,Loyalty program
13140.0,17,3,422.47,185,40,140.82333333333335,258,129.0,1,0.35119174579877227,0,LOW,4.244186046511628,597.6804263565892,Low Value,Normal Marketing,Normal marketing
13141.0,123,4,1401.03,942,77,350.2575,101,33.0,0,0.3651742130767105,0,LOW,14.455445544554458,5063.1282178217825,High Value,VIP Loyal,Loyalty program
13144.0,242,1,110.95,21,3,110.95,0,0.0,1,0.769209686178846,1,HIGH,1.0,110.95,Low Value,Automated Campaign,Low-cost automated campaign
13145.0,1,3,499.72,121,5,166.57333333333335,280,140.0,0,0.40158571424820294,0,MEDIUM,3.910714285714286,651.4207142857144,Low Value,Automated Campaign,Low-cost automated campaign
13147.0,9,1,118.80000000000001,24,1,118.80000000000001,0,0.0,0,0.5921823036758377,1,MEDIUM,1.0,118.80000000000001,Low Value,Automated Campaign,Low-cost automated campaign
13148.0,43,10,2766.01,1370,173,276.601,230,25.0,0,0.04290777002119439,0,LOW,15.869565217391305,4389.537608695652,High Value,VIP Loyal,Loyalty program
13149.0,15,3,1132.62,884,58,377.53999999999996,182,91.0,0,0.33781723666096003,0,LOW,6.016483516483516,2271.4631868131864,High Value,VIP Loyal,Loyalty program
13151.0,205,1,1257.8700000000001,363,73,1257.8700000000001,0,0.0,1,0.6677327743989919,1,MEDIUM,1.0,1257.8700000000001,Low Value,Automated Campaign,Low-cost automated campaign
13155.0,236,2,569.2,262,55,284.6,41,41.0,0,0.6534167225006754,1,MEDIUM,17.804878048780488,5067.2682926829275,High Value,Priority Retain,Priority retention offer
13157.0,50,3,873.1999999999999,788,32,291.06666666666666,157,78.0,0,0.43158086880953017,0,MEDIUM,6.974522292993631,2030.0509554140126,High Value,Priority Retain,Priority retention offer
13158.0,4,4,1201.06,784,59,300.265,224,74.0,1,0.24872736147205893,0,LOW,6.517857142857142,1957.0843749999997,High Value,VIP Loyal,Loyalty program
13159.0,15,2,843.09,627,75,421.545,9,9.0,0,0.4111487328504089,0,MEDIUM,81.11111111111111,34191.98333333334,High Value,Priority Retain,Priority retention offer
13161.0,222,1,112.75,29,8,112.75,0,0.0,1,0.7478434918592676,1,HIGH,1.0,112.75,Low Value,Automated Campaign,Low-cost automated campaign
13162.0,31,4,1688.29,1713,74,422.0725,212,70.0,1,0.24237451973408117,0,LOW,6.886792452830189,2906.72570754717,High Value,VIP Loyal,Loyalty program
13165.0,260,1,354.64,496,13,354.64,0,0.0,0,0.7736639350105002,1,HIGH,1.0,354.64,Low Value,Automated Campaign,Low-cost automated campaign
13166.0,192,1,417.2,216,39,417.2,0,0.0,1,0.683254169965299,1,MEDIUM,1.0,417.2,Low Value,Automated Campaign,Low-cost automated campaign
13167.0,40,2,417.55,447,33,208.775,12,12.0,0,0.5213627973035481,1,MEDIUM,60.83333333333334,12700.47916666667,High Value,Priority Retain,Priority retention offer
13168.0,108,3,953.0600000000001,545,94,317.68666666666667,119,59.0,0,0.36646330322132603,0,LOW,9.201680672268909,2923.251260504202,High Value,VIP Loyal,Loyalty program
13169.0,161,1,505.2,96,6,505.2,0,0.0,0,0.7244807224918195,1,HIGH,1.0,505.2,Low Value,Automated Campaign,Low-cost automated campaign
13171.0,208,1,140.35,53,23,140.35,0,0.0,0,0.7129351359626653,1,HIGH,1.0,140.35,Low Value,Automated Campaign,Low-cost automated campaign
13173.0,276,1,165.94,114,23,165.94,0,0.0,0,0.761818267988565,1,HIGH,1.0,165.94,Low Value,Automated Campaign,Low-cost automated campaign
13174.0,225,2,2034.06,927,178,1017.03,52,52.0,0,0.39646328412074355,0,LOW,14.038461538461538,14277.536538461538,High Value,VIP Loyal,Loyalty program
13178.0,42,8,4391.7300000000005,2599,81,548.9662500000001,227,32.0,0,0.10481020444448616,0,LOW,12.863436123348018,7061.592290748899,High Value,VIP Loyal,Loyalty program
13183.0,10,6,2394.98,1448,50,399.16333333333336,233,46.0,0,0.18054397863925614,0,LOW,9.399141630901287,3751.792703862661,High Value,VIP Loyal,Loyalty program
13184.0,40,9,1472.1,1537,122,163.56666666666666,159,19.0,0,0.10062605944745993,0,LOW,20.660377358490567,3379.3490566037735,High Value,VIP Loyal,Loyalty program
13185.0,177,1,71.4,12,1,71.4,0,0.0,1,0.726274399051645,1,HIGH,1.0,71.4,Low Value,Automated Campaign,Low-cost automated campaign
13186.0,3,2,1301.94,547,57,650.97,35,35.0,0,0.4487690114710775,0,MEDIUM,20.857142857142858,13577.374285714286,High Value,Priority Retain,Priority retention offer
13187.0,246,1,236.02,95,37,236.02,0,0.0,1,0.7201820232299344,1,HIGH,1.0,236.02,Low Value,Automated Campaign,Low-cost automated campaign
13189.0,24,1,127.0,526,18,127.0,0,0.0,0,0.5681069410598153,1,MEDIUM,1.0,127.0,Low Value,Automated Campaign,Low-cost automated campaign
13192.0,4,2,911.94,595,57,455.97,109,109.0,1,0.4562456809584008,1,MEDIUM,6.697247706422019,3053.744036697248,High Value,Priority Retain,Priority retention offer
13194.0,45,1,60.7,26,3,60.7,0,0.0,1,0.6163472132367322,1,MEDIUM,1.0,60.7,Low Value,Automated Campaign,Low-cost automated campaign
13196.0,171,1,512.13,320,34,512.13,0,0.0,0,0.6804108467651391,1,MEDIUM,1.0,512.13,Low Value,Automated Campaign,Low-cost automated campaign
13198.0,30,5,3009.18,2369,182,601.836,241,60.0,0,0.07784831701705285,0,LOW,7.572614107883818,4557.471784232365,High Value,VIP Loyal,Loyalty program
13199.0,1,22,4740.16,3652,29,215.4618181818182,274,13.0,0,0.02017195317667386,0,LOW,29.306569343065693,6314.446715328467,High Value,VIP Loyal,Loyalty program
13200.0,35,1,319.32,249,14,319.32,0,0.0,0,0.5973527628319989,1,MEDIUM,1.0,319.32,Low Value,Automated Campaign,Low-cost automated campaign
13203.0,30,2,309.86,274,20,154.93,121,121.0,0,0.5566532297252003,1,MEDIUM,6.033057851239669,934.701652892562,Low Value,Automated Campaign,Low-cost automated campaign
13207.0,60,1,197.52000000000004,72,5,197.52000000000004,0,0.0,0,0.6319126327373465,1,MEDIUM,1.0,197.52000000000004,Low Value,Automated Campaign,Low-cost automated campaign
13208.0,64,4,828.8199999999999,572,97,207.20499999999998,153,51.0,0,0.26174941591715006,0,LOW,9.542483660130719,1977.2503267973855,High Value,VIP Loyal,Loyalty program
13209.0,38,5,4156.08,3255,200,831.216,233,58.0,0,0.06587145553873175,0,LOW,7.8326180257510725,6510.597424892703,High Value,VIP Loyal,Loyalty program
13210.0,3,1,353.48,316,22,353.48,0,0.0,1,0.5532731597895354,1,MEDIUM,1.0,353.48,Low Value,Automated Campaign,Low-cost automated campaign
13211.0,4,2,784.64,579,43,392.32,266,266.0,0,0.5097074505976105,1,MEDIUM,2.744360902255639,1076.6676691729322,Low Value,Automated Campaign,Low-cost automated campaign
13213.0,37,4,963.88,478,44,240.97,71,23.0,0,0.381105300123534,0,LOW,20.56338028169014,4955.157746478873,High Value,VIP Loyal,Loyalty program
13216.0,177,1,333.74,297,5,333.74,0,0.0,1,0.7299615514980776,1,HIGH,1.0,333.74,Low Value,Automated Campaign,Low-cost automated campaign
13217.0,31,3,533.98,262,3,177.99333333333334,34,17.0,1,0.529308606335022,1,MEDIUM,32.205882352941174,5732.432352941176,High Value,Priority Retain,Priority retention offer
13218.0,36,1,62.63999999999999,88,5,62.63999999999999,0,0.0,1,0.6042830234879327,1,MEDIUM,1.0,62.63999999999999,Low Value,Automated Campaign,Low-cost automated campaign
13220.0,95,3,726.49,132,15,242.16333333333333,51,25.0,0,0.5537189511915521,1,MEDIUM,21.470588235294116,5199.389215686274,High Value,Priority Retain,Priority retention offer
13221.0,149,2,847.41,244,62,423.705,119,119.0,1,0.5784960683790805,1,MEDIUM,6.1344537815126055,2599.1987394957982,High Value,Priority Retain,Priority retention offer
13223.0,109,2,163.20000000000002,88,5,81.60000000000001,31,31.0,1,0.6427942010141938,1,MEDIUM,23.548387096774196,1921.5483870967746,High Value,Priority Retain,Priority retention offer
13224.0,60,1,1212.26,665,42,1212.26,0,0.0,0,0.6055394235635503,1,MEDIUM,1.0,1212.26,Low Value,Automated Campaign,Low-cost automated campaign
13225.0,52,5,4299.56,2164,15,859.912,218,54.0,0,0.28340260670928835,0,LOW,8.371559633027523,7198.804587155963,High Value,VIP Loyal,Loyalty program
13226.0,182,1,108.21000000000001,80,16,108.21000000000001,0,0.0,1,0.7045737658964882,1,HIGH,1.0,108.21000000000001,Low Value,Automated Campaign,Low-cost automated campaign
13227.0,111,1,257.7,99,9,257.7,0,0.0,1,0.6690897341591865,1,MEDIUM,1.0,257.7,Low Value,Automated Campaign,Low-cost automated campaign
13229.0,135,1,160.95,63,10,160.95,0,0.0,1,0.6818296436106169,1,MEDIUM,1.0,160.95,Low Value,Automated Campaign,Low-cost automated campaign
13230.0,47,12,2195.23,1332,302,182.93583333333333,226,20.0,0,0.011821860454111611,0,LOW,19.38053097345133,3545.393584070797,High Value,VIP Loyal,Loyalty program
13232.0,7,5,1019.05,649,129,203.81,144,36.0,0,0.15453345933158616,0,LOW,12.67361111111111,2583.0086805555557,High Value,VIP Loyal,Loyalty program
13233.0,245,1,304.24,404,17,304.24,0,0.0,0,0.7556964824454168,1,HIGH,1.0,304.24,Low Value,Automated Campaign,Low-cost automated campaign
13235.0,121,1,1031.07,441,53,1031.07,0,0.0,1,0.6265390704154713,1,MEDIUM,1.0,1031.07,Low Value,Automated Campaign,Low-cost automated campaign
13236.0,16,1,439.23,168,21,439.23,0,0.0,0,0.5721093627713986,1,MEDIUM,1.0,439.23,Low Value,Automated Campaign,Low-cost automated campaign
13238.0,73,2,318.85,137,14,159.425,196,196.0,0,0.6190652366738958,1,MEDIUM,3.7244897959183674,593.7767857142858,Low Value,Automated Campaign,Low-cost automated campaign
13239.0,171,1,329.56,363,22,329.56,0,0.0,1,0.6944815339856963,1,MEDIUM,1.0,329.56,Low Value,Automated Campaign,Low-cost automated campaign
13240.0,5,4,663.65,298,59,165.9125,269,89.0,1,0.23488781871681338,0,LOW,5.4275092936802976,900.4916356877324,Low Value,Normal Marketing,Normal marketing
13242.0,21,3,270.40000000000003,130,12,90.13333333333334,101,50.0,1,0.4742086020677645,1,MEDIUM,10.841584158415843,977.1881188118814,Low Value,Automated Campaign,Low-cost automated campaign
13243.0,112,1,585.12,232,56,585.12,0,0.0,1,0.5898844679625169,1,MEDIUM,1.0,585.12,Low Value,Automated Campaign,Low-cost automated campaign
13244.0,2,1,121.74000000000001,38,27,121.74000000000001,0,0.0,1,0.5296998617909711,1,MEDIUM,1.0,121.74000000000001,Low Value,Automated Campaign,Low-cost automated campaign
13246.0,85,5,1838.51,1533,89,367.702,153,38.0,0,0.24189840538087976,0,LOW,11.928104575163399,4385.987908496732,High Value,VIP Loyal,Loyalty program
13248.0,34,2,465.68,305,25,232.84,64,64.0,1,0.5424111119860189,1,MEDIUM,11.40625,2655.83125,High Value,Priority Retain,Priority retention offer
13249.0,1,3,711.41,546,21,237.13666666666666,168,84.0,1,0.4089232330826369,0,MEDIUM,6.517857142857143,1545.6229166666667,High Value,Priority Retain,Priority retention offer
13253.0,66,2,1030.4,1572,35,515.2,182,182.0,1,0.5705809710238867,1,MEDIUM,4.010989010989011,2066.4615384615386,High Value,Priority Retain,Priority retention offer
13255.0,283,1,225.7,110,6,225.7,0,0.0,0,0.7942909046465572,1,HIGH,1.0,225.7,Low Value,Automated Campaign,Low-cost automated campaign
13258.0,114,1,198.87,77,12,198.87,0,0.0,0,0.6628555502583916,1,MEDIUM,1.0,198.87,Low Value,Automated Campaign,Low-cost automated campaign
13261.0,178,2,944.1,210,8,472.05,17,17.0,1,0.6984800072823412,1,MEDIUM,42.94117647058823,20270.382352941175,High Value,Priority Retain,Priority retention offer
13262.0,172,1,200.29,125,11,200.29,0,0.0,1,0.7101776217743053,1,HIGH,1.0,200.29,Low Value,Automated Campaign,Low-cost automated campaign
13263.0,17,23,4854.79,2795,358,211.07782608695652,217,9.0,0,0.0012988637841929006,0,LOW,38.68663594470046,8165.891013824885,High Value,VIP Loyal,Loyalty program
13265.0,93,3,1450.66,1126,44,483.55333333333334,89,44.0,0,0.4687736401579632,1,MEDIUM,12.303370786516854,5949.33595505618,High Value,Priority Retain,Priority retention offer
13266.0,22,8,2535.58,3060,54,316.9475,143,20.0,0,0.17202026903505657,0,LOW,20.41958041958042,6471.934965034965,High Value,VIP Loyal,Loyalty program
13267.0,1,15,3119.34,1344,68,207.95600000000002,274,19.0,0,0.04029607352604466,0,LOW,19.98175182481752,4155.325182481753,High Value,VIP Loyal,Loyalty program
13268.0,79,6,2117.81,2490,206,352.9683333333333,97,19.0,0,0.09697493307201166,0,LOW,22.577319587628864,7969.07886597938,High Value,VIP Loyal,Loyalty program
13269.0,19,8,2978.5,2014,133,372.3125,260,37.0,0,0.0647190021070766,0,LOW,11.230769230769232,4181.3557692307695,High Value,VIP Loyal,Loyalty program
13270.0,275,1,590.0,200,1,590.0,0,0.0,1,0.8090829996191374,1,HIGH,1.0,590.0,Low Value,Automated Campaign,Low-cost automated campaign
13273.0,22,1,138.98,153,16,138.98,0,0.0,1,0.572302702258546,1,MEDIUM,1.0,138.98,Low Value,Automated Campaign,Low-cost automated campaign
13276.0,9,1,137.38,20,7,137.38,0,0.0,0,0.5803561342870728,1,MEDIUM,1.0,137.38,Low Value,Automated Campaign,Low-cost automated campaign
13277.0,25,2,125.9,86,4,62.95,17,17.0,0,0.5694073212449272,1,MEDIUM,42.94117647058823,2703.1470588235293,High Value,Priority Retain,Priority retention offer
13280.0,31,3,798.46,518,67,266.15333333333336,214,107.0,1,0.3235096716036709,0,LOW,5.1168224299065415,1361.8593457943925,Low Value,Normal Marketing,Normal marketing
13282.0,71,2,773.1,172,15,386.55,58,58.0,0,0.6000279793399524,1,MEDIUM,12.586206896551722,4865.198275862069,High Value,Priority Retain,Priority retention offer
13283.0,95,1,25.5,30,2,25.5,0,0.0,0,0.6587241647872517,1,MEDIUM,1.0,25.5,Low Value,Automated Campaign,Low-cost automated campaign
13284.0,240,1,201.19,91,13,201.19,0,0.0,1,0.755344377628456,1,HIGH,1.0,201.19,Low Value,Automated Campaign,Low-cost automated campaign
13285.0,70,3,1970.1,1454,122,656.6999999999999,128,64.0,0,0.2760588083445838,0,LOW,8.5546875,5617.863281249999,High Value,VIP Loyal,Loyalty program
13291.0,65,1,361.11,233,41,361.11,0,0.0,1,0.5684119340751685,1,MEDIUM,1.0,361.11,Low Value,Automated Campaign,Low-cost automated campaign
13292.0,193,1,249.57,133,14,249.57,0,0.0,0,0.7225360328019349,1,HIGH,1.0,249.57,Low Value,Automated Campaign,Low-cost automated campaign
13294.0,99,2,873.74,453,48,436.87,59,59.0,1,0.5546187685759105,1,MEDIUM,12.372881355932202,5405.340677966101,High Value,Priority Retain,Priority retention offer
13295.0,269,1,201.20000000000002,82,10,201.20000000000002,0,0.0,1,0.7789676938584936,1,HIGH,1.0,201.20000000000002,Low Value,Automated Campaign,Low-cost automated campaign
13296.0,46,1,87.4,78,5,87.4,0,0.0,1,0.6142775228437003,1,MEDIUM,1.0,87.4,Low Value,Automated Campaign,Low-cost automated campaign
13299.0,177,1,142.5,30,5,142.5,0,0.0,1,0.7222870064309479,1,HIGH,1.0,142.5,Low Value,Automated Campaign,Low-cost automated campaign
13300.0,78,1,371.89,203,20,371.89,0,0.0,1,0.6249116190541875,1,MEDIUM,1.0,371.89,Low Value,Automated Campaign,Low-cost automated campaign
13301.0,13,4,618.09,345,75,154.5225,188,62.0,1,0.24915270720222848,0,LOW,7.76595744680851,1200.015159574468,Low Value,Normal Marketing,Normal marketing
13302.0,64,1,63.75,5,1,63.75,0,0.0,1,0.6368949928380142,1,MEDIUM,1.0,63.75,Low Value,Automated Campaign,Low-cost automated campaign
13304.0,260,1,300.42,238,21,300.42,0,0.0,1,0.7594681595660037,1,HIGH,1.0,300.42,Low Value,Automated Campaign,Low-cost automated campaign
13305.0,2,8,1471.25,935,37,183.90625,279,39.0,0,0.13963413191714577,0,LOW,10.46594982078853,1924.7535842293908,High Value,VIP Loyal,Loyalty program
13307.0,29,1,15.0,4,1,15.0,0,0.0,1,0.6043480608159818,1,MEDIUM,1.0,15.0,Low Value,Automated Campaign,Low-cost automated campaign
13308.0,112,1,814.95,519,26,814.95,0,0.0,0,0.6625046229966391,1,MEDIUM,1.0,814.95,Low Value,Automated Campaign,Low-cost automated campaign
13309.0,116,2,546.64,616,43,273.32,102,102.0,0,0.5828591605243562,1,MEDIUM,7.156862745098039,1956.113725490196,High Value,Priority Retain,Priority retention offer
13310.0,115,2,817.65,395,50,408.825,117,117.0,0,0.5729469244957208,1,MEDIUM,6.239316239316239,2550.7884615384614,High Value,Priority Retain,Priority retention offer
13311.0,59,1,490.11,271,24,490.11,0,0.0,0,0.6060748180986341,1,MEDIUM,1.0,490.11,Low Value,Automated Campaign,Low-cost automated campaign
13313.0,50,3,918.34,487,32,306.11333333333334,198,99.0,0,0.4169301435730497,0,MEDIUM,5.53030303030303,1692.899494949495,High Value,Priority Retain,Priority retention offer
13316.0,41,2,3535.18,4277,40,1767.59,122,122.0,0,0.5500630358524341,1,MEDIUM,5.9836065573770485,10576.563114754097,High Value,Priority Retain,Priority retention offer
13317.0,108,5,1313.98,500,56,262.796,160,40.0,0,0.321821764648132,0,LOW,11.40625,2997.516875,High Value,VIP Loyal,Loyalty program
13319.0,1,19,7390.47,3197,163,388.9721052631579,274,15.0,0,0.006910691411163099,0,LOW,25.31021897810219,9844.969160583942,High Value,VIP Loyal,Loyalty program
13320.0,16,3,981.15,787,59,327.05,107,53.0,0,0.3638400960976627,0,LOW,10.233644859813083,3346.913551401869,High Value,VIP Loyal,Loyalty program
13324.0,112,7,3798.99,2473,17,542.7128571428572,157,26.0,0,0.28918311699914884,0,LOW,16.27388535031847,8832.046815286623,High Value,VIP Loyal,Loyalty program
13327.0,22,7,2738.75,1256,60,391.25,252,42.0,0,0.14127551995161255,0,LOW,10.138888888888888,3966.8402777777774,High Value,VIP Loyal,Loyalty program
13328.0,225,1,1308.48,680,17,1308.48,0,0.0,1,0.7810140891731314,1,HIGH,1.0,1308.48,Low Value,Automated Campaign,Low-cost automated campaign
13329.0,276,1,304.2,175,7,304.2,0,0.0,0,0.7913334300615855,1,HIGH,1.0,304.2,Low Value,Automated Campaign,Low-cost automated campaign
13330.0,2,3,1140.93,751,37,380.31,223,111.0,1,0.35400732137737667,0,LOW,4.910313901345291,1867.4414798206278,High Value,VIP Loyal,Loyalty program
13334.0,100,2,2708.59,1343,176,1354.295,114,114.0,0,0.31153404137662594,0,LOW,6.4035087719298245,8672.239912280702,High Value,VIP Loyal,Loyalty program
13338.0,67,1,487.02,256,19,487.02,0,0.0,1,0.6232970863934866,1,MEDIUM,1.0,487.02,Low Value,Automated Campaign,Low-cost automated campaign
13339.0,110,1,860.12,326,54,860.12,0,0.0,1,0.6064858354440162,1,MEDIUM,1.0,860.12,Low Value,Automated Campaign,Low-cost automated campaign
13340.0,15,5,9229.54,5148,111,1845.9080000000001,170,42.0,0,0.11107484369098403,0,LOW,10.73529411764706,19816.36529411765,High Value,VIP Loyal,Loyalty program
13341.0,170,1,775.85,301,42,775.85,0,0.0,1,0.6768052319223716,1,MEDIUM,1.0,775.85,Low Value,Automated Campaign,Low-cost automated campaign
13343.0,87,1,353.43,135,19,353.43,0,0.0,1,0.6338674150765957,1,MEDIUM,1.0,353.43,Low Value,Automated Campaign,Low-cost automated campaign
13344.0,187,1,1656.15,599,68,1656.15,0,0.0,0,0.6814157591955418,1,MEDIUM,1.0,1656.15,High Value,Priority Retain,Priority retention offer
13345.0,197,1,389.5,141,20,389.5,0,0.0,1,0.7209487689689131,1,HIGH,1.0,389.5,Low Value,Automated Campaign,Low-cost automated campaign
13355.0,31,1,674.7,314,32,674.7,0,0.0,1,0.5739255608154472,1,MEDIUM,1.0,674.7,Low Value,Automated Campaign,Low-cost automated campaign
13357.0,166,1,609.4,321,85,609.4,0,0.0,1,0.5767337459207486,1,MEDIUM,1.0,609.4,Low Value,Automated Campaign,Low-cost automated campaign
13358.0,178,1,439.03,285,29,439.03,0,0.0,1,0.6920525263597782,1,MEDIUM,1.0,439.03,Low Value,Automated Campaign,Low-cost automated campaign
13362.0,155,2,1581.53,727,92,790.765,41,41.0,0,0.5139217856106812,1,MEDIUM,17.804878048780488,14079.474390243902,High Value,Priority Retain,Priority retention offer
13365.0,127,1,700.6,404,39,700.6,0,0.0,0,0.6436242898418242,1,MEDIUM,1.0,700.6,Low Value,Automated Campaign,Low-cost automated campaign
13368.0,166,2,623.4,327,29,311.7,80,80.0,1,0.65330484669323,1,MEDIUM,9.125,2844.2625,High Value,Priority Retain,Priority retention offer
13369.0,275,1,308.28000000000003,149,14,308.28000000000003,0,0.0,1,0.7805476026287848,1,HIGH,1.0,308.28000000000003,Low Value,Automated Campaign,Low-cost automated campaign
13370.0,281,1,754.87,343,39,754.87,0,0.0,1,0.762334519331129,1,HIGH,1.0,754.87,Low Value,Automated Campaign,Low-cost automated campaign
13373.0,68,2,2055.58,944,95,1027.79,117,117.0,0,0.4449493450903132,0,MEDIUM,6.239316239316239,6412.706837606837,High Value,Priority Retain,Priority retention offer
13376.0,8,3,1019.76,493,45,339.92,135,67.0,1,0.37609276261556857,0,LOW,8.11111111111111,2757.128888888889,High Value,VIP Loyal,Loyalty program
13379.0,46,1,136.29,166,13,136.29,0,0.0,0,0.5997713526699446,1,MEDIUM,1.0,136.29,Low Value,Automated Campaign,Low-cost automated campaign
13381.0,22,4,2461.33,1251,63,615.3325,185,61.0,0,0.2618317239271281,0,LOW,7.891891891891891,4856.137567567567,High Value,VIP Loyal,Loyalty program
13382.0,190,1,222.99,131,15,222.99,0,0.0,1,0.7173923825317765,1,HIGH,1.0,222.99,Low Value,Automated Campaign,Low-cost automated campaign
13384.0,38,2,1755.84,1062,70,877.92,49,49.0,0,0.4581100645129517,1,MEDIUM,14.89795918367347,13079.216326530612,High Value,Priority Retain,Priority retention offer
13385.0,239,1,534.57,281,35,534.57,0,0.0,1,0.7311145907832449,1,HIGH,1.0,534.57,Low Value,Automated Campaign,Low-cost automated campaign
13388.0,40,2,677.1,282,35,338.55,0,0.0,1,0.5186699372609355,1,MEDIUM,2.0,677.1,Low Value,Automated Campaign,Low-cost automated campaign
13389.0,142,1,257.89,115,18,257.89,0,0.0,0,0.6765089735908693,1,MEDIUM,1.0,257.89,Low Value,Automated Campaign,Low-cost automated campaign
13391.0,113,1,59.8,4,1,59.8,0,0.0,1,0.6769633611692836,1,MEDIUM,1.0,59.8,Low Value,Automated Campaign,Low-cost automated campaign
13394.0,25,5,1543.45,1475,76,308.69,193,48.0,0,0.20787347623221855,0,LOW,9.455958549222798,2918.9598445595852,High Value,VIP Loyal,Loyalty program
13395.0,94,1,307.72,336,21,307.72,0,0.0,1,0.632873897200421,1,MEDIUM,1.0,307.72,Low Value,Automated Campaign,Low-cost automated campaign
13396.0,228,1,387.27000000000004,139,15,387.27000000000004,0,0.0,0,0.7513560507183129,1,HIGH,1.0,387.27000000000004,Low Value,Automated Campaign,Low-cost automated campaign
13397.0,20,4,1228.19,358,22,307.0475,228,76.0,0,0.3265724672754199,0,LOW,6.4035087719298245,1966.181359649123,High Value,VIP Loyal,Loyalty program
13398.0,101,1,457.34,281,26,457.34,0,0.0,1,0.6362749490865742,1,MEDIUM,1.0,457.34,Low Value,Automated Campaign,Low-cost automated campaign
13402.0,36,2,621.23,479,32,310.615,244,244.0,1,0.557798992639875,1,MEDIUM,2.9918032786885242,929.298975409836,Low Value,Automated Campaign,Low-cost automated campaign
13404.0,122,1,217.81,99,9,217.81,0,0.0,0,0.6760176273955524,1,MEDIUM,1.0,217.81,Low Value,Automated Campaign,Low-cost automated campaign
13405.0,113,2,557.45,163,24,278.725,113,113.0,0,0.6232391243325232,1,MEDIUM,6.460176991150442,1800.6128318584072,High Value,Priority Retain,Priority retention offer
13408.0,9,41,17836.68,10506,178,435.0409756097561,273,6.0,0,0.00012467359186238812,0,LOW,54.81684981684982,23847.575824175827,High Value,VIP Loyal,Loyalty program
13410.0,96,3,545.04,300,11,181.67999999999998,104,52.0,0,0.5429624155926306,1,MEDIUM,10.528846153846153,1912.880769230769,High Value,Priority Retain,Priority retention offer
13411.0,16,1,213.55,72,17,213.55,0,0.0,1,0.5689783663254422,1,MEDIUM,1.0,213.55,Low Value,Automated Campaign,Low-cost automated campaign
13414.0,43,3,1390.5,1574,23,463.5,162,81.0,1,0.4400682903748412,0,MEDIUM,6.7592592592592595,3132.916666666667,High Value,Priority Retain,Priority retention offer
13417.0,114,1,236.0,72,10,236.0,0,0.0,0,0.6685852446858561,1,MEDIUM,1.0,236.0,Low Value,Automated Campaign,Low-cost automated campaign
13418.0,8,15,4744.13,3168,191,316.2753333333333,273,19.0,0,0.012049923630694986,0,LOW,20.054945054945055,6342.884432234432,High Value,VIP Loyal,Loyalty program
13420.0,59,2,159.85,101,8,79.925,20,20.0,1,0.5918360002202804,1,MEDIUM,36.5,2917.2625,High Value,Priority Retain,Priority retention offer
13421.0,199,1,825.04,495,64,825.04,0,0.0,0,0.6591911389398445,1,MEDIUM,1.0,825.04,Low Value,Automated Campaign,Low-cost automated campaign
13425.0,17,3,1624.21,1123,66,541.4033333333333,186,93.0,1,0.3208999085601558,0,LOW,5.887096774193548,3187.293817204301,High Value,VIP Loyal,Loyalty program
13426.0,92,5,1558.68,1199,62,311.736,176,44.0,0,0.28478295308985696,0,LOW,10.369318181818182,3232.489772727273,High Value,VIP Loyal,Loyalty program
13427.0,29,2,464.86,431,19,232.43,94,94.0,0,0.5552017635019013,1,MEDIUM,7.76595744680851,1805.0414893617021,High Value,Priority Retain,Priority retention offer
13434.0,6,1,72.84,60,5,72.84,0,0.0,0,0.5784505458048765,1,MEDIUM,1.0,72.84,Low Value,Automated Campaign,Low-cost automated campaign
13435.0,19,3,1088.1200000000001,894,31,362.7066666666667,78,39.0,0,0.4365852587891223,0,MEDIUM,14.038461538461538,5091.84358974359,High Value,Priority Retain,Priority retention offer
13437.0,8,4,2173.6,689,108,543.4,91,30.0,0,0.22325256114377956,0,LOW,16.043956043956044,8718.285714285714,High Value,VIP Loyal,Loyalty program
13439.0,164,1,283.71,242,54,283.71,0,0.0,1,0.6236716244678895,1,MEDIUM,1.0,283.71,Low Value,Automated Campaign,Low-cost automated campaign
13441.0,1,1,296.64,204,13,296.64,0,0.0,1,0.5682639587039372,1,MEDIUM,1.0,296.64,Low Value,Automated Campaign,Low-cost automated campaign
13448.0,128,4,1423.26,720,65,355.815,155,51.0,0,0.36518425949312733,0,LOW,9.419354838709678,3351.547741935484,High Value,VIP Loyal,Loyalty program
13450.0,34,4,1421.46,1270,21,355.365,93,31.0,0,0.40917017052979615,0,MEDIUM,15.698924731182796,5578.848387096775,High Value,Priority Retain,Priority retention offer
13451.0,35,4,2385.5,1743,284,596.375,208,69.0,0,0.04786957336546769,0,LOW,7.019230769230769,4186.09375,High Value,VIP Loyal,Loyalty program
13452.0,168,2,590.0,2,1,295.0,11,11.0,1,0.6999355621795381,1,MEDIUM,66.36363636363636,19577.272727272728,High Value,Priority Retain,Priority retention offer
13453.0,75,2,356.97999999999996,134,16,178.48999999999998,123,123.0,1,0.6063674496508521,1,MEDIUM,5.934959349593496,1059.330894308943,Low Value,Automated Campaign,Low-cost automated campaign
13455.0,275,1,692.94,190,30,692.94,0,0.0,0,0.7705019781544503,1,HIGH,1.0,692.94,Low Value,Automated Campaign,Low-cost automated campaign
13456.0,64,3,855.0600000000001,261,18,285.02000000000004,51,25.0,0,0.51838560523487,1,MEDIUM,21.470588235294116,6119.547058823529,High Value,Priority Retain,Priority retention offer
13458.0,9,10,7678.42,4521,201,767.842,260,28.0,0,0.01721087062400732,0,LOW,14.03846153846154,10779.320384615387,High Value,VIP Loyal,Loyalty program
13461.0,48,2,884.2,836,12,442.1,25,25.0,0,0.5806750311622968,1,MEDIUM,29.200000000000003,12909.320000000002,High Value,Priority Retain,Priority retention offer
13462.0,162,1,151.5,62,9,151.5,0,0.0,1,0.7042192398778548,1,HIGH,1.0,151.5,Low Value,Automated Campaign,Low-cost automated campaign
13466.0,93,1,307.9,259,17,307.9,0,0.0,1,0.6403889777135956,1,MEDIUM,1.0,307.9,Low Value,Automated Campaign,Low-cost automated campaign
13468.0,2,29,4739.02,2064,161,163.4144827586207,280,10.0,0,0.0027702988623997038,0,LOW,37.80357142857143,6177.651071428572,High Value,VIP Loyal,Loyalty program
13470.0,8,2,165.0,100,7,82.5,15,15.0,1,0.5477181601812626,1,MEDIUM,48.66666666666667,4015.0000000000005,High Value,Priority Retain,Priority retention offer
13473.0,242,1,241.26,198,12,241.26,0,0.0,0,0.7596823725936152,1,HIGH,1.0,241.26,Low Value,Automated Campaign,Low-cost automated campaign
13474.0,145,1,226.84,129,59,226.84,0,0.0,1,0.59404198908013,1,MEDIUM,1.0,226.84,Low Value,Automated Campaign,Low-cost automated campaign
13475.0,100,4,1431.78,1012,64,357.945,107,35.0,1,0.3685872246602162,0,LOW,13.64485981308411,4884.109345794392,High Value,VIP Loyal,Loyalty program
13476.0,88,2,1238.47,417,56,619.235,102,102.0,1,0.5381965189979837,1,MEDIUM,7.156862745098039,4431.779901960784,High Value,Priority Retain,Priority retention offer
13477.0,47,4,899.55,626,38,224.8875,153,51.0,0,0.35835272557440767,0,LOW,9.542483660130719,2145.985294117647,High Value,VIP Loyal,Loyalty program
13479.0,110,2,300.95,134,14,150.475,33,33.0,1,0.6269554601401992,1,MEDIUM,22.12121212121212,3328.689393939394,High Value,Priority Retain,Priority retention offer
13481.0,17,4,1361.33,861,74,340.3325,148,49.0,0,0.26527296766036484,0,LOW,9.864864864864865,3357.3341216216213,High Value,VIP Loyal,Loyalty program
13482.0,141,1,184.64,116,11,184.64,0,0.0,1,0.6856443649964931,1,MEDIUM,1.0,184.64,Low Value,Automated Campaign,Low-cost automated campaign
13484.0,150,1,313.8,44,8,313.8,0,0.0,1,0.7043292648109707,1,HIGH,1.0,313.8,Low Value,Automated Campaign,Low-cost automated campaign
13485.0,142,1,454.24,277,23,454.24,0,0.0,1,0.6758188973760371,1,MEDIUM,1.0,454.24,Low Value,Automated Campaign,Low-cost automated campaign
13486.0,37,2,819.61,529,52,409.805,26,26.0,0,0.4835309941162978,1,MEDIUM,28.076923076923077,11506.063461538462,High Value,Priority Retain,Priority retention offer
13487.0,122,2,408.8,213,21,204.4,140,140.0,0,0.6391304976007639,1,MEDIUM,5.214285714285714,1065.8,Low Value,Automated Campaign,Low-cost automated campaign
13488.0,30,9,6596.38,3232,231,732.9311111111111,246,30.0,0,0.019451627354716092,0,LOW,13.353658536585366,9787.311788617886,High Value,VIP Loyal,Loyalty program
13489.0,14,4,449.52,560,11,112.38,189,63.0,1,0.3702067082282017,0,LOW,7.7248677248677255,868.120634920635,Low Value,Normal Marketing,Normal marketing
13491.0,57,9,1088.45,812,66,120.9388888888889,224,28.0,0,0.14166434763424127,0,LOW,14.665178571428571,1773.5904017857144,High Value,VIP Loyal,Loyalty program
13492.0,45,3,1269.84,408,38,423.28,78,39.0,1,0.4457213667201718,0,MEDIUM,14.038461538461538,5942.2,High Value,Priority Retain,Priority retention offer
13493.0,184,2,618.63,380,6,309.315,11,11.0,1,0.702335506318807,1,HIGH,66.36363636363636,20527.26818181818,High Value,Priority Retain,Priority retention offer
13494.0,221,1,316.26000000000005,162,18,316.26000000000005,0,0.0,1,0.738500538652805,1,HIGH,1.0,316.26000000000005,Low Value,Automated Campaign,Low-cost automated campaign
13495.0,141,3,1072.43,485,20,357.4766666666667,136,68.0,0,0.5497193713030517,1,MEDIUM,8.051470588235293,2878.212867647059,High Value,Priority Retain,Priority retention offer
13496.0,269,1,501.01,229,26,501.01,0,0.0,0,0.7653609565291922,1,HIGH,1.0,501.01,Low Value,Automated Campaign,Low-cost automated campaign
13497.0,192,2,348.05,163,19,174.025,85,85.0,1,0.691756176349138,1,MEDIUM,8.588235294117647,1494.5676470588235,High Value,Priority Retain,Priority retention offer
13499.0,134,2,463.79,265,18,231.895,44,44.0,0,0.6421238927949362,1,MEDIUM,16.59090909090909,3847.3488636363636,High Value,Priority Retain,Priority retention offer
13500.0,32,1,326.4,128,20,326.4,0,0.0,0,0.5826246579752553,1,MEDIUM,1.0,326.4,Low Value,Automated Campaign,Low-cost automated campaign
13501.0,197,1,1340.32,560,52,1340.32,0,0.0,1,0.7046279917236936,1,HIGH,1.0,1340.32,Low Value,Automated Campaign,Low-cost automated campaign
13502.0,184,2,189.16,110,9,94.58,48,48.0,0,0.6979207664077614,1,MEDIUM,15.208333333333336,1438.404166666667,High Value,Priority Retain,Priority retention offer
13505.0,76,3,2583.12,1261,110,861.04,66,33.0,0,0.3227282371924811,0,LOW,16.59090909090909,14285.436363636361,High Value,VIP Loyal,Loyalty program
13506.0,225,2,458.52,324,26,229.26,53,53.0,1,0.700736015114418,1,HIGH,13.773584905660378,3157.7320754716984,High Value,Priority Retain,Priority retention offer
13507.0,7,3,2022.79,1212,123,674.2633333333333,47,23.0,0,0.2546494016851023,0,LOW,23.29787234042553,15708.901063829786,High Value,VIP Loyal,Loyalty program
13508.0,153,1,110.97,24,12,110.97,0,0.0,1,0.6899364014868455,1,MEDIUM,1.0,110.97,Low Value,Automated Campaign,Low-cost automated campaign
13509.0,9,5,705.02,799,24,141.004,184,46.0,0,0.29738759495414896,0,LOW,9.918478260869565,1398.545108695652,High Value,VIP Loyal,Loyalty program
13510.0,4,2,897.81,743,53,448.905,88,88.0,0,0.4611946643082367,1,MEDIUM,8.295454545454545,3723.8710227272722,High Value,Priority Retain,Priority retention offer
13512.0,170,1,251.21,143,15,251.21,0,0.0,1,0.7036192939741042,1,HIGH,1.0,251.21,Low Value,Automated Campaign,Low-cost automated campaign
13513.0,36,1,205.1,109,10,205.1,0,0.0,1,0.6011014582403431,1,MEDIUM,1.0,205.1,Low Value,Automated Campaign,Low-cost automated campaign
13515.0,26,3,523.96,473,30,174.65333333333334,130,65.0,0,0.42713091012172916,0,MEDIUM,8.423076923076923,1471.1184615384616,High Value,Priority Retain,Priority retention offer
13516.0,148,1,146.0,56,7,146.0,0,0.0,0,0.6969626131734841,1,MEDIUM,1.0,146.0,Low Value,Automated Campaign,Low-cost automated campaign
13517.0,16,2,1612.18,981,99,806.09,73,73.0,0,0.37877029415845165,0,LOW,10.0,8060.900000000001,High Value,VIP Loyal,Loyalty program
13520.0,47,5,2947.98,1312,40,589.596,234,58.0,0,0.2448464396312236,0,LOW,7.799145299145299,4598.344871794871,High Value,VIP Loyal,Loyalty program
13523.0,109,3,2369.24,828,92,789.7466666666666,166,83.0,0,0.35103373470502297,0,LOW,6.596385542168674,5209.473493975903,High Value,VIP Loyal,Loyalty program
13524.0,11,3,408.86,187,14,136.28666666666666,118,59.0,0,0.45411578430489075,1,MEDIUM,9.279661016949152,1264.6940677966102,Low Value,Automated Campaign,Low-cost automated campaign
13525.0,157,1,282.88,208,2,282.88,0,0.0,0,0.7186580161108567,1,HIGH,1.0,282.88,Low Value,Automated Campaign,Low-cost automated campaign
13527.0,14,4,1362.52,1288,110,340.63,221,73.0,0,0.17904709823687967,0,LOW,6.60633484162896,2250.3158371040727,High Value,VIP Loyal,Loyalty program
13529.0,114,1,181.1,30,7,181.1,0,0.0,0,0.6718902627840124,1,MEDIUM,1.0,181.1,Low Value,Automated Campaign,Low-cost automated campaign
13531.0,114,2,483.8,174,17,241.9,161,161.0,1,0.6444213983750352,1,MEDIUM,4.534161490683229,1096.8136645962732,Low Value,Automated Campaign,Low-cost automated campaign
13533.0,92,3,269.09,202,61,89.69666666666666,84,42.0,1,0.4384792366822142,0,MEDIUM,13.035714285714286,1169.260119047619,Low Value,Automated Campaign,Low-cost automated campaign
13534.0,17,21,4371.53,2242,101,208.16809523809522,250,12.0,0,0.014799446361288219,0,LOW,30.66,6382.4338,High Value,VIP Loyal,Loyalty program
13538.0,3,6,990.75,137,8,165.125,221,44.0,0,0.26409986963917015,0,LOW,9.90950226244344,1636.3065610859728,High Value,VIP Loyal,Loyalty program
13539.0,149,2,315.65,231,21,157.825,68,68.0,0,0.6504533079773949,1,MEDIUM,10.735294117647058,1694.2977941176468,High Value,Priority Retain,Priority retention offer
13544.0,150,1,113.01,63,42,113.01,0,0.0,0,0.6282355666357122,1,MEDIUM,1.0,113.01,Low Value,Automated Campaign,Low-cost automated campaign
13546.0,110,1,182.26,107,26,182.26,0,0.0,0,0.6304609612975781,1,MEDIUM,1.0,182.26,Low Value,Automated Campaign,Low-cost automated campaign
13548.0,5,2,678.16,436,114,339.08,147,147.0,1,0.3407948929198822,0,LOW,4.965986394557823,1683.8666666666666,High Value,VIP Loyal,Loyalty program
13549.0,51,5,762.05,411,34,152.41,99,24.0,0,0.36176047991662363,0,LOW,18.434343434343436,2809.578282828283,High Value,VIP Loyal,Loyalty program
13551.0,228,1,91.80000000000001,12,4,91.80000000000001,0,0.0,1,0.7576613670938737,1,HIGH,1.0,91.80000000000001,Low Value,Automated Campaign,Low-cost automated campaign
13552.0,33,9,2762.91,1024,61,306.99,192,24.0,0,0.13181841242846026,0,LOW,17.109375,5252.40703125,High Value,VIP Loyal,Loyalty program
13555.0,111,2,1590.05,868,55,795.025,0,0.0,0,0.548486068956655,1,MEDIUM,2.0,1590.05,High Value,Priority Retain,Priority retention offer
13557.0,190,1,240.68,224,16,240.68,0,0.0,0,0.7161730977066122,1,HIGH,1.0,240.68,Low Value,Automated Campaign,Low-cost automated campaign
13561.0,125,1,141.85999999999999,83,14,141.85999999999999,0,0.0,1,0.6650984094037953,1,MEDIUM,1.0,141.85999999999999,Low Value,Automated Campaign,Low-cost automated campaign
13562.0,50,2,1209.73,527,44,604.865,104,104.0,0,0.5296526705907609,1,MEDIUM,7.019230769230769,4245.68701923077,High Value,Priority Retain,Priority retention offer
13563.0,49,1,310.88,146,39,310.88,0,0.0,0,0.5559308868306625,1,MEDIUM,1.0,310.88,Low Value,Automated Campaign,Low-cost automated campaign
13564.0,53,3,1724.67,636,68,574.89,223,111.0,1,0.3335124448240749,0,LOW,4.910313901345291,2822.8903587443942,High Value,VIP Loyal,Loyalty program
13565.0,243,1,110.17999999999999,78,13,110.17999999999999,0,0.0,0,0.7537323807628143,1,HIGH,1.0,110.17999999999999,Low Value,Automated Campaign,Low-cost automated campaign
13568.0,82,1,187.05,66,41,187.05,0,0.0,1,0.5747899398472642,1,MEDIUM,1.0,187.05,Low Value,Automated Campaign,Low-cost automated campaign
13569.0,277,1,109.82000000000001,43,23,109.82000000000001,0,0.0,0,0.7604074748493044,1,HIGH,1.0,109.82000000000001,Low Value,Automated Campaign,Low-cost automated campaign
13570.0,152,1,239.49,161,27,239.49,0,0.0,1,0.6660722999374603,1,MEDIUM,1.0,239.49,Low Value,Automated Campaign,Low-cost automated campaign
13571.0,2,7,1083.83,851,110,154.83285714285714,160,26.0,0,0.12864171232720645,0,LOW,15.96875,2472.4871875,High Value,VIP Loyal,Loyalty program
13572.0,115,1,1384.25,534,32,1384.25,0,0.0,1,0.6805366471876151,1,MEDIUM,1.0,1384.25,High Value,Priority Retain,Priority retention offer
13573.0,162,1,31.770000000000003,10,3,31.770000000000003,0,0.0,0,0.7098917750998432,1,HIGH,1.0,31.770000000000003,Low Value,Automated Campaign,Low-cost automated campaign
13575.0,43,2,218.75,113,13,109.375,42,42.0,0,0.570867881291631,1,MEDIUM,17.38095238095238,1901.0416666666665,High Value,Priority Retain,Priority retention offer
13576.0,6,13,4840.9400000000005,1811,41,372.38000000000005,276,23.0,0,0.055565125341606625,0,LOW,17.192028985507246,6401.967753623189,High Value,VIP Loyal,Loyalty program
13577.0,2,3,1193.8,597,49,397.93333333333334,149,74.0,0,0.35703231371217736,0,LOW,7.348993288590604,2924.4093959731545,High Value,VIP Loyal,Loyalty program
13579.0,278,1,164.70000000000002,46,9,164.70000000000002,0,0.0,0,0.7847850203514771,1,HIGH,1.0,164.70000000000002,Low Value,Automated Campaign,Low-cost automated campaign
13581.0,218,1,118.0,30,10,118.0,0,0.0,1,0.7419377622194582,1,HIGH,1.0,118.0,Low Value,Automated Campaign,Low-cost automated campaign
13583.0,65,1,781.03,725,53,781.03,0,0.0,1,0.5635265827994397,1,MEDIUM,1.0,781.03,Low Value,Automated Campaign,Low-cost automated campaign
13584.0,216,1,142.4,37,24,142.4,0,0.0,1,0.7172153134825637,1,HIGH,1.0,142.4,Low Value,Automated Campaign,Low-cost automated campaign
13588.0,9,4,1420.72,1648,101,355.18,155,51.0,0,0.21172684139747724,0,LOW,9.419354838709678,3345.5664516129036,High Value,VIP Loyal,Loyalty program
13589.0,89,1,147.0,28,9,147.0,0,0.0,0,0.6457751361376942,1,MEDIUM,1.0,147.0,Low Value,Automated Campaign,Low-cost automated campaign
13590.0,60,4,1116.38,900,46,279.095,152,50.0,0,0.35039049662424615,0,LOW,9.605263157894736,2680.7809210526316,High Value,VIP Loyal,Loyalty program
13591.0,113,2,776.23,263,36,388.115,62,62.0,0,0.5927783285556543,1,MEDIUM,11.774193548387098,4569.741129032259,High Value,Priority Retain,Priority retention offer
13592.0,115,3,205.51,71,12,68.50333333333333,58,29.0,0,0.5772575478687315,1,MEDIUM,18.879310344827584,1293.2956896551723,Low Value,Automated Campaign,Low-cost automated campaign
13593.0,17,5,2011.88,719,77,402.37600000000003,227,56.0,1,0.1844551221934106,0,LOW,8.039647577092511,3234.9612334801764,High Value,VIP Loyal,Loyalty program
13599.0,66,8,2313.84,1531,71,289.23,210,30.0,0,0.1498338859917868,0,LOW,13.904761904761905,4021.6742857142863,High Value,VIP Loyal,Loyalty program
13600.0,221,1,219.52,324,19,219.52,0,0.0,1,0.73233792191338,1,HIGH,1.0,219.52,Low Value,Automated Campaign,Low-cost automated campaign
13601.0,120,1,373.2,275,41,373.2,0,0.0,0,0.6173252927108557,1,MEDIUM,1.0,373.2,Low Value,Automated Campaign,Low-cost automated campaign
13606.0,152,2,246.63,240,37,123.315,68,68.0,0,0.6195564391589811,1,MEDIUM,10.735294117647058,1323.822794117647,Low Value,Automated Campaign,Low-cost automated campaign
13610.0,19,5,764.76,364,140,152.952,174,43.0,0,0.13960470307394815,0,LOW,10.488505747126437,1604.2379310344827,High Value,VIP Loyal,Loyalty program
13611.0,80,2,636.72,420,31,318.36,189,189.0,0,0.5912285991449571,1,MEDIUM,3.8624338624338628,1229.6444444444446,Low Value,Automated Campaign,Low-cost automated campaign
13614.0,73,2,778.88,243,82,389.44,166,166.0,0,0.47225301235812217,1,MEDIUM,4.397590361445783,1712.5975903614456,High Value,Priority Retain,Priority retention offer
13615.0,228,1,417.69,189,23,417.69,0,0.0,1,0.73912999835305,1,HIGH,1.0,417.69,Low Value,Automated Campaign,Low-cost automated campaign
13617.0,22,2,365.7,188,23,182.85,67,67.0,0,0.5355112736647113,1,MEDIUM,10.895522388059701,1992.2462686567164,High Value,Priority Retain,Priority retention offer
13618.0,83,1,177.34,246,13,177.34,0,0.0,1,0.6335654571172828,1,MEDIUM,1.0,177.34,Low Value,Automated Campaign,Low-cost automated campaign
13621.0,26,1,213.85,343,19,213.85,0,0.0,1,0.5728703769917608,1,MEDIUM,1.0,213.85,Low Value,Automated Campaign,Low-cost automated campaign
13623.0,119,4,539.17,149,61,134.7925,87,29.0,0,0.41334944389086364,0,MEDIUM,16.7816091954023,2262.0350574712643,High Value,Priority Retain,Priority retention offer
13626.0,162,1,257.23,209,19,257.23,0,0.0,1,0.6901326729995519,1,MEDIUM,1.0,257.23,Low Value,Automated Campaign,Low-cost automated campaign
13627.0,85,3,1027.0,775,62,342.3333333333333,181,90.0,0,0.3890507279133202,0,LOW,6.0497237569060776,2071.022099447514,High Value,VIP Loyal,Loyalty program
13629.0,8,8,5718.36,3222,27,714.795,239,34.0,0,0.1253399696905768,0,LOW,12.217573221757323,8733.060251046025,High Value,VIP Loyal,Loyalty program
13630.0,15,5,1361.46,973,49,272.29200000000003,179,44.0,0,0.25247356909048135,0,LOW,10.195530726256983,2776.1614525139667,High Value,VIP Loyal,Loyalty program
13631.0,9,11,3070.42,467,6,279.1290909090909,167,16.0,1,0.15443456512552833,0,LOW,24.04191616766467,6710.798203592814,High Value,VIP Loyal,Loyalty program
13632.0,83,3,812.26,310,70,270.75333333333333,69,34.0,0,0.4148690146842049,0,MEDIUM,15.869565217391305,4296.73768115942,High Value,Priority Retain,Priority retention offer
13634.0,15,3,755.97,347,73,251.99,220,110.0,0,0.2981448550696585,0,LOW,4.9772727272727275,1254.2229545454547,Low Value,Normal Marketing,Normal marketing
13636.0,31,4,646.55,339,36,161.6375,163,54.0,0,0.3462968386809636,0,LOW,8.957055214723926,1447.7960122699385,High Value,VIP Loyal,Loyalty program
13637.0,96,2,678.65,350,75,339.325,39,39.0,0,0.4875316814203046,1,MEDIUM,18.717948717948715,6351.467948717947,High Value,Priority Retain,Priority retention offer
13642.0,125,1,312.28,151,57,312.28,0,0.0,1,0.5850837071455208,1,MEDIUM,1.0,312.28,Low Value,Automated Campaign,Low-cost automated campaign
13643.0,8,2,259.40000000000003,126,13,129.70000000000002,86,86.0,0,0.5465231557700916,1,MEDIUM,8.488372093023255,1100.9418604651164,Low Value,Automated Campaign,Low-cost automated campaign
13644.0,15,1,851.09,659,48,851.09,0,0.0,0,0.533218781007309,1,MEDIUM,1.0,851.09,Low Value,Automated Campaign,Low-cost automated campaign
13645.0,29,1,252.1,158,5,252.1,0,0.0,1,0.6078360442209164,1,MEDIUM,1.0,252.1,Low Value,Automated Campaign,Low-cost automated campaign
13647.0,84,2,803.86,441,33,401.93,59,59.0,0,0.5728615913404224,1,MEDIUM,12.372881355932202,4973.03220338983,High Value,Priority Retain,Priority retention offer
13649.0,166,2,346.6,139,23,173.3,109,109.0,1,0.6666911326126594,1,MEDIUM,6.697247706422019,1160.633027522936,Low Value,Automated Campaign,Low-cost automated campaign
13650.0,116,2,745.52,284,33,372.76,60,60.0,0,0.6010631450294336,1,MEDIUM,12.166666666666668,4535.246666666667,High Value,Priority Retain,Priority retention offer
13652.0,166,2,638.24,290,33,319.12,112,112.0,0,0.6500454388411894,1,MEDIUM,6.517857142857142,2079.9785714285713,High Value,Priority Retain,Priority retention offer
13654.0,54,4,1714.27,1532,100,428.5675,128,42.0,0,0.2519207000042766,0,LOW,11.40625,4888.348046875,High Value,VIP Loyal,Loyalty program
13655.0,23,2,932.97,605,52,466.485,127,127.0,1,0.4874763535894888,1,MEDIUM,5.748031496062992,2681.370472440945,High Value,Priority Retain,Priority retention offer
13656.0,74,2,379.65,490,49,189.825,172,172.0,1,0.5411774963861736,1,MEDIUM,4.2441860465116275,805.6526162790697,Low Value,Automated Campaign,Low-cost automated campaign
13657.0,111,1,152.34,132,9,152.34,0,0.0,0,0.6639132623567101,1,MEDIUM,1.0,152.34,Low Value,Automated Campaign,Low-cost automated campaign
13658.0,113,1,933.3,300,32,933.3,0,0.0,0,0.6577956933673301,1,MEDIUM,1.0,933.3,Low Value,Automated Campaign,Low-cost automated campaign
13659.0,115,2,1563.0,882,92,781.5,115,115.0,1,0.488199958068167,1,MEDIUM,6.347826086956522,4960.826086956522,High Value,Priority Retain,Priority retention offer
13662.0,121,2,516.44,353,33,258.22,47,47.0,0,0.6007088608956969,1,MEDIUM,15.53191489361702,4010.6510638297877,High Value,Priority Retain,Priority retention offer
13663.0,88,1,189.47,91,13,189.47,0,0.0,1,0.6388022970164419,1,MEDIUM,1.0,189.47,Low Value,Automated Campaign,Low-cost automated campaign
13666.0,196,2,64.05,37,8,32.025,0,0.0,0,0.7016660080724284,1,HIGH,2.0,64.05,Low Value,Automated Campaign,Low-cost automated campaign
13667.0,58,1,299.05,149,82,299.05,0,0.0,1,0.46908232018908,1,MEDIUM,1.0,299.05,Low Value,Automated Campaign,Low-cost automated campaign
13668.0,22,16,4900.97,2938,218,306.310625,249,16.0,0,0.009463055922045141,0,LOW,23.453815261044177,7184.1528112449805,High Value,VIP Loyal,Loyalty program
13669.0,59,1,48.150000000000006,13,3,48.150000000000006,0,0.0,0,0.6277487269756283,1,MEDIUM,1.0,48.150000000000006,Low Value,Automated Campaign,Low-cost automated campaign
13672.0,210,2,186.39000000000001,57,4,93.19500000000001,30,30.0,1,0.7242569493743899,1,HIGH,24.333333333333336,2267.7450000000003,High Value,Priority Retain,Priority retention offer
13675.0,60,2,486.82000000000005,330,25,243.41000000000003,133,133.0,1,0.5764521710009463,1,MEDIUM,5.488721804511278,1336.0097744360903,Low Value,Automated Campaign,Low-cost automated campaign
13678.0,61,1,232.6,924,16,232.6,0,0.0,1,0.6095068882367038,1,MEDIUM,1.0,232.6,Low Value,Automated Campaign,Low-cost automated campaign
13680.0,247,2,2391.59,1195,69,1195.795,1,1.0,0,0.6462572345494876,1,MEDIUM,365.0,436465.17500000005,High Value,Priority Retain,Priority retention offer
13681.0,64,1,203.46,96,13,203.46,0,0.0,0,0.6190663801658894,1,MEDIUM,1.0,203.46,Low Value,Automated Campaign,Low-cost automated campaign
13682.0,96,1,59.5,10,3,59.5,0,0.0,1,0.6592773622647609,1,MEDIUM,1.0,59.5,Low Value,Automated Campaign,Low-cost automated campaign
13684.0,195,1,65.13,38,29,65.13,0,0.0,1,0.6885204187791034,1,MEDIUM,1.0,65.13,Low Value,Automated Campaign,Low-cost automated campaign
13686.0,92,1,72.0,70,8,72.0,0,0.0,1,0.6464536391829778,1,MEDIUM,1.0,72.0,Low Value,Automated Campaign,Low-cost automated campaign
13692.0,123,2,871.58,735,32,435.79,22,22.0,0,0.6038973682518011,1,MEDIUM,33.18181818181818,14460.304545454544,High Value,Priority Retain,Priority retention offer
13694.0,16,39,45911.64,48830,309,1177.2215384615386,266,7.0,0,1.4201473877210292e-06,0,LOW,53.515037593984964,62999.05488721805,High Value,VIP Loyal,Loyalty program
13695.0,7,12,1767.07,1174,35,147.25583333333333,161,14.0,0,0.12368301777038664,0,LOW,27.204968944099377,4006.090372670807,High Value,VIP Loyal,Loyalty program
13699.0,64,1,308.58000000000004,66,14,308.58000000000004,0,0.0,1,0.6224552385063545,1,MEDIUM,1.0,308.58000000000004,Low Value,Automated Campaign,Low-cost automated campaign
13700.0,2,8,1634.77,1995,138,204.34625,234,33.0,0,0.06988235119819276,0,LOW,12.478632478632479,2549.9617521367522,High Value,VIP Loyal,Loyalty program
13703.0,227,1,99.5,10,1,99.5,0,0.0,1,0.7621261754843028,1,HIGH,1.0,99.5,Low Value,Automated Campaign,Low-cost automated campaign
13705.0,54,2,522.68,237,20,261.34,228,228.0,0,0.5967044028608045,1,MEDIUM,3.2017543859649122,836.7464912280701,Low Value,Automated Campaign,Low-cost automated campaign
13706.0,212,1,330.79,189,20,330.79,0,0.0,1,0.7292050074395781,1,HIGH,1.0,330.79,Low Value,Automated Campaign,Low-cost automated campaign
13707.0,176,2,806.41,351,48,403.205,48,48.0,1,0.6204480122893201,1,MEDIUM,15.208333333333336,6132.076041666667,High Value,Priority Retain,Priority retention offer
13708.0,180,1,285.33,301,49,285.33,0,0.0,1,0.6473171887554922,1,MEDIUM,1.0,285.33,Low Value,Automated Campaign,Low-cost automated campaign
13709.0,11,5,2918.81,1890,125,583.762,213,53.0,0,0.12416681620475309,0,LOW,8.568075117370892,5001.716666666666,High Value,VIP Loyal,Loyalty program
13711.0,128,2,252.06,140,11,126.03,0,0.0,1,0.643024160285443,1,MEDIUM,2.0,252.06,Low Value,Automated Campaign,Low-cost automated campaign
13712.0,156,1,228.84,352,10,228.84,0,0.0,1,0.7006365339492663,1,HIGH,1.0,228.84,Low Value,Automated Campaign,Low-cost automated campaign
13715.0,190,5,1077.39,562,89,215.478,91,22.0,1,0.3676690607541448,0,LOW,20.054945054945055,4321.399450549451,High Value,VIP Loyal,Loyalty program
13716.0,178,1,138.28,138,21,138.28,0,0.0,1,0.6934778752286713,1,MEDIUM,1.0,138.28,Low Value,Automated Campaign,Low-cost automated campaign
13717.0,38,4,955.99,1567,64,238.9975,169,56.0,0,0.28993083000390435,0,LOW,8.63905325443787,2064.712130177515,High Value,VIP Loyal,Loyalty program
13718.0,155,2,306.55,173,9,153.275,49,49.0,1,0.6763633218500152,1,MEDIUM,14.89795918367347,2283.4846938775513,High Value,Priority Retain,Priority retention offer
13719.0,114,2,338.74,186,19,169.37,28,28.0,0,0.619603579443625,1,MEDIUM,26.07142857142857,4415.717857142857,High Value,Priority Retain,Priority retention offer
13720.0,26,4,799.9,501,42,199.975,138,46.0,1,0.3420035650628084,0,LOW,10.579710144927537,2115.677536231884,High Value,VIP Loyal,Loyalty program
13722.0,41,3,2375.41,1401,75,791.8033333333333,151,75.0,1,0.33231180688771583,0,LOW,7.251655629139073,5741.885099337748,High Value,VIP Loyal,Loyalty program
13723.0,126,1,199.85000000000002,43,6,199.85000000000002,0,0.0,1,0.6842280600549999,1,MEDIUM,1.0,199.85000000000002,Low Value,Automated Campaign,Low-cost automated campaign
13725.0,78,7,1865.7,724,86,266.5285714285714,139,23.0,0,0.19560394126574565,0,LOW,18.38129496402878,4899.140287769785,High Value,VIP Loyal,Loyalty program
13726.0,10,1,292.68,384,23,292.68,0,0.0,0,0.5539511072139431,1,MEDIUM,1.0,292.68,Low Value,Automated Campaign,Low-cost automated campaign
13728.0,16,5,797.02,354,29,159.404,203,50.0,0,0.2823724284576504,0,LOW,8.990147783251231,1433.0655172413792,High Value,VIP Loyal,Loyalty program
13730.0,45,2,752.6,488,38,376.3,25,25.0,1,0.5207991366651631,1,MEDIUM,29.200000000000003,10987.960000000001,High Value,Priority Retain,Priority retention offer
13731.0,128,2,610.59,278,36,305.295,27,27.0,1,0.5988146907978723,1,MEDIUM,27.037037037037038,8254.272222222224,High Value,Priority Retain,Priority retention offer
13735.0,85,2,1409.69,719,88,704.845,58,58.0,0,0.4595659777983459,1,MEDIUM,12.586206896551722,8871.324999999999,High Value,Priority Retain,Priority retention offer
13736.0,169,1,357.53,228,73,357.53,0,0.0,0,0.5920090182046178,1,MEDIUM,1.0,357.53,Low Value,Automated Campaign,Low-cost automated campaign
13737.0,109,1,339.59999999999997,125,29,339.59999999999997,0,0.0,1,0.6313807452187798,1,MEDIUM,1.0,339.59999999999997,Low Value,Automated Campaign,Low-cost automated campaign
13740.0,150,1,350.75,425,23,350.75,0,0.0,1,0.6769163571341565,1,MEDIUM,1.0,350.75,Low Value,Automated Campaign,Low-cost automated campaign
13741.0,93,2,363.13,143,20,181.565,33,33.0,0,0.600408583239724,1,MEDIUM,22.12121212121212,4016.4378787878786,High Value,Priority Retain,Priority retention offer
13742.0,71,10,2632.57,964,163,263.257,157,17.0,0,0.06559288530196397,0,LOW,23.248407643312103,6120.306050955414,High Value,VIP Loyal,Loyalty program
13743.0,17,5,912.1199999999999,1212,8,182.42399999999998,151,37.0,0,0.3497865604679978,0,LOW,12.086092715231787,2204.7933774834432,High Value,VIP Loyal,Loyalty program
13744.0,4,2,1080.52,1153,54,540.26,197,197.0,1,0.4767717173010013,1,MEDIUM,3.7055837563451774,2001.9786802030455,High Value,Priority Retain,Priority retention offer
13745.0,71,1,300.04,496,25,300.04,0,0.0,1,0.603948457485673,1,MEDIUM,1.0,300.04,Low Value,Automated Campaign,Low-cost automated campaign
13747.0,283,1,79.6,8,1,79.6,0,0.0,1,0.7964727884217138,1,HIGH,1.0,79.6,Low Value,Automated Campaign,Low-cost automated campaign
13748.0,5,5,948.25,439,24,189.65,278,69.0,1,0.24253166806235912,0,LOW,6.564748201438849,1245.0044964028777,Low Value,Normal Marketing,Normal marketing
13750.0,49,4,1316.63,431,16,329.1575,196,65.0,0,0.3784222010539733,0,LOW,7.448979591836735,2451.8875000000003,High Value,VIP Loyal,Loyalty program
13751.0,197,1,296.25,152,9,296.25,0,0.0,1,0.7360713969239107,1,HIGH,1.0,296.25,Low Value,Automated Campaign,Low-cost automated campaign
13752.0,33,6,1175.38,874,64,195.89666666666668,122,24.0,1,0.24207202455458288,0,LOW,17.950819672131146,3516.505737704918,High Value,VIP Loyal,Loyalty program
13753.0,197,1,741.26,512,35,741.26,0,0.0,1,0.7087659378534402,1,HIGH,1.0,741.26,Low Value,Automated Campaign,Low-cost automated campaign
13754.0,61,2,282.59999999999997,214,11,141.29999999999998,165,165.0,1,0.6098057490237075,1,MEDIUM,4.424242424242425,625.1454545454545,Low Value,Automated Campaign,Low-cost automated campaign
13756.0,2,8,2972.3300000000004,1843,55,371.54125000000005,274,39.0,0,0.11029427507713165,0,LOW,10.656934306569342,3959.490693430657,High Value,VIP Loyal,Loyalty program
13758.0,110,5,2351.52,1493,87,470.304,172,43.0,0,0.24770357504604237,0,LOW,10.61046511627907,4990.144186046511,High Value,VIP Loyal,Loyalty program
13760.0,165,1,135.09,96,28,135.09,0,0.0,0,0.6697649659098829,1,MEDIUM,1.0,135.09,Low Value,Automated Campaign,Low-cost automated campaign
13761.0,89,1,491.71000000000004,224,32,491.71000000000004,0,0.0,0,0.6155542203286282,1,MEDIUM,1.0,491.71000000000004,Low Value,Automated Campaign,Low-cost automated campaign
13762.0,128,1,306.72,272,7,306.72,0,0.0,1,0.6883528396445459,1,MEDIUM,1.0,306.72,Low Value,Automated Campaign,Low-cost automated campaign
13764.0,53,2,943.29,584,123,471.645,193,193.0,0,0.37179551677831557,0,LOW,3.782383419689119,1783.9422279792743,High Value,VIP Loyal,Loyalty program
13767.0,18,28,9676.37,3933,50,345.5846428571429,264,9.0,0,0.005269671818706235,0,LOW,38.71212121212121,13378.314583333335,High Value,VIP Loyal,Loyalty program
13769.0,1,8,2176.62,856,61,272.0775,275,39.0,0,0.11169879940251806,0,LOW,10.618181818181817,2888.9683636363634,High Value,VIP Loyal,Loyalty program
13771.0,108,2,1464.8500000000001,825,65,732.4250000000001,47,47.0,0,0.5297280167792267,1,MEDIUM,15.53191489361702,11375.962765957447,High Value,Priority Retain,Priority retention offer
13772.0,6,2,682.97,308,96,341.485,142,142.0,0,0.377779115271296,0,LOW,5.140845070422535,1755.5214788732394,High Value,VIP Loyal,Loyalty program
13777.0,38,24,12360.24,5959,35,515.01,243,10.0,0,0.008305504265993028,0,LOW,36.04938271604938,18565.792592592592,High Value,VIP Loyal,Loyalty program
13778.0,12,1,178.7,70,9,178.7,0,0.0,1,0.5807837700952451,1,MEDIUM,1.0,178.7,Low Value,Automated Campaign,Low-cost automated campaign
13780.0,80,1,116.28000000000002,173,9,116.28000000000002,0,0.0,0,0.6363061563293664,1,MEDIUM,1.0,116.28000000000002,Low Value,Automated Campaign,Low-cost automated campaign
13781.0,160,1,127.84,30,17,127.84,0,0.0,1,0.6867410728981506,1,MEDIUM,1.0,127.84,Low Value,Automated Campaign,Low-cost automated campaign
13782.0,34,3,484.79,184,59,161.59666666666666,203,101.0,0,0.3465038181400986,0,LOW,5.394088669950738,871.6667487684728,Low Value,Normal Marketing,Normal marketing
13784.0,4,9,2124.15,2265,9,236.01666666666668,237,29.0,0,0.1622465280383768,0,LOW,13.860759493670885,3271.370253164557,High Value,VIP Loyal,Loyalty program
13786.0,276,1,230.39999999999998,136,7,230.39999999999998,0,0.0,1,0.7887434834050598,1,HIGH,1.0,230.39999999999998,Low Value,Automated Campaign,Low-cost automated campaign
13787.0,273,1,106.4,56,7,106.4,0,0.0,0,0.7825093948884163,1,HIGH,1.0,106.4,Low Value,Automated Campaign,Low-cost automated campaign
13791.0,37,2,1516.0,1200,7,758.0,40,40.0,1,0.590185073789048,1,MEDIUM,18.25,13833.5,High Value,Priority Retain,Priority retention offer
13792.0,196,1,74.60000000000001,28,4,74.60000000000001,0,0.0,0,0.7348207511004983,1,HIGH,1.0,74.60000000000001,Low Value,Automated Campaign,Low-cost automated campaign
13798.0,2,42,29161.14,18304,95,694.3128571428572,278,6.0,0,5.535326977584898e-05,0,LOW,55.143884892086334,38287.1082733813,High Value,VIP Loyal,Loyalty program
13799.0,26,2,688.86,402,32,344.43,177,177.0,1,0.539540332954026,1,MEDIUM,4.124293785310734,1420.5305084745762,High Value,Priority Retain,Priority retention offer
13800.0,219,1,558.32,331,33,558.32,0,0.0,1,0.7210204856329373,1,HIGH,1.0,558.32,Low Value,Automated Campaign,Low-cost automated campaign
13802.0,48,3,4599.42,2572,55,1533.14,172,86.0,1,0.3634831314066437,0,LOW,6.366279069767442,9760.397093023257,High Value,VIP Loyal,Loyalty program
13803.0,164,1,277.07,121,17,277.07,0,0.0,1,0.6965574194645673,1,MEDIUM,1.0,277.07,Low Value,Automated Campaign,Low-cost automated campaign
13804.0,6,4,1526.01,923,81,381.5025,193,64.0,0,0.22583286820641296,0,LOW,7.564766839378238,2885.977461139896,High Value,VIP Loyal,Loyalty program
13805.0,38,1,500.24,728,6,500.24,0,0.0,0,0.624763384701107,1,MEDIUM,1.0,500.24,Low Value,Automated Campaign,Low-cost automated campaign
13807.0,276,1,112.6,36,7,112.6,0,0.0,1,0.7846325764413172,1,HIGH,1.0,112.6,Low Value,Automated Campaign,Low-cost automated campaign
13808.0,3,2,723.1,324,33,361.55,3,3.0,0,0.49022607030908816,1,MEDIUM,243.33333333333337,87977.16666666669,High Value,Priority Retain,Priority retention offer
13809.0,214,1,155.05,29,11,155.05,0,0.0,1,0.7389912979011451,1,HIGH,1.0,155.05,Low Value,Automated Campaign,Low-cost automated campaign
13811.0,93,3,814.5,68,7,271.5,55,27.0,1,0.567693429317127,1,MEDIUM,19.90909090909091,5405.318181818182,High Value,Priority Retain,Priority retention offer
13812.0,14,1,278.74,191,20,278.74,0,0.0,0,0.5638506952015455,1,MEDIUM,1.0,278.74,Low Value,Automated Campaign,Low-cost automated campaign
13813.0,44,1,385.14,177,17,385.14,0,0.0,0,0.6025232404080912,1,MEDIUM,1.0,385.14,Low Value,Automated Campaign,Low-cost automated campaign
13814.0,1,2,1579.12,864,37,789.56,44,44.0,1,0.4946026667379302,1,MEDIUM,16.59090909090909,13099.51818181818,High Value,Priority Retain,Priority retention offer
13815.0,81,2,2977.75,1965,110,1488.875,146,146.0,0,0.4364937312826708,0,MEDIUM,5.0,7444.375,High Value,Priority Retain,Priority retention offer
13817.0,261,1,128.7,63,9,128.7,0,0.0,0,0.7727179854981591,1,HIGH,1.0,128.7,Low Value,Automated Campaign,Low-cost automated campaign
13819.0,211,3,1140.35,1109,26,380.1166666666666,18,9.0,1,0.6415386247434883,1,MEDIUM,60.833333333333336,23123.763888888887,High Value,Priority Retain,Priority retention offer
13821.0,54,2,385.64,153,51,192.82,116,116.0,1,0.5110019235841784,1,MEDIUM,6.293103448275861,1213.4362068965515,Low Value,Automated Campaign,Low-cost automated campaign
13823.0,1,1,650.42,325,26,650.42,0,0.0,0,0.5586942935703618,1,MEDIUM,1.0,650.42,Low Value,Automated Campaign,Low-cost automated campaign
13824.0,45,4,1429.84,660,26,357.46,174,58.0,0,0.3651482673311089,0,LOW,8.39080459770115,2999.377011494253,High Value,VIP Loyal,Loyalty program
13826.0,85,1,189.5,82,10,189.5,0,0.0,1,0.642390284130515,1,MEDIUM,1.0,189.5,Low Value,Automated Campaign,Low-cost automated campaign
13827.0,43,2,300.76,95,59,150.38,9,9.0,0,0.46605101821346584,1,MEDIUM,81.11111111111111,12197.488888888889,High Value,Priority Retain,Priority retention offer
13831.0,48,4,1450.85,515,57,362.7125,231,77.0,0,0.27951622405944276,0,LOW,6.320346320346321,2292.468614718615,High Value,VIP Loyal,Loyalty program
13833.0,68,1,383.85,117,28,383.85,0,0.0,1,0.6003852153655923,1,MEDIUM,1.0,383.85,Low Value,Automated Campaign,Low-cost automated campaign
13835.0,64,2,537.34,291,28,268.67,59,59.0,0,0.5630575382752212,1,MEDIUM,12.372881355932202,3324.222033898305,High Value,Priority Retain,Priority retention offer
13837.0,121,2,266.59000000000003,182,17,133.29500000000002,105,105.0,1,0.6399492101905471,1,MEDIUM,6.9523809523809526,926.7176190476192,Low Value,Automated Campaign,Low-cost automated campaign
13838.0,27,3,467.54,164,106,155.84666666666666,252,126.0,0,0.24062728326527988,0,LOW,4.345238095238095,677.190873015873,Low Value,Normal Marketing,Normal marketing
13841.0,162,1,85.0,100,1,85.0,0,0.0,1,0.7156609463271126,1,HIGH,1.0,85.0,Low Value,Automated Campaign,Low-cost automated campaign
13842.0,65,7,2165.27,893,96,309.32428571428574,211,35.0,0,0.14260203931890217,0,LOW,12.109004739336493,3745.6092417061614,High Value,VIP Loyal,Loyalty program
13846.0,151,2,663.9300000000001,345,43,331.96500000000003,117,117.0,0,0.6177772708499264,1,MEDIUM,6.239316239316239,2071.2346153846156,High Value,Priority Retain,Priority retention offer
13848.0,1,3,1255.0,3700,3,418.3333333333333,273,136.0,1,0.39667292832410744,0,LOW,4.010989010989011,1677.9304029304028,High Value,VIP Loyal,Loyalty program
13849.0,80,1,593.5799999999999,332,38,593.5799999999999,0,0.0,0,0.6001234933418343,1,MEDIUM,1.0,593.5799999999999,Low Value,Automated Campaign,Low-cost automated campaign
13850.0,38,1,1595.48,944,93,1595.48,0,0.0,1,0.49484053455659754,1,MEDIUM,1.0,1595.48,High Value,Priority Retain,Priority retention offer
13851.0,5,3,2651.46,1705,77,883.82,192,96.0,1,0.2858611825433178,0,LOW,5.703125000000001,5040.535937500001,High Value,VIP Loyal,Loyalty program
13854.0,1,20,6469.16,1812,35,323.45799999999997,273,14.0,0,0.0208241303825709,0,LOW,26.739926739926737,8649.243223443222,High Value,VIP Loyal,Loyalty program
13856.0,78,3,388.5,494,10,129.5,34,17.0,1,0.5562347243006451,1,MEDIUM,32.205882352941174,4170.661764705882,High Value,Priority Retain,Priority retention offer
13859.0,235,1,201.16,129,27,201.16,0,0.0,1,0.7281663199245024,1,HIGH,1.0,201.16,Low Value,Automated Campaign,Low-cost automated campaign
13862.0,17,6,1781.3,1277,77,296.8833333333333,223,44.0,0,0.16061714730569704,0,LOW,9.820627802690582,2915.580717488789,High Value,VIP Loyal,Loyalty program
13863.0,157,1,305.78,224,20,305.78,0,0.0,1,0.686558808083749,1,MEDIUM,1.0,305.78,Low Value,Automated Campaign,Low-cost automated campaign
13865.0,46,3,383.34000000000003,154,23,127.78000000000002,152,76.0,0,0.45287387778071597,1,MEDIUM,7.203947368421052,920.5203947368421,Low Value,Automated Campaign,Low-cost automated campaign
13867.0,127,1,138.85,31,8,138.85,0,0.0,0,0.6783438733447894,1,MEDIUM,1.0,138.85,Low Value,Automated Campaign,Low-cost automated campaign
13869.0,32,4,3083.65,1709,234,770.9125,233,77.0,1,0.06623539382096973,0,LOW,6.266094420600858,4830.610515021459,High Value,VIP Loyal,Loyalty program
13870.0,11,5,2179.4700000000003,1058,82,435.89400000000006,186,46.0,0,0.18942259831676453,0,LOW,9.811827956989246,4276.916935483871,High Value,VIP Loyal,Loyalty program
13871.0,1,9,4612.64,1950,120,512.5155555555556,216,27.0,0,0.05919940402216371,0,LOW,15.208333333333332,7794.507407407407,High Value,VIP Loyal,Loyalty program
13873.0,29,3,389.6,140,21,129.86666666666667,190,95.0,1,0.42707803883828244,0,MEDIUM,5.7631578947368425,748.4421052631579,Low Value,Automated Campaign,Low-cost automated campaign
13874.0,267,1,540.45,180,18,540.45,0,0.0,1,0.7780937840765328,1,HIGH,1.0,540.45,Low Value,Automated Campaign,Low-cost automated campaign
13875.0,43,4,1424.8,1005,66,356.2,167,55.0,0,0.28842473454372936,0,LOW,8.74251497005988,3114.083832335329,High Value,VIP Loyal,Loyalty program
13880.0,54,8,1680.76,852,69,210.095,222,31.0,0,0.1486637748736373,0,LOW,13.153153153153152,2763.4117117117116,High Value,VIP Loyal,Loyalty program
13881.0,5,11,9398.68,5928,65,854.4254545454546,216,21.0,0,0.045759413353255236,0,LOW,18.587962962962962,15882.028703703703,High Value,VIP Loyal,Loyalty program
13883.0,128,4,1742.78,904,94,435.695,34,11.0,0,0.36830381948486246,0,LOW,42.94117647058823,18709.25588235294,High Value,VIP Loyal,Loyalty program
13884.0,186,3,196.25,65,10,65.41666666666667,5,2.0,0,0.6615909827021403,1,MEDIUM,219.0,14326.250000000002,High Value,Priority Retain,Priority retention offer
13885.0,98,2,506.8,182,28,253.4,11,11.0,1,0.5860805768699453,1,MEDIUM,66.36363636363636,16816.545454545452,High Value,Priority Retain,Priority retention offer
13887.0,113,1,349.55,147,19,349.55,0,0.0,1,0.655370694862648,1,MEDIUM,1.0,349.55,Low Value,Automated Campaign,Low-cost automated campaign
13888.0,29,2,595.67,254,38,297.835,98,98.0,1,0.5162604058742275,1,MEDIUM,7.448979591836735,2218.566836734694,High Value,Priority Retain,Priority retention offer
13889.0,2,1,416.90000000000003,146,15,416.90000000000003,0,0.0,1,0.5714124580550684,1,MEDIUM,1.0,416.90000000000003,Low Value,Automated Campaign,Low-cost automated campaign
13890.0,16,2,501.11,271,25,250.555,251,251.0,0,0.5552351168664611,1,MEDIUM,2.908366533864542,728.7057768924303,Low Value,Automated Campaign,Low-cost automated campaign
13892.0,156,1,54.519999999999996,140,3,54.519999999999996,0,0.0,0,0.7060864243551291,1,HIGH,1.0,54.519999999999996,Low Value,Automated Campaign,Low-cost automated campaign
13893.0,207,1,821.1,190,21,821.1,0,0.0,1,0.7446311998835364,1,HIGH,1.0,821.1,Low Value,Automated Campaign,Low-cost automated campaign
13894.0,219,1,160.85,105,10,160.85,0,0.0,0,0.744252523414646,1,HIGH,1.0,160.85,Low Value,Automated Campaign,Low-cost automated campaign
13895.0,52,2,937.3000000000001,436,39,468.65000000000003,21,21.0,0,0.526699793987576,1,MEDIUM,34.76190476190476,16291.166666666666,High Value,Priority Retain,Priority retention offer
13898.0,235,1,155.93,133,12,155.93,0,0.0,1,0.7516755909400487,1,HIGH,1.0,155.93,Low Value,Automated Campaign,Low-cost automated campaign
13899.0,184,1,298.5,122,15,298.5,0,0.0,0,0.7163031249511697,1,HIGH,1.0,298.5,Low Value,Automated Campaign,Low-cost automated campaign
13900.0,92,3,740.95,430,42,246.98333333333335,79,39.0,1,0.4797528057058691,1,MEDIUM,13.860759493670885,3423.3765822784812,High Value,Priority Retain,Priority retention offer
13901.0,17,4,2652.28,1547,129,663.07,211,70.0,0,0.15375658699898478,0,LOW,6.919431279620854,4588.0672985782,High Value,VIP Loyal,Loyalty program
13904.0,204,1,201.12,223,17,201.12,0,0.0,0,0.7229692258595052,1,HIGH,1.0,201.12,Low Value,Automated Campaign,Low-cost automated campaign
13908.0,36,3,1461.61,919,65,487.2033333333333,149,74.0,0,0.351797212294592,0,LOW,7.348993288590604,3580.4540268456376,High Value,VIP Loyal,Loyalty program
13911.0,53,8,2437.63,2189,120,304.70375,163,23.0,0,0.11059845823330494,0,LOW,17.914110429447852,5458.496625766871,High Value,VIP Loyal,Loyalty program
13917.0,101,1,65.38,38,5,65.38,0,0.0,0,0.6596349697307192,1,MEDIUM,1.0,65.38,Low Value,Automated Campaign,Low-cost automated campaign
13918.0,162,1,198.2,100,8,198.2,0,0.0,0,0.7080659058530545,1,HIGH,1.0,198.2,Low Value,Automated Campaign,Low-cost automated campaign
13919.0,31,1,213.15,338,16,213.15,0,0.0,0,0.5837391386839992,1,MEDIUM,1.0,213.15,Low Value,Automated Campaign,Low-cost automated campaign
13922.0,261,1,172.25,93,7,172.25,0,0.0,1,0.7773816964303027,1,HIGH,1.0,172.25,Low Value,Automated Campaign,Low-cost automated campaign
13925.0,2,4,678.25,331,28,169.5625,42,14.0,1,0.4039630044185813,0,MEDIUM,34.76190476190476,5894.315476190476,High Value,Priority Retain,Priority retention offer
13928.0,16,2,225.45000000000002,87,13,112.72500000000001,26,26.0,0,0.5442877059758973,1,MEDIUM,28.076923076923077,3164.9711538461543,High Value,Priority Retain,Priority retention offer
13929.0,78,2,842.65,143,8,421.325,157,157.0,1,0.6358763424946093,1,MEDIUM,4.649681528662421,1959.0270700636943,High Value,Priority Retain,Priority retention offer
13930.0,46,1,210.0,210,10,210.0,0,0.0,0,0.6098003339321484,1,MEDIUM,1.0,210.0,Low Value,Automated Campaign,Low-cost automated campaign
13931.0,5,2,1237.53,725,56,618.765,185,185.0,1,0.4745097196539316,1,MEDIUM,3.9459459459459456,2441.613243243243,High Value,Priority Retain,Priority retention offer
13932.0,204,1,307.4,72,16,307.4,0,0.0,1,0.7296528922737625,1,HIGH,1.0,307.4,Low Value,Automated Campaign,Low-cost automated campaign
13933.0,18,2,608.7900000000001,205,23,304.39500000000004,39,39.0,1,0.5304148500199029,1,MEDIUM,18.717948717948715,5697.65,High Value,Priority Retain,Priority retention offer
13934.0,173,1,922.1,390,31,922.1,0,0.0,1,0.7063593683235796,1,HIGH,1.0,922.1,Low Value,Automated Campaign,Low-cost automated campaign
13936.0,89,1,376.58,330,26,376.58,0,0.0,1,0.6218317126257283,1,MEDIUM,1.0,376.58,Low Value,Automated Campaign,Low-cost automated campaign
13937.0,78,1,158.85,123,9,158.85,0,0.0,1,0.6368902517962011,1,MEDIUM,1.0,158.85,Low Value,Automated Campaign,Low-cost automated campaign
13939.0,18,2,390.21,657,32,195.105,203,203.0,0,0.5320158304253167,1,MEDIUM,3.5960591133004924,701.6091133004926,Low Value,Automated Campaign,Low-cost automated campaign
13940.0,26,2,391.06,240,25,195.53,27,27.0,0,0.5287692878374431,1,MEDIUM,27.037037037037038,5286.551851851852,High Value,Priority Retain,Priority retention offer
13941.0,81,3,2831.26,1382,20,943.7533333333334,200,100.0,0,0.46333372562039027,1,MEDIUM,5.4750000000000005,5167.049500000001,High Value,Priority Retain,Priority retention offer
13946.0,111,2,485.96999999999997,263,9,242.98499999999999,66,66.0,0,0.6444194788780878,1,MEDIUM,11.06060606060606,2687.5613636363632,High Value,Priority Retain,Priority retention offer
13948.0,270,1,102.0,40,3,102.0,0,0.0,1,0.7864834375295837,1,HIGH,1.0,102.0,Low Value,Automated Campaign,Low-cost automated campaign
13949.0,4,1,537.9,542,38,537.9,0,0.0,0,0.5285199456297616,1,MEDIUM,1.0,537.9,Low Value,Automated Campaign,Low-cost automated campaign
13950.0,156,1,179.30999999999997,81,7,179.30999999999997,0,0.0,0,0.7045436839311733,1,HIGH,1.0,179.30999999999997,Low Value,Automated Campaign,Low-cost automated campaign
13951.0,85,3,674.45,459,38,224.8166666666667,118,59.0,1,0.46733042363761285,1,MEDIUM,9.279661016949152,2086.2224576271187,High Value,Priority Retain,Priority retention offer
13952.0,127,2,3251.071,1431,120,1625.5355,20,20.0,1,0.44167828388583896,0,MEDIUM,36.5,59332.04575,High Value,Priority Retain,Priority retention offer
13953.0,25,5,2604.36,2048,8,520.8720000000001,236,59.0,0,0.28545755559867264,0,LOW,7.733050847457627,4027.92966101695,High Value,VIP Loyal,Loyalty program
13955.0,63,2,322.96,154,33,161.48,151,151.0,1,0.5631577201750985,1,MEDIUM,4.834437086092715,780.6649006622515,Low Value,Automated Campaign,Low-cost automated campaign
13956.0,47,3,676.07,381,95,225.35666666666668,133,66.0,0,0.3107248427896072,0,LOW,8.233082706766917,1855.3800751879699,High Value,VIP Loyal,Loyalty program
13959.0,190,2,337.44,198,31,168.72,81,81.0,0,0.666408697314366,1,MEDIUM,9.012345679012345,1520.5629629629627,High Value,Priority Retain,Priority retention offer
13962.0,155,1,117.6,30,7,117.6,0,0.0,0,0.7010979481077071,1,HIGH,1.0,117.6,Low Value,Automated Campaign,Low-cost automated campaign
13963.0,217,4,664.54,460,35,166.135,59,19.0,1,0.572100904299604,1,MEDIUM,24.745762711864405,4111.137288135593,High Value,Priority Retain,Priority retention offer
13967.0,55,1,80.7,42,2,80.7,0,0.0,1,0.6279745495141552,1,MEDIUM,1.0,80.7,Low Value,Automated Campaign,Low-cost automated campaign
13969.0,16,11,3883.23,1970,221,353.0209090909091,257,25.0,0,0.018681389836664068,0,LOW,15.622568093385214,5515.093190661478,High Value,VIP Loyal,Loyalty program
13971.0,15,6,1985.9,1332,95,330.98333333333335,179,35.0,0,0.1536588403289104,0,LOW,12.23463687150838,4049.460893854749,High Value,VIP Loyal,Loyalty program
13972.0,111,1,145.9,42,9,145.9,0,0.0,0,0.6638266668188101,1,MEDIUM,1.0,145.9,Low Value,Automated Campaign,Low-cost automated campaign
13973.0,196,1,264.7,109,11,264.7,0,0.0,1,0.7306663521169111,1,HIGH,1.0,264.7,Low Value,Automated Campaign,Low-cost automated campaign
13975.0,37,4,1466.67,948,166,366.6675,148,49.0,0,0.14667010052524768,0,LOW,9.864864864864865,3617.125337837838,High Value,VIP Loyal,Loyalty program
13976.0,116,1,357.98,154,10,357.98,0,0.0,1,0.6758359051456092,1,MEDIUM,1.0,357.98,Low Value,Automated Campaign,Low-cost automated campaign
13982.0,72,3,1230.1399999999999,783,45,410.0466666666666,202,101.0,0,0.4056229972822015,0,MEDIUM,5.420792079207922,2222.7777227722772,High Value,Priority Retain,Priority retention offer
13983.0,96,8,1681.06,793,65,210.1325,179,25.0,0,0.19478047144065425,0,LOW,16.312849162011172,3427.8597765363124,High Value,VIP Loyal,Loyalty program
13984.0,35,4,819.33,647,10,204.8325,239,79.0,0,0.35896643881340806,0,LOW,6.108786610878662,1251.2780334728036,Low Value,Normal Marketing,Normal marketing
13985.0,16,7,2773.04,1380,55,396.1485714285714,156,26.0,0,0.18352033569969914,0,LOW,16.378205128205128,6488.202564102564,High Value,VIP Loyal,Loyalty program
13988.0,72,3,1923.5,1290,99,641.1666666666666,92,46.0,0,0.3329800571088369,0,LOW,11.902173913043477,7631.277173913042,High Value,VIP Loyal,Loyalty program
13989.0,148,1,896.6700000000001,869,23,896.6700000000001,0,0.0,0,0.6997460081574983,1,MEDIUM,1.0,896.6700000000001,Low Value,Automated Campaign,Low-cost automated campaign
13990.0,122,1,311.3,190,16,311.3,0,0.0,1,0.6666759168254809,1,MEDIUM,1.0,311.3,Low Value,Automated Campaign,Low-cost automated campaign
13991.0,52,1,126.35,83,7,126.35,0,0.0,0,0.6172806417809328,1,MEDIUM,1.0,126.35,Low Value,Automated Campaign,Low-cost automated campaign
13993.0,10,6,2247.41,653,59,374.5683333333333,230,46.0,0,0.17337036892225482,0,LOW,9.521739130434783,3566.5419565217394,High Value,VIP Loyal,Loyalty program
13994.0,15,2,419.56,133,18,209.78,42,42.0,0,0.5370670454123496,1,MEDIUM,17.38095238095238,3646.17619047619,High Value,Priority Retain,Priority retention offer
13995.0,25,3,871.9,608,39,290.6333333333333,130,65.0,0,0.4058590003826715,0,MEDIUM,8.423076923076923,2448.026923076923,High Value,Priority Retain,Priority retention offer
13999.0,5,9,2868.9700000000003,1733,90,318.7744444444445,265,33.0,0,0.0760756724323484,0,LOW,12.39622641509434,3951.600188679246,High Value,VIP Loyal,Loyalty program
14000.0,120,1,635.66,710,15,635.66,0,0.0,1,0.6812236127426387,1,MEDIUM,1.0,635.66,Low Value,Automated Campaign,Low-cost automated campaign
14001.0,142,2,1309.14,632,21,654.57,140,140.0,0,0.6643584351253153,1,MEDIUM,5.214285714285714,3413.1150000000002,High Value,Priority Retain,Priority retention offer
14002.0,43,2,529.73,877,47,264.865,22,22.0,1,0.49495637976822504,1,MEDIUM,33.18181818181818,8788.702272727272,High Value,Priority Retain,Priority retention offer
14004.0,7,5,3203.26,1676,69,640.652,190,47.0,0,0.19355041304963785,0,LOW,9.605263157894738,6153.63105263158,High Value,VIP Loyal,Loyalty program
14005.0,43,3,696.56,864,29,232.18666666666664,81,40.0,0,0.4618274120509595,1,MEDIUM,13.518518518518519,3138.8197530864195,High Value,Priority Retain,Priority retention offer
14006.0,25,3,962.19,641,22,320.73,196,98.0,1,0.4164227012718428,0,MEDIUM,5.586734693877551,1791.833418367347,High Value,Priority Retain,Priority retention offer
14009.0,107,2,695.61,365,42,347.805,7,7.0,1,0.5650770830704376,1,MEDIUM,104.28571428571428,36271.09285714285,High Value,Priority Retain,Priority retention offer
14012.0,187,1,328.8,160,11,328.8,0,0.0,1,0.7268177216873754,1,HIGH,1.0,328.8,Low Value,Automated Campaign,Low-cost automated campaign
14013.0,19,3,473.02,462,30,157.67333333333332,165,82.0,1,0.40700214413213603,0,MEDIUM,6.636363636363637,1046.3775757575756,Low Value,Automated Campaign,Low-cost automated campaign
14016.0,71,4,4341.21,2125,154,1085.3025,195,65.0,1,0.1468754593174864,0,LOW,7.487179487179487,8125.8546153846155,High Value,VIP Loyal,Loyalty program
14019.0,7,2,800.53,553,28,400.265,39,39.0,0,0.5107139242338087,1,MEDIUM,18.717948717948715,7492.1397435897425,High Value,Priority Retain,Priority retention offer
14021.0,64,3,631.9,192,22,210.63333333333333,101,50.0,1,0.49040978062460466,1,MEDIUM,10.841584158415843,2283.5990099009905,High Value,Priority Retain,Priority retention offer
14022.0,134,1,440.0,487,28,440.0,0,0.0,1,0.6583466654445264,1,MEDIUM,1.0,440.0,Low Value,Automated Campaign,Low-cost automated campaign
14023.0,159,1,273.14,162,16,273.14,0,0.0,0,0.6942799900771977,1,MEDIUM,1.0,273.14,Low Value,Automated Campaign,Low-cost automated campaign
14024.0,31,2,327.7,150,16,163.85,2,2.0,1,0.54866546340899,1,MEDIUM,365.0,59805.25,High Value,Priority Retain,Priority retention offer
14029.0,53,1,165.20000000000002,24,6,165.20000000000002,0,0.0,0,0.6223635363402261,1,MEDIUM,1.0,165.20000000000002,Low Value,Automated Campaign,Low-cost automated campaign
14030.0,30,6,1657.5,860,147,276.25,245,49.0,0,0.093520913359294,0,LOW,8.938775510204081,2469.3367346938776,High Value,VIP Loyal,Loyalty program
14031.0,35,13,9627.03,3588,101,740.5407692307692,245,20.0,0,0.025810400544619198,0,LOW,19.36734693877551,14342.31,High Value,VIP Loyal,Loyalty program
14032.0,78,6,1845.37,1325,43,307.56166666666667,198,39.0,0,0.25663842434511036,0,LOW,11.06060606060606,3401.8184343434345,High Value,VIP Loyal,Loyalty program
14034.0,66,2,473.90999999999997,307,23,236.95499999999998,0,0.0,0,0.5659392447620029,1,MEDIUM,2.0,473.90999999999997,Low Value,Automated Campaign,Low-cost automated campaign
14035.0,16,3,837.26,447,18,279.08666666666664,190,95.0,0,0.4201281397300034,0,MEDIUM,5.7631578947368425,1608.4205263157894,High Value,Priority Retain,Priority retention offer
14036.0,194,1,626.65,268,38,626.65,0,0.0,1,0.6963222787556743,1,MEDIUM,1.0,626.65,Low Value,Automated Campaign,Low-cost automated campaign
14037.0,85,2,147.20000000000002,46,27,73.60000000000001,188,188.0,1,0.5993535596165382,1,MEDIUM,3.882978723404255,285.7872340425532,Low Value,Automated Campaign,Low-cost automated campaign
14038.0,53,2,1086.42,701,49,543.21,63,63.0,0,0.5131270498878092,1,MEDIUM,11.587301587301587,6294.338095238096,High Value,Priority Retain,Priority retention offer
14040.0,3,10,2734.46,1286,122,273.446,236,26.0,0,0.056452456615412476,0,LOW,15.466101694915254,4229.143644067797,High Value,VIP Loyal,Loyalty program
14041.0,175,1,141.41,94,21,141.41,0,0.0,1,0.6913971464907506,1,MEDIUM,1.0,141.41,Low Value,Automated Campaign,Low-cost automated campaign
14044.0,12,3,535.71,247,144,178.57000000000002,206,103.0,0,0.18738675412469313,0,LOW,5.315533980582524,949.1949029126214,Low Value,Normal Marketing,Normal marketing
14045.0,18,4,1659.75,535,4,414.9375,264,88.0,1,0.33754345129286195,0,LOW,5.53030303030303,2294.7301136363635,High Value,VIP Loyal,Loyalty program
14046.0,193,1,154.99,460,14,154.99,0,0.0,1,0.717647875734389,1,HIGH,1.0,154.99,Low Value,Automated Campaign,Low-cost automated campaign
14047.0,109,3,635.92,210,15,211.97333333333333,173,86.0,0,0.518188837228552,1,MEDIUM,6.329479768786127,1341.6809248554914,Low Value,Automated Campaign,Low-cost automated campaign
14048.0,214,1,409.93,288,83,409.93,0,0.0,1,0.6128044192407681,1,MEDIUM,1.0,409.93,Low Value,Automated Campaign,Low-cost automated campaign
14049.0,68,3,3244.74,2150,211,1081.58,159,79.0,0,0.13871919912705669,0,LOW,6.886792452830189,7448.616981132075,High Value,VIP Loyal,Loyalty program
14050.0,15,1,485.98,447,37,485.98,0,0.0,0,0.5381563370147106,1,MEDIUM,1.0,485.98,Low Value,Automated Campaign,Low-cost automated campaign
14051.0,1,16,9271.84,2287,43,579.49,274,18.0,0,0.02398471354467161,0,LOW,21.313868613138684,12351.173722627736,High Value,VIP Loyal,Loyalty program
14053.0,33,2,260.25,215,2,130.125,35,35.0,1,0.5847490943896736,1,MEDIUM,20.857142857142858,2714.035714285714,High Value,Priority Retain,Priority retention offer
14055.0,15,1,725.6400000000001,216,10,725.6400000000001,0,0.0,1,0.6095580766914767,1,MEDIUM,1.0,725.6400000000001,Low Value,Automated Campaign,Low-cost automated campaign
14056.0,16,17,5333.97,2864,274,313.7629411764706,177,11.0,0,0.006183309714812949,0,LOW,35.056497175141246,10999.42966101695,High Value,VIP Loyal,Loyalty program
14057.0,10,13,4805.68,3945,155,369.66769230769233,259,21.0,0,0.02215234158848459,0,LOW,18.320463320463322,6772.483397683399,High Value,VIP Loyal,Loyalty program
14059.0,176,1,183.6,128,8,183.6,0,0.0,1,0.7178051174454171,1,HIGH,1.0,183.6,Low Value,Automated Campaign,Low-cost automated campaign
14060.0,17,14,4102.78,3770,67,293.05571428571426,264,20.0,0,0.04462272656696513,0,LOW,19.356060606060606,5672.404166666666,High Value,VIP Loyal,Loyalty program
14062.0,1,10,8800.67,4143,57,880.067,272,30.0,0,0.050344632184113405,0,LOW,13.419117647058822,11809.722610294117,High Value,VIP Loyal,Loyalty program
14064.0,22,4,1097.03,1512,44,274.2575,161,53.0,0,0.3174638110006642,0,LOW,9.068322981366459,2487.0555900621116,High Value,VIP Loyal,Loyalty program
14066.0,176,1,152.55,45,7,152.55,0,0.0,1,0.7184099058464208,1,HIGH,1.0,152.55,Low Value,Automated Campaign,Low-cost automated campaign
14067.0,6,1,224.67,216,25,224.67,0,0.0,0,0.5427789584768414,1,MEDIUM,1.0,224.67,Low Value,Automated Campaign,Low-cost automated campaign
14068.0,229,1,265.85,73,22,265.85,0,0.0,1,0.7353981248424554,1,HIGH,1.0,265.85,Low Value,Automated Campaign,Low-cost automated campaign
14071.0,169,2,356.81,295,22,178.405,4,4.0,0,0.6563221075659407,1,MEDIUM,182.5,32558.9125,High Value,Priority Retain,Priority retention offer
14075.0,170,1,307.92,270,18,307.92,0,0.0,0,0.7003733263394935,1,HIGH,1.0,307.92,Low Value,Automated Campaign,Low-cost automated campaign
14076.0,38,1,118.67,79,43,118.67,0,0.0,1,0.5270344224696114,1,MEDIUM,1.0,118.67,Low Value,Automated Campaign,Low-cost automated campaign
14077.0,91,3,310.4,148,30,103.46666666666665,91,45.0,0,0.5022382242723857,1,MEDIUM,12.032967032967033,1245.0109890109889,Low Value,Automated Campaign,Low-cost automated campaign
14078.0,11,6,1049.37,310,46,174.89499999999998,271,54.0,1,0.18516539844768046,0,LOW,8.08118081180812,1413.358118081181,High Value,VIP Loyal,Loyalty program
14079.0,34,1,375.1,301,12,375.1,0,0.0,1,0.6034739657402991,1,MEDIUM,1.0,375.1,Low Value,Automated Campaign,Low-cost automated campaign
14081.0,211,2,921.62,592,126,460.81,67,67.0,1,0.486671529962729,1,MEDIUM,10.895522388059701,5020.765671641791,High Value,Priority Retain,Priority retention offer
14082.0,274,1,182.25,110,28,182.25,0,0.0,1,0.7530473850113755,1,HIGH,1.0,182.25,Low Value,Automated Campaign,Low-cost automated campaign
14083.0,35,7,533.39,374,92,76.19857142857143,245,40.0,0,0.13598070552414712,0,LOW,10.428571428571429,794.6422448979591,Low Value,Normal Marketing,Normal marketing
14085.0,50,12,3220.94,2190,228,268.4116666666667,227,20.0,0,0.020373710204520085,0,LOW,19.295154185022028,5179.044493392072,High Value,VIP Loyal,Loyalty program
14088.0,38,7,25507.89,7074,232,3643.9842857142858,193,32.0,0,0.007974870593387194,0,LOW,13.238341968911916,48240.31010362694,High Value,VIP Loyal,Loyalty program
14090.0,234,1,76.32000000000001,72,1,76.32000000000001,0,0.0,1,0.7656972962118808,1,HIGH,1.0,76.32000000000001,Low Value,Automated Campaign,Low-cost automated campaign
14092.0,9,10,2745.42,1495,96,274.54200000000003,258,28.0,0,0.0663987594041464,0,LOW,14.147286821705427,3884.0244186046516,High Value,VIP Loyal,Loyalty program
14096.0,0,3,244.68,97,56,81.56,10,5.0,0,0.3965292505801849,0,LOW,109.5,8930.82,High Value,VIP Loyal,Loyalty program
14099.0,29,8,2309.92,1726,143,288.74,234,33.0,0,0.07012291315125836,0,LOW,12.478632478632479,3603.080341880342,High Value,VIP Loyal,Loyalty program
14100.0,47,1,191.95000000000002,63,24,191.95000000000002,0,0.0,1,0.580431319952101,1,MEDIUM,1.0,191.95000000000002,Low Value,Automated Campaign,Low-cost automated campaign
14101.0,52,5,4944.389999999999,6406,15,988.8779999999999,183,45.0,0,0.28553015732297043,0,LOW,9.972677595628415,9861.761475409836,High Value,VIP Loyal,Loyalty program
14104.0,64,2,216.20999999999998,72,21,108.10499999999999,11,11.0,1,0.5677717515918823,1,MEDIUM,66.36363636363636,7174.240909090908,High Value,Priority Retain,Priority retention offer
14105.0,148,1,1266.23,800,74,1266.23,0,0.0,1,0.6172910331546833,1,MEDIUM,1.0,1266.23,Low Value,Automated Campaign,Low-cost automated campaign
14107.0,5,6,2461.94,1606,58,410.3233333333333,268,53.0,0,0.15322661787990943,0,LOW,8.171641791044776,3353.0152985074624,High Value,VIP Loyal,Loyalty program
14108.0,11,1,291.33,209,16,291.33,0,0.0,0,0.5704346769345381,1,MEDIUM,1.0,291.33,Low Value,Automated Campaign,Low-cost automated campaign
14110.0,28,5,3259.62,1534,65,651.924,147,36.0,0,0.23111721433082874,0,LOW,12.414965986394558,8093.614285714285,High Value,VIP Loyal,Loyalty program
14111.0,5,3,295.5,202,5,98.5,146,73.0,0,0.4575165187404274,1,MEDIUM,7.5,738.75,Low Value,Automated Campaign,Low-cost automated campaign
14112.0,40,4,1900.82,1148,89,475.205,145,48.0,0,0.25288635106633117,0,LOW,10.068965517241379,4784.8227586206895,High Value,VIP Loyal,Loyalty program
14113.0,264,1,433.5,102,2,433.5,0,0.0,0,0.7961139535066372,1,HIGH,1.0,433.5,Low Value,Automated Campaign,Low-cost automated campaign
14114.0,183,2,386.53,101,15,193.265,56,56.0,1,0.6889833428477692,1,MEDIUM,13.035714285714285,2519.347321428571,High Value,Priority Retain,Priority retention offer
14116.0,2,2,628.87,380,29,314.435,28,28.0,0,0.5006963436348085,1,MEDIUM,26.07142857142857,8197.769642857142,High Value,Priority Retain,Priority retention offer
14117.0,53,1,90.0,72,3,90.0,0,0.0,1,0.6245996292935435,1,MEDIUM,1.0,90.0,Low Value,Automated Campaign,Low-cost automated campaign
14127.0,32,3,709.71,321,39,236.57000000000002,187,93.0,1,0.3908580867693203,0,LOW,5.855614973262032,1385.262834224599,High Value,VIP Loyal,Loyalty program
14128.0,165,1,305.54,269,22,305.54,0,0.0,0,0.6889245230822452,1,MEDIUM,1.0,305.54,Low Value,Automated Campaign,Low-cost automated campaign
14129.0,5,3,726.23,355,28,242.07666666666668,165,82.0,0,0.39869696739813454,0,LOW,6.636363636363637,1606.508787878788,High Value,VIP Loyal,Loyalty program
14130.0,228,1,480.91,257,66,480.91,0,0.0,1,0.6627814043772784,1,MEDIUM,1.0,480.91,Low Value,Automated Campaign,Low-cost automated campaign
14132.0,23,5,1552.46,1420,48,310.492,69,17.0,0,0.3176879959802751,0,LOW,26.44927536231884,8212.288405797102,High Value,VIP Loyal,Loyalty program
14133.0,39,3,605.64,348,25,201.88,186,93.0,1,0.4278966377344611,0,MEDIUM,5.887096774193548,1188.4870967741936,Low Value,Automated Campaign,Low-cost automated campaign
14135.0,14,10,3190.32,3364,82,319.03200000000004,267,29.0,0,0.0696652279151731,0,LOW,13.670411985018728,4361.298876404495,High Value,VIP Loyal,Loyalty program
14141.0,14,1,285.16,140,16,285.16,0,0.0,0,0.57297641731931,1,MEDIUM,1.0,285.16,Low Value,Automated Campaign,Low-cost automated campaign
14142.0,282,1,311.81,313,22,311.81,0,0.0,1,0.7725670767035017,1,HIGH,1.0,311.81,Low Value,Automated Campaign,Low-cost automated campaign
14143.0,43,1,115.8,30,7,115.8,0,0.0,1,0.6090891324568835,1,MEDIUM,1.0,115.8,Low Value,Automated Campaign,Low-cost automated campaign
14145.0,66,3,2851.2,576,6,950.4,60,30.0,0,0.5381966593416249,1,MEDIUM,18.25,17344.8,High Value,Priority Retain,Priority retention offer
14146.0,164,2,1903.73,811,62,951.865,102,102.0,0,0.5998465084013026,1,MEDIUM,7.156862745098039,6812.367156862744,High Value,Priority Retain,Priority retention offer
14147.0,195,1,182.8,40,2,182.8,0,0.0,0,0.742037781646067,1,HIGH,1.0,182.8,Low Value,Automated Campaign,Low-cost automated campaign
14148.0,143,1,157.2,16,3,157.2,0,0.0,1,0.7011433743648621,1,HIGH,1.0,157.2,Low Value,Automated Campaign,Low-cost automated campaign
14149.0,130,1,446.62,218,28,446.62,0,0.0,1,0.656064985951335,1,MEDIUM,1.0,446.62,Low Value,Automated Campaign,Low-cost automated campaign
14150.0,269,1,306.18,262,12,306.18,0,0.0,0,0.7795171702207955,1,HIGH,1.0,306.18,Low Value,Automated Campaign,Low-cost automated campaign
14152.0,143,1,314.51,369,29,314.51,0,0.0,0,0.6579107772965814,1,MEDIUM,1.0,314.51,Low Value,Automated Campaign,Low-cost automated campaign
14154.0,148,2,1345.62,465,52,672.81,0,0.0,1,0.5863414006524043,1,MEDIUM,2.0,1345.62,Low Value,Automated Campaign,Low-cost automated campaign
14155.0,175,1,118.75,25,6,118.75,0,0.0,1,0.7180115882384156,1,HIGH,1.0,118.75,Low Value,Automated Campaign,Low-cost automated campaign
14156.0,2,42,98688.79,48716,642,2349.7330952380953,278,6.0,0,1.1423454388525197e-10,0,LOW,55.143884892086334,129573.41133093527,High Value,VIP Loyal,Loyalty program
14157.0,194,1,269.18,186,36,269.18,0,0.0,0,0.6836567919203091,1,MEDIUM,1.0,269.18,Low Value,Automated Campaign,Low-cost automated campaign
14159.0,5,7,2732.73,2487,399,390.39,267,44.0,0,0.007289208504367006,0,LOW,9.569288389513108,3735.754494382022,High Value,VIP Loyal,Loyalty program
14161.0,125,3,1097.6200000000001,450,87,365.8733333333334,153,76.0,1,0.3827224763100281,0,LOW,7.1568627450980395,2618.5052287581707,High Value,VIP Loyal,Loyalty program
14162.0,83,2,289.36,142,25,144.68,118,118.0,1,0.5928091820702627,1,MEDIUM,6.186440677966101,895.0542372881356,Low Value,Automated Campaign,Low-cost automated campaign
14163.0,61,3,1659.39,589,31,553.13,86,43.0,0,0.4709887424793813,1,MEDIUM,12.732558139534884,7042.759883720931,High Value,Priority Retain,Priority retention offer
14165.0,185,1,120.44,53,23,120.44,0,0.0,1,0.6945400765341772,1,MEDIUM,1.0,120.44,Low Value,Automated Campaign,Low-cost automated campaign
14167.0,74,3,389.85,103,23,129.95000000000002,166,83.0,0,0.47286644995132854,1,MEDIUM,6.596385542168674,857.2003012048193,Low Value,Automated Campaign,Low-cost automated campaign
14171.0,7,1,363.79,167,57,363.79,0,0.0,1,0.4810478204890041,1,MEDIUM,1.0,363.79,Low Value,Automated Campaign,Low-cost automated campaign
14173.0,128,1,114.04,40,11,114.04,0,0.0,0,0.6721443257807891,1,MEDIUM,1.0,114.04,Low Value,Automated Campaign,Low-cost automated campaign
14175.0,80,2,1205.99,626,58,602.995,158,158.0,0,0.5341808173368182,1,MEDIUM,4.620253164556962,2785.9895569620253,High Value,Priority Retain,Priority retention offer
14176.0,206,4,576.9000000000001,209,28,144.22500000000002,70,23.0,1,0.5729572595367699,1,MEDIUM,20.857142857142858,3008.121428571429,High Value,Priority Retain,Priority retention offer
14177.0,5,3,299.46,144,37,99.82,84,42.0,0,0.41265229373634504,0,MEDIUM,13.035714285714286,1301.225,Low Value,Automated Campaign,Low-cost automated campaign
14178.0,7,3,477.29,387,87,159.09666666666666,84,42.0,0,0.31207978447925566,0,LOW,13.035714285714286,2073.9386904761905,High Value,VIP Loyal,Loyalty program
14180.0,0,22,4258.92,635,107,193.58727272727273,281,13.0,0,0.0108252668883141,0,LOW,28.576512455516017,5532.049110320286,High Value,VIP Loyal,Loyalty program
14185.0,240,1,197.65,6,3,197.65,0,0.0,1,0.7712854748795389,1,HIGH,1.0,197.65,Low Value,Automated Campaign,Low-cost automated campaign
14188.0,18,4,1383.46,783,25,345.865,200,66.0,0,0.33051651159305573,0,LOW,7.300000000000001,2524.8145000000004,High Value,VIP Loyal,Loyalty program
14189.0,5,11,3267.92,2720,125,297.08363636363634,272,27.0,0,0.04084083127959125,0,LOW,14.761029411764705,4385.2602941176465,High Value,VIP Loyal,Loyalty program
14191.0,17,7,2258.26,1388,71,322.60857142857145,112,18.0,0,0.18840596540954513,0,LOW,22.8125,7359.508035714286,High Value,VIP Loyal,Loyalty program
14193.0,179,1,422.53999999999996,250,23,422.53999999999996,0,0.0,0,0.7032940591576127,1,HIGH,1.0,422.53999999999996,Low Value,Automated Campaign,Low-cost automated campaign
14194.0,15,12,5666.45,3243,203,472.20416666666665,201,18.0,0,0.01922878754952721,0,LOW,21.791044776119406,10289.822139303484,High Value,VIP Loyal,Loyalty program
14195.0,111,2,1012.0,760,7,506.0,50,50.0,1,0.6506339964093335,1,MEDIUM,14.600000000000001,7387.6,High Value,Priority Retain,Priority retention offer
14196.0,16,1,335.52,142,6,335.52,0,0.0,1,0.5987620419109272,1,MEDIUM,1.0,335.52,Low Value,Automated Campaign,Low-cost automated campaign
14198.0,54,2,356.95,167,21,178.475,94,94.0,0,0.572764471859511,1,MEDIUM,7.76595744680851,1386.029255319149,High Value,Priority Retain,Priority retention offer
14199.0,127,1,185.39999999999998,28,2,185.39999999999998,0,0.0,1,0.6919337956549794,1,MEDIUM,1.0,185.39999999999998,Low Value,Automated Campaign,Low-cost automated campaign
14201.0,58,5,521.24,360,19,104.248,210,52.0,0,0.33308519195567576,0,LOW,8.690476190476192,905.9647619047621,Low Value,Normal Marketing,Normal marketing
14205.0,173,1,222.9,126,14,222.9,0,0.0,0,0.7064863497126417,1,HIGH,1.0,222.9,Low Value,Automated Campaign,Low-cost automated campaign
14206.0,148,1,328.15999999999997,276,20,328.15999999999997,0,0.0,1,0.6803812933294644,1,MEDIUM,1.0,328.15999999999997,Low Value,Automated Campaign,Low-cost automated campaign
14208.0,4,1,151.74,114,10,151.74,0,0.0,1,0.5699470628146918,1,MEDIUM,1.0,151.74,Low Value,Automated Campaign,Low-cost automated campaign
14209.0,30,5,1876.33,657,54,375.26599999999996,211,52.0,0,0.2340990907923135,0,LOW,8.649289099526067,3245.784123222749,High Value,VIP Loyal,Loyalty program
14210.0,15,6,1905.8400000000001,760,66,317.64000000000004,265,53.0,1,0.15628557251257874,0,LOW,8.264150943396226,2625.0249056603775,High Value,VIP Loyal,Loyalty program
14211.0,6,6,1129.93,593,53,188.3216666666667,198,39.0,0,0.20437603681987562,0,LOW,11.06060606060606,2082.9517676767678,High Value,VIP Loyal,Loyalty program
14214.0,65,3,899.16,671,56,299.71999999999997,121,60.0,0,0.4076368412657055,0,MEDIUM,9.049586776859503,2712.34214876033,High Value,Priority Retain,Priority retention offer
14215.0,96,4,1098.27,589,58,274.5675,181,60.0,0,0.3422134514529686,0,LOW,8.066298342541437,2214.743370165746,High Value,VIP Loyal,Loyalty program
14217.0,9,10,1211.5,380,54,121.15,266,29.0,0,0.10418303830473305,0,LOW,13.721804511278195,1662.3966165413535,High Value,VIP Loyal,Loyalty program
14220.0,156,2,632.4,272,21,316.2,110,110.0,1,0.6653286609432194,1,MEDIUM,6.636363636363637,2098.418181818182,High Value,Priority Retain,Priority retention offer
14221.0,22,7,2617.0099999999998,1546,91,373.8585714285714,226,37.0,0,0.1196834960737253,0,LOW,11.305309734513274,4226.586946902655,High Value,VIP Loyal,Loyalty program
14222.0,86,1,683.17,607,41,683.17,0,0.0,1,0.6029667537723444,1,MEDIUM,1.0,683.17,Low Value,Automated Campaign,Low-cost automated campaign
14223.0,1,3,991.13,585,50,330.37666666666667,171,85.0,1,0.34666062740216275,0,LOW,6.4035087719298245,2115.5698830409356,High Value,VIP Loyal,Loyalty program
14224.0,19,4,1009.73,483,105,252.4325,209,69.0,1,0.19616515385903566,0,LOW,6.9856459330143545,1763.404066985646,High Value,VIP Loyal,Loyalty program
14226.0,119,2,1692.0,1075,40,846.0,58,58.0,0,0.5972889221440455,1,MEDIUM,12.586206896551722,10647.931034482757,High Value,Priority Retain,Priority retention offer
14227.0,105,7,2399.52,1279,104,342.7885714285714,88,14.0,0,0.20331869538641828,0,LOW,29.034090909090907,9952.554545454544,High Value,VIP Loyal,Loyalty program
14229.0,201,2,762.13,303,23,381.065,41,41.0,0,0.6893249842621445,1,MEDIUM,17.804878048780488,6784.815853658536,High Value,Priority Retain,Priority retention offer
14231.0,93,3,925.71,409,47,308.57,104,52.0,1,0.459993124234723,1,MEDIUM,10.528846153846153,3248.8860576923075,High Value,Priority Retain,Priority retention offer
14232.0,24,4,1573.33,1503,71,393.3325,149,49.0,0,0.2717639059801009,0,LOW,9.798657718120806,3854.1305369127517,High Value,VIP Loyal,Loyalty program
14233.0,121,3,959.1,410,15,319.7,105,52.0,0,0.5546627842405099,1,MEDIUM,10.428571428571429,3334.0142857142855,High Value,Priority Retain,Priority retention offer
14235.0,67,4,2802.86,1841,62,700.715,102,34.0,0,0.3347243032673089,0,LOW,14.313725490196077,10029.842156862745,High Value,VIP Loyal,Loyalty program
14236.0,281,1,189.3,38,3,189.3,0,0.0,0,0.7962475875773737,1,HIGH,1.0,189.3,Low Value,Automated Campaign,Low-cost automated campaign
14237.0,282,1,161.0,38,9,161.0,0,0.0,1,0.7871200568633959,1,HIGH,1.0,161.0,Low Value,Automated Campaign,Low-cost automated campaign
14238.0,235,1,146.85,111,8,146.85,0,0.0,1,0.7578763119133077,1,HIGH,1.0,146.85,Low Value,Automated Campaign,Low-cost automated campaign
14239.0,4,9,1880.89,803,71,208.98777777777778,221,27.0,0,0.10921617558061361,0,LOW,14.864253393665159,3106.4472850678735,High Value,VIP Loyal,Loyalty program
14240.0,135,1,226.85,79,10,226.85,0,0.0,0,0.6848922922310825,1,MEDIUM,1.0,226.85,Low Value,Automated Campaign,Low-cost automated campaign
14241.0,93,1,213.70000000000002,146,10,213.70000000000002,0,0.0,1,0.6501019050742589,1,MEDIUM,1.0,213.70000000000002,Low Value,Automated Campaign,Low-cost automated campaign
14242.0,144,2,280.55,123,13,140.275,91,91.0,1,0.6652957045358663,1,MEDIUM,8.021978021978022,1125.282967032967,Low Value,Automated Campaign,Low-cost automated campaign
14243.0,4,8,2305.95,1031,93,288.24375,270,38.0,0,0.08769509644478514,0,LOW,10.814814814814815,3117.3027777777775,High Value,VIP Loyal,Loyalty program
14245.0,129,2,1693.45,976,107,846.725,43,43.0,1,0.4582203061049468,1,MEDIUM,16.97674418604651,14374.633720930231,High Value,Priority Retain,Priority retention offer
14246.0,20,3,1474.06,804,57,491.3533333333333,135,67.0,1,0.35993871097711627,0,LOW,8.11111111111111,3985.421481481481,High Value,VIP Loyal,Loyalty program
14247.0,187,1,136.76999999999998,47,19,136.76999999999998,0,0.0,1,0.7042415540951921,1,HIGH,1.0,136.76999999999998,Low Value,Automated Campaign,Low-cost automated campaign
14248.0,227,1,302.58,102,8,302.58,0,0.0,1,0.7587533153594684,1,HIGH,1.0,302.58,Low Value,Automated Campaign,Low-cost automated campaign
14256.0,169,2,969.0600000000001,414,51,484.53000000000003,104,104.0,1,0.6180052812672732,1,MEDIUM,7.019230769230769,3401.0278846153847,High Value,Priority Retain,Priority retention offer
14257.0,32,4,2725.84,1338,84,681.46,195,65.0,0,0.22862702760577738,0,LOW,7.487179487179487,5102.213333333334,High Value,VIP Loyal,Loyalty program
14258.0,61,7,9386.32,5420,52,1340.902857142857,185,30.0,0,0.12709129662791094,0,LOW,13.81081081081081,18518.955675675676,High Value,VIP Loyal,Loyalty program
14259.0,51,1,120.0,68,5,120.0,0,0.0,1,0.6202891554143664,1,MEDIUM,1.0,120.0,Low Value,Automated Campaign,Low-cost automated campaign
14262.0,16,3,855.0,593,42,285.0,133,66.0,0,0.3900677058534572,0,LOW,8.233082706766917,2346.428571428571,High Value,VIP Loyal,Loyalty program
14264.0,64,2,333.97,70,15,166.985,90,90.0,1,0.593872825689258,1,MEDIUM,8.11111111111111,1354.433888888889,Low Value,Automated Campaign,Low-cost automated campaign
14265.0,18,2,530.18,330,31,265.09,39,39.0,1,0.5115466954250643,1,MEDIUM,18.717948717948715,4961.941025641025,High Value,Priority Retain,Priority retention offer
14267.0,72,3,1516.24,530,25,505.41333333333336,97,48.0,1,0.4897653502981149,1,MEDIUM,11.288659793814432,5705.439175257732,High Value,Priority Retain,Priority retention offer
14270.0,241,1,492.65000000000003,197,29,492.65000000000003,0,0.0,1,0.7412075898639773,1,HIGH,1.0,492.65000000000003,Low Value,Automated Campaign,Low-cost automated campaign
14271.0,135,1,112.32,88,10,112.32,0,0.0,1,0.6794692626482581,1,MEDIUM,1.0,112.32,Low Value,Automated Campaign,Low-cost automated campaign
14272.0,163,1,132.09,87,8,132.09,0,0.0,0,0.7058731027825426,1,HIGH,1.0,132.09,Low Value,Automated Campaign,Low-cost automated campaign
14273.0,45,3,450.05,196,18,150.01666666666668,106,53.0,0,0.48085371930209614,1,MEDIUM,10.330188679245284,1549.7004716981135,High Value,Priority Retain,Priority retention offer
14276.0,8,3,1119.74,744,52,373.24666666666667,191,95.0,1,0.3406148966488945,0,LOW,5.732984293193717,2139.817277486911,High Value,VIP Loyal,Loyalty program
14277.0,121,1,1629.03,855,71,1629.03,0,0.0,0,0.6187553891491722,1,MEDIUM,1.0,1629.03,High Value,Priority Retain,Priority retention offer
14280.0,106,1,134.04,52,8,134.04,0,0.0,1,0.6611147610027122,1,MEDIUM,1.0,134.04,Low Value,Automated Campaign,Low-cost automated campaign
14282.0,19,9,2467.54,1788,58,274.1711111111111,257,32.0,0,0.10863574872970587,0,LOW,12.782101167315176,3504.482879377432,High Value,VIP Loyal,Loyalty program
14285.0,86,1,5.9,2,1,5.9,0,0.0,0,0.6524066460006142,1,MEDIUM,1.0,5.9,Low Value,Automated Campaign,Low-cost automated campaign
14286.0,152,1,2050.08,1998,141,2050.08,0,0.0,0,0.514889214327622,1,MEDIUM,1.0,2050.08,High Value,Priority Retain,Priority retention offer
14287.0,108,2,83.28,216,4,41.64,0,0.0,0,0.6383686232512563,1,MEDIUM,2.0,83.28,Low Value,Automated Campaign,Low-cost automated campaign
14288.0,122,1,426.6,188,16,426.6,0,0.0,1,0.672230524721348,1,MEDIUM,1.0,426.6,Low Value,Automated Campaign,Low-cost automated campaign
14289.0,44,5,832.78,278,33,166.55599999999998,154,38.0,0,0.3243582568785698,0,LOW,11.85064935064935,1973.796753246753,High Value,VIP Loyal,Loyalty program
14290.0,271,1,777.5600000000001,220,23,777.5600000000001,0,0.0,0,0.7818149034129338,1,HIGH,1.0,777.5600000000001,Low Value,Automated Campaign,Low-cost automated campaign
14291.0,30,7,2355.54,1478,96,336.5057142857143,154,25.0,0,0.14555666315210009,0,LOW,16.59090909090909,5582.935714285714,High Value,VIP Loyal,Loyalty program
14292.0,55,4,2590.21,825,50,647.5525,137,45.0,0,0.33404176449138095,0,LOW,10.656934306569342,6900.924452554744,High Value,VIP Loyal,Loyalty program
14293.0,56,3,739.41,427,40,246.47,221,110.0,0,0.3964089137981817,0,LOW,4.95475113122172,1221.1975113122173,Low Value,Normal Marketing,Normal marketing
14297.0,184,1,232.6,78,11,232.6,0,0.0,0,0.7206298701723242,1,HIGH,1.0,232.6,Low Value,Automated Campaign,Low-cost automated campaign
14298.0,8,37,41182.51,47694,720,1113.0408108108109,261,7.0,0,8.376758942566353e-08,0,LOW,51.743295019157095,57592.399042145604,High Value,VIP Loyal,Loyalty program
14299.0,17,5,2437.14,922,70,487.428,258,64.0,0,0.177625222111965,0,LOW,7.073643410852713,3447.891860465116,High Value,VIP Loyal,Loyalty program
14301.0,26,1,640.14,606,13,640.14,0,0.0,1,0.6073489370570927,1,MEDIUM,1.0,640.14,Low Value,Automated Campaign,Low-cost automated campaign
14304.0,132,1,383.45,139,17,383.45,0,0.0,1,0.6763692434805654,1,MEDIUM,1.0,383.45,Low Value,Automated Campaign,Low-cost automated campaign
14305.0,23,2,1048.45,582,62,524.225,21,21.0,0,0.4507035891554659,1,MEDIUM,34.76190476190476,18223.059523809523,High Value,Priority Retain,Priority retention offer
14307.0,44,4,2307.89,1711,119,576.9725,238,79.0,0,0.17212424812186997,0,LOW,6.1344537815126055,3539.4111344537814,High Value,VIP Loyal,Loyalty program
14309.0,3,7,1633.7,1200,62,233.3857142857143,264,44.0,0,0.13629537264846017,0,LOW,9.678030303030303,2258.714015151515,High Value,VIP Loyal,Loyalty program
14311.0,152,1,310.26,146,20,310.26,0,0.0,1,0.6830207149618073,1,MEDIUM,1.0,310.26,Low Value,Automated Campaign,Low-cost automated campaign
14312.0,0,5,1047.19,480,51,209.43800000000002,245,61.0,0,0.21236125614525636,0,LOW,7.448979591836735,1560.0993877551023,High Value,VIP Loyal,Loyalty program
14314.0,16,1,120.0,296,8,120.0,0,0.0,1,0.582752457591914,1,MEDIUM,1.0,120.0,Low Value,Automated Campaign,Low-cost automated campaign
14315.0,38,5,1550.15,689,49,310.03000000000003,137,34.0,0,0.29043620128679576,0,LOW,13.321167883211679,4129.961678832117,High Value,VIP Loyal,Loyalty program
14320.0,116,2,477.79,325,29,238.895,126,126.0,1,0.6160059061663736,1,MEDIUM,5.7936507936507935,1384.0742063492064,High Value,Priority Retain,Priority retention offer
14321.0,26,3,900.65,1516,75,300.21666666666664,216,108.0,0,0.301173660769537,0,LOW,5.069444444444445,1521.9317129629628,High Value,VIP Loyal,Loyalty program
14323.0,24,2,605.0600000000001,350,32,302.53000000000003,123,123.0,1,0.5285840937601212,1,MEDIUM,5.934959349593496,1795.5032520325203,High Value,Priority Retain,Priority retention offer
14326.0,151,1,183.85,103,8,183.85,0,0.0,1,0.699037399575378,1,MEDIUM,1.0,183.85,Low Value,Automated Campaign,Low-cost automated campaign
14327.0,72,1,311.65,139,12,311.65,0,0.0,1,0.6333542159019068,1,MEDIUM,1.0,311.65,Low Value,Automated Campaign,Low-cost automated campaign
14329.0,18,4,3485.03,2184,169,871.2575,220,73.0,0,0.10782088907304603,0,LOW,6.636363636363637,5781.981590909091,High Value,VIP Loyal,Loyalty program
14331.0,33,2,462.65999999999997,252,27,231.32999999999998,10,10.0,1,0.5289471675753686,1,MEDIUM,73.0,16887.09,High Value,Priority Retain,Priority retention offer
14332.0,57,1,119.04,48,2,119.04,0,0.0,0,0.6316046102236401,1,MEDIUM,1.0,119.04,Low Value,Automated Campaign,Low-cost automated campaign
14334.0,3,7,2328.71,1597,96,332.67285714285714,264,44.0,0,0.0996153139981551,0,LOW,9.678030303030303,3219.6179924242424,High Value,VIP Loyal,Loyalty program
14335.0,5,1,347.5,337,40,347.5,0,0.0,0,0.5152775733273568,1,MEDIUM,1.0,347.5,Low Value,Automated Campaign,Low-cost automated campaign
14336.0,107,3,1114.39,989,53,371.46333333333337,77,38.0,0,0.46763713570983684,1,MEDIUM,14.220779220779221,5282.498051948052,High Value,Priority Retain,Priority retention offer
14338.0,70,2,588.22,335,30,294.11,35,35.0,1,0.5609399883512141,1,MEDIUM,20.857142857142858,6134.294285714286,High Value,Priority Retain,Priority retention offer
14339.0,152,1,309.52,168,14,309.52,0,0.0,1,0.6942629664420189,1,MEDIUM,1.0,309.52,Low Value,Automated Campaign,Low-cost automated campaign
14340.0,128,1,134.7,58,6,134.7,0,0.0,1,0.682704492729773,1,MEDIUM,1.0,134.7,Low Value,Automated Campaign,Low-cost automated campaign
14341.0,39,6,1139.52,709,54,189.92,188,37.0,0,0.22787265177277,0,LOW,11.648936170212766,2212.3659574468084,High Value,VIP Loyal,Loyalty program
14342.0,46,2,419.74,176,11,209.87,73,73.0,0,0.5846660999722055,1,MEDIUM,10.0,2098.7,High Value,Priority Retain,Priority retention offer
14344.0,36,8,889.9300000000001,477,56,111.24125000000001,241,34.0,1,0.15604688196037533,0,LOW,12.11618257261411,1347.8192946058093,Low Value,Normal Marketing,Normal marketing
14346.0,30,2,1021.58,605,55,510.79,176,176.0,1,0.4958690769268219,1,MEDIUM,4.1477272727272725,2118.617613636364,High Value,Priority Retain,Priority retention offer
14348.0,169,1,409.57,183,18,409.57,0,0.0,1,0.7044370012647316,1,HIGH,1.0,409.57,Low Value,Automated Campaign,Low-cost automated campaign
14350.0,183,1,282.93,183,18,282.93,0,0.0,1,0.709313594802435,1,HIGH,1.0,282.93,Low Value,Automated Campaign,Low-cost automated campaign
14351.0,74,1,51.0,12,1,51.0,0,0.0,1,0.6446370323334836,1,MEDIUM,1.0,51.0,Low Value,Automated Campaign,Low-cost automated campaign
14352.0,66,4,1078.96,538,44,269.74,116,38.0,1,0.3802135954724402,0,LOW,12.586206896551722,3395.0034482758615,High Value,VIP Loyal,Loyalty program
14353.0,124,1,90.6,64,6,90.6,0,0.0,1,0.6774273248933405,1,MEDIUM,1.0,90.6,Low Value,Automated Campaign,Low-cost automated campaign
14355.0,275,1,174.4,92,11,174.4,0,0.0,1,0.7801950655929293,1,HIGH,1.0,174.4,Low Value,Automated Campaign,Low-cost automated campaign
14360.0,4,1,1124.49,733,71,1124.49,0,0.0,0,0.4872522711693626,1,MEDIUM,1.0,1124.49,Low Value,Automated Campaign,Low-cost automated campaign
14364.0,18,8,3717.35,1967,61,464.66875,102,14.0,1,0.16793384198604225,0,LOW,28.627450980392155,13302.281862745096,High Value,VIP Loyal,Loyalty program
14367.0,47,10,5419.7,2562,209,541.97,138,15.0,0,0.033906975723322366,0,LOW,26.44927536231884,14334.713768115942,High Value,VIP Loyal,Loyalty program
14368.0,229,1,155.0,36,8,155.0,0,0.0,1,0.7543216934982883,1,HIGH,1.0,155.0,Low Value,Automated Campaign,Low-cost automated campaign
14371.0,204,1,100.5,34,4,100.5,0,0.0,1,0.7415377373946649,1,HIGH,1.0,100.5,Low Value,Automated Campaign,Low-cost automated campaign
14373.0,267,1,76.55,17,4,76.55,0,0.0,1,0.7822499820731365,1,HIGH,1.0,76.55,Low Value,Automated Campaign,Low-cost automated campaign
14375.0,94,1,235.56,184,57,235.56,0,0.0,1,0.553175437181243,1,MEDIUM,1.0,235.56,Low Value,Automated Campaign,Low-cost automated campaign
14377.0,100,2,617.05,219,11,308.525,70,70.0,1,0.6332211081052915,1,MEDIUM,10.428571428571429,3217.475,High Value,Priority Retain,Priority retention offer
14379.0,204,1,110.98,128,17,110.98,0,0.0,0,0.7192410843205295,1,HIGH,1.0,110.98,Low Value,Automated Campaign,Low-cost automated campaign
14383.0,73,1,242.09,201,15,242.09,0,0.0,0,0.6243449565425628,1,MEDIUM,1.0,242.09,Low Value,Automated Campaign,Low-cost automated campaign
14386.0,206,1,142.4,54,7,142.4,0,0.0,1,0.7395709961561737,1,HIGH,1.0,142.4,Low Value,Automated Campaign,Low-cost automated campaign
14387.0,18,1,440.76,209,40,440.76,0,0.0,0,0.5325260702761048,1,MEDIUM,1.0,440.76,Low Value,Automated Campaign,Low-cost automated campaign
14388.0,0,6,2277.77,1389,93,379.62833333333333,281,56.0,0,0.11328458877895077,0,LOW,7.7935943060498225,2958.6692170818505,High Value,VIP Loyal,Loyalty program
14389.0,100,1,311.14,189,19,311.14,0,0.0,0,0.6425550485111237,1,MEDIUM,1.0,311.14,Low Value,Automated Campaign,Low-cost automated campaign
14390.0,53,4,1590.71,739,95,397.6775,228,76.0,0,0.22027600782786022,0,LOW,6.4035087719298245,2546.531359649123,High Value,VIP Loyal,Loyalty program
14393.0,127,1,67.95,13,5,67.95,0,0.0,1,0.680783467606456,1,MEDIUM,1.0,67.95,Low Value,Automated Campaign,Low-cost automated campaign
14395.0,87,6,1952.3200000000002,970,114,325.3866666666667,194,38.0,0,0.16134501315836705,0,LOW,11.288659793814432,3673.179381443299,High Value,VIP Loyal,Loyalty program
14396.0,280,1,110.35000000000001,39,34,110.35000000000001,0,0.0,0,0.7444330160043893,1,HIGH,1.0,110.35000000000001,Low Value,Automated Campaign,Low-cost automated campaign
14397.0,3,10,1036.12,764,16,103.612,119,13.0,0,0.20747741091503594,0,LOW,30.672268907563026,3178.0151260504203,High Value,VIP Loyal,Loyalty program
14400.0,58,1,574.7,454,25,574.7,0,0.0,1,0.6070017639449296,1,MEDIUM,1.0,574.7,Low Value,Automated Campaign,Low-cost automated campaign
14401.0,5,10,3079.38,3549,78,307.938,264,29.0,0,0.07107052539777002,0,LOW,13.825757575757576,4257.476136363636,High Value,VIP Loyal,Loyalty program
14403.0,39,4,1475.81,519,17,368.9525,116,38.0,1,0.4100113431797012,0,MEDIUM,12.586206896551722,4643.7125,High Value,Priority Retain,Priority retention offer
14404.0,18,5,1322.52,769,64,264.504,260,65.0,0,0.19512527815850253,0,LOW,7.01923076923077,1856.6146153846157,High Value,VIP Loyal,Loyalty program
14406.0,28,1,156.75,77,8,156.75,0,0.0,1,0.5958794800994534,1,MEDIUM,1.0,156.75,Low Value,Automated Campaign,Low-cost automated campaign
14407.0,16,6,2157.73,1415,67,359.62166666666667,169,33.0,1,0.19170205781745786,0,LOW,12.958579881656805,4660.186094674556,High Value,VIP Loyal,Loyalty program
14408.0,4,6,2290.81,1448,59,381.8016666666667,169,33.0,0,0.19444113082328326,0,LOW,12.958579881656805,4947.6073964497045,High Value,VIP Loyal,Loyalty program
14409.0,32,5,1943.73,1160,36,388.746,245,61.0,0,0.24635554603783577,0,LOW,7.448979591836735,2895.761020408163,High Value,VIP Loyal,Loyalty program
14410.0,1,9,1100.27,569,153,122.25222222222222,213,26.0,1,0.060799464526138686,0,LOW,15.422535211267604,1885.439201877934,High Value,VIP Loyal,Loyalty program
14411.0,220,1,1063.0,196,14,1063.0,0,0.0,1,0.7741361776391232,1,HIGH,1.0,1063.0,Low Value,Automated Campaign,Low-cost automated campaign
14413.0,271,1,121.05,67,22,121.05,0,0.0,1,0.7584137809365041,1,HIGH,1.0,121.05,Low Value,Automated Campaign,Low-cost automated campaign
14414.0,1,7,1496.98,2512,79,213.8542857142857,267,44.0,1,0.11716893546447527,0,LOW,9.569288389513108,2046.4333333333332,High Value,VIP Loyal,Loyalty program
14415.0,7,9,3766.13,1798,196,418.4588888888889,262,32.0,0,0.029520817175125082,0,LOW,12.538167938931297,5246.707824427481,High Value,VIP Loyal,Loyalty program
14418.0,17,1,150.44,148,17,150.44,0,0.0,0,0.5662949288521797,1,MEDIUM,1.0,150.44,Low Value,Automated Campaign,Low-cost automated campaign
14419.0,162,2,307.14,161,45,153.57,112,112.0,0,0.6188380178012804,1,MEDIUM,6.517857142857142,1000.9473214285713,Low Value,Automated Campaign,Low-cost automated campaign
14420.0,8,1,387.52,334,29,387.52,0,0.0,1,0.5443077213318527,1,MEDIUM,1.0,387.52,Low Value,Automated Campaign,Low-cost automated campaign
14421.0,121,1,455.18,194,15,455.18,0,0.0,0,0.6747171971376682,1,MEDIUM,1.0,455.18,Low Value,Automated Campaign,Low-cost automated campaign
14422.0,79,2,1032.15,541,57,516.075,96,96.0,0,0.5241071932255146,1,MEDIUM,7.604166666666668,3924.320312500001,High Value,Priority Retain,Priority retention offer
14423.0,127,1,265.2,120,3,265.2,0,0.0,1,0.6935333726740104,1,MEDIUM,1.0,265.2,Low Value,Automated Campaign,Low-cost automated campaign
14426.0,50,6,2885.58,1603,151,480.93,172,34.0,0,0.10797791666712875,0,LOW,12.732558139534884,6123.469186046512,High Value,VIP Loyal,Loyalty program
14428.0,149,2,330.62,145,25,165.31,85,85.0,0,0.6451927441361525,1,MEDIUM,8.588235294117647,1419.7211764705883,High Value,Priority Retain,Priority retention offer
14431.0,212,1,470.36,130,17,470.36,0,0.0,1,0.7403979470650788,1,HIGH,1.0,470.36,Low Value,Automated Campaign,Low-cost automated campaign
14436.0,8,1,89.06,129,9,89.06,0,0.0,1,0.5722984315816074,1,MEDIUM,1.0,89.06,Low Value,Automated Campaign,Low-cost automated campaign
14437.0,275,1,63.0,60,5,63.0,0,0.0,1,0.7851235011077834,1,HIGH,1.0,63.0,Low Value,Automated Campaign,Low-cost automated campaign
14438.0,215,1,131.9,82,9,131.9,0,0.0,1,0.7419951476237056,1,HIGH,1.0,131.9,Low Value,Automated Campaign,Low-cost automated campaign
14439.0,229,1,2661.24,526,32,2661.24,0,0.0,1,0.8100055171446092,1,HIGH,1.0,2661.24,High Value,Priority Retain,Priority retention offer
14440.0,226,2,1185.71,341,25,592.855,48,48.0,0,0.7098499882088135,1,HIGH,15.208333333333336,9016.336458333335,High Value,Priority Retain,Priority retention offer
14441.0,4,2,697.4000000000001,212,22,348.70000000000005,160,160.0,0,0.5395051142240564,1,MEDIUM,4.5625,1590.9437500000001,High Value,Priority Retain,Priority retention offer
14442.0,114,2,1589.82,482,58,794.91,112,112.0,1,0.5627983579793567,1,MEDIUM,6.517857142857142,5181.109821428571,High Value,Priority Retain,Priority retention offer
14443.0,48,3,991.52,666,58,330.50666666666666,230,115.0,0,0.3485957280397478,0,LOW,4.760869565217392,1573.4991304347827,High Value,VIP Loyal,Loyalty program
14446.0,156,1,303.04,318,83,303.04,0,0.0,0,0.5557431097933022,1,MEDIUM,1.0,303.04,Low Value,Automated Campaign,Low-cost automated campaign
14447.0,105,2,601.03,313,34,300.515,84,84.0,0,0.5911082283913793,1,MEDIUM,8.69047619047619,2611.618452380952,High Value,Priority Retain,Priority retention offer
14448.0,273,1,102.35000000000001,44,18,102.35000000000001,0,0.0,0,0.7654367870206896,1,HIGH,1.0,102.35000000000001,Low Value,Automated Campaign,Low-cost automated campaign
14449.0,156,2,399.91,333,98,199.955,125,125.0,0,0.5016094044207139,1,MEDIUM,5.840000000000001,1167.7372000000003,Low Value,Automated Campaign,Low-cost automated campaign
14450.0,90,3,483.25,241,32,161.08333333333334,139,69.0,1,0.47721489598831385,1,MEDIUM,7.877697841726619,1268.9658273381297,Low Value,Automated Campaign,Low-cost automated campaign
14451.0,104,1,360.0,204,52,360.0,0,0.0,0,0.5795378190275599,1,MEDIUM,1.0,360.0,Low Value,Automated Campaign,Low-cost automated campaign
14452.0,3,1,127.37,46,29,127.37,0,0.0,0,0.5265020633781954,1,MEDIUM,1.0,127.37,Low Value,Automated Campaign,Low-cost automated campaign
14453.0,99,1,119.93,49,22,119.93,0,0.0,1,0.6263018719367323,1,MEDIUM,1.0,119.93,Low Value,Automated Campaign,Low-cost automated campaign
14456.0,40,3,636.65,576,220,212.21666666666667,11,5.0,0,0.1504439873155736,0,LOW,99.54545454545455,21125.204545454544,High Value,VIP Loyal,Loyalty program
14457.0,220,1,113.64,88,4,113.64,0,0.0,1,0.7529868451957065,1,HIGH,1.0,113.64,Low Value,Automated Campaign,Low-cost automated campaign
14459.0,64,1,1837.92,760,37,1837.92,0,0.0,1,0.6507310906910428,1,MEDIUM,1.0,1837.92,High Value,Priority Retain,Priority retention offer
14460.0,19,3,434.34,881,14,144.78,200,100.0,1,0.427208103716939,0,MEDIUM,5.4750000000000005,792.6705000000001,Low Value,Automated Campaign,Low-cost automated campaign
14461.0,57,3,2103.06,766,173,701.02,113,56.0,1,0.19270602464847364,0,LOW,9.690265486725664,6793.069911504425,High Value,VIP Loyal,Loyalty program
14462.0,30,9,1510.65,678,126,167.85000000000002,218,27.0,0,0.07985856921035933,0,LOW,15.068807339449542,2529.299311926606,High Value,VIP Loyal,Loyalty program
14463.0,7,3,529.62,179,6,176.54,107,53.0,1,0.47155599409187104,1,MEDIUM,10.233644859813083,1806.6476635514016,High Value,Priority Retain,Priority retention offer
14465.0,156,3,1038.44,398,107,346.1466666666667,56,28.0,1,0.40527454840729077,0,MEDIUM,19.553571428571427,6768.403571428572,High Value,Priority Retain,Priority retention offer
14466.0,25,5,1580.45,597,28,316.09000000000003,256,64.0,0,0.25431845699268124,0,LOW,7.12890625,2253.3759765625,High Value,VIP Loyal,Loyalty program
14467.0,222,1,131.7,37,15,131.7,0,0.0,0,0.7368233945461858,1,HIGH,1.0,131.7,Low Value,Automated Campaign,Low-cost automated campaign
14470.0,197,1,297.64,138,35,297.64,0,0.0,0,0.689356488611901,1,MEDIUM,1.0,297.64,Low Value,Automated Campaign,Low-cost automated campaign
14472.0,13,8,1852.67,1135,153,231.58375,251,35.0,1,0.06043346914171836,0,LOW,11.633466135458168,2694.1217131474104,High Value,VIP Loyal,Loyalty program
14473.0,191,1,85.0,10,1,85.0,0,0.0,0,0.7368895966013254,1,HIGH,1.0,85.0,Low Value,Automated Campaign,Low-cost automated campaign
14475.0,95,2,622.17,243,23,311.085,118,118.0,0,0.6110484353692116,1,MEDIUM,6.186440677966101,1924.5088983050844,High Value,Priority Retain,Priority retention offer
14476.0,166,1,193.0,110,17,193.0,0,0.0,1,0.6942559832667231,1,MEDIUM,1.0,193.0,Low Value,Automated Campaign,Low-cost automated campaign
14477.0,93,2,523.0,300,3,261.5,112,112.0,0,0.6482834446753754,1,MEDIUM,6.517857142857142,1704.4196428571427,High Value,Priority Retain,Priority retention offer
14479.0,163,2,316.25,117,18,158.125,111,111.0,1,0.6740111659713958,1,MEDIUM,6.576576576576576,1039.9211711711712,Low Value,Automated Campaign,Low-cost automated campaign
14481.0,74,2,636.51,489,25,318.255,122,122.0,1,0.5885241138967895,1,MEDIUM,5.9836065573770485,1904.3127049180325,High Value,Priority Retain,Priority retention offer
14482.0,8,2,465.95000000000005,234,20,232.97500000000002,140,140.0,0,0.5416372923022453,1,MEDIUM,5.214285714285714,1214.7982142857145,Low Value,Automated Campaign,Low-cost automated campaign
14483.0,191,1,137.1,97,9,137.1,0,0.0,1,0.725071189699965,1,HIGH,1.0,137.1,Low Value,Automated Campaign,Low-cost automated campaign
14487.0,277,1,125.10000000000001,37,13,125.10000000000001,0,0.0,0,0.7766728070745754,1,HIGH,1.0,125.10000000000001,Low Value,Automated Campaign,Low-cost automated campaign
14489.0,116,1,463.38,299,30,463.38,0,0.0,1,0.6410315703132365,1,MEDIUM,1.0,463.38,Low Value,Automated Campaign,Low-cost automated campaign
14491.0,84,2,340.93,139,17,170.465,197,197.0,1,0.6226809189910777,1,MEDIUM,3.7055837563451774,631.6723350253807,Low Value,Automated Campaign,Low-cost automated campaign
14493.0,64,1,611.22,327,29,611.22,0,0.0,0,0.6060554699261935,1,MEDIUM,1.0,611.22,Low Value,Automated Campaign,Low-cost automated campaign
14495.0,30,1,40.599999999999994,22,2,40.599999999999994,0,0.0,0,0.6043975582791451,1,MEDIUM,1.0,40.599999999999994,Low Value,Automated Campaign,Low-cost automated campaign
14496.0,221,2,538.8100000000001,159,16,269.40500000000003,61,61.0,1,0.718069787112152,1,HIGH,11.967213114754097,3224.027049180328,High Value,Priority Retain,Priority retention offer
14497.0,218,1,475.37,235,29,475.37,0,0.0,1,0.7239515347560812,1,HIGH,1.0,475.37,Low Value,Automated Campaign,Low-cost automated campaign
14498.0,25,4,1281.79,689,104,320.4475,245,81.0,0,0.18604840982010126,0,LOW,5.959183673469387,1909.6055102040814,High Value,VIP Loyal,Loyalty program
14499.0,43,2,367.81,188,71,183.905,144,144.0,0,0.46102007198963907,1,MEDIUM,5.069444444444445,932.2961805555556,Low Value,Automated Campaign,Low-cost automated campaign
14500.0,21,2,335.85,107,5,167.925,77,77.0,0,0.575134381011295,1,MEDIUM,9.480519480519481,1592.0162337662339,High Value,Priority Retain,Priority retention offer
14501.0,93,2,251.21,161,9,125.605,136,136.0,1,0.636932127161175,1,MEDIUM,5.367647058823529,674.2033088235294,Low Value,Automated Campaign,Low-cost automated campaign
14502.0,58,7,1163.22,532,201,166.17428571428573,163,27.0,0,0.07450849396445851,0,LOW,15.674846625766872,2604.756441717792,High Value,VIP Loyal,Loyalty program
14503.0,88,1,597.07,381,40,597.07,0,0.0,0,0.6029475989795,1,MEDIUM,1.0,597.07,Low Value,Automated Campaign,Low-cost automated campaign
14504.0,152,3,542.71,263,81,180.90333333333334,35,17.0,0,0.46704517960477826,1,MEDIUM,31.28571428571429,5659.6900000000005,High Value,Priority Retain,Priority retention offer
14505.0,18,6,4222.74,1922,388,703.79,252,50.0,0,0.009564973695331104,0,LOW,8.69047619047619,6116.270238095237,High Value,VIP Loyal,Loyalty program
14506.0,71,3,818.96,251,82,272.9866666666667,207,103.0,0,0.32913234698592136,0,LOW,5.2898550724637685,1444.0599033816427,High Value,VIP Loyal,Loyalty program
14507.0,10,4,924.6899999999999,478,71,231.17249999999999,174,58.0,0,0.2580225830557603,0,LOW,8.39080459770115,1939.723275862069,High Value,VIP Loyal,Loyalty program
14511.0,1,2,329.89,145,16,164.945,41,41.0,0,0.5274838836479574,1,MEDIUM,17.804878048780488,2936.8256097560975,High Value,Priority Retain,Priority retention offer
14512.0,97,2,275.28,122,19,137.64,44,44.0,1,0.6066867133506728,1,MEDIUM,16.59090909090909,2283.5727272727268,High Value,Priority Retain,Priority retention offer
14513.0,10,3,455.59000000000003,361,11,151.86333333333334,188,94.0,1,0.4316971913072011,0,MEDIUM,5.824468085106383,884.5231382978724,Low Value,Automated Campaign,Low-cost automated campaign
14514.0,110,2,403.11,173,36,201.555,129,129.0,0,0.5960625355345438,1,MEDIUM,5.658914728682171,1140.582558139535,Low Value,Automated Campaign,Low-cost automated campaign
14515.0,100,2,765.65,371,25,382.825,27,27.0,0,0.5990706455609597,1,MEDIUM,27.037037037037038,10350.453703703704,High Value,Priority Retain,Priority retention offer
14517.0,51,1,252.45,73,14,252.45,0,0.0,0,0.6083213445954595,1,MEDIUM,1.0,252.45,Low Value,Automated Campaign,Low-cost automated campaign
14520.0,200,1,165.0,100,1,165.0,0,0.0,0,0.7463219573117189,1,HIGH,1.0,165.0,Low Value,Automated Campaign,Low-cost automated campaign
14522.0,1,2,760.6999999999999,419,15,380.34999999999997,105,105.0,0,0.5438384866517123,1,MEDIUM,6.9523809523809526,2644.338095238095,High Value,Priority Retain,Priority retention offer
14523.0,17,1,241.09,251,12,241.09,0,0.0,1,0.5816003978618315,1,MEDIUM,1.0,241.09,Low Value,Automated Campaign,Low-cost automated campaign
14524.0,88,5,1028.87,416,113,205.77399999999997,182,45.0,0,0.20335383735577733,0,LOW,10.027472527472527,2063.3931318681316,High Value,VIP Loyal,Loyalty program
14525.0,9,7,2820.29,1720,163,402.8985714285714,260,43.0,0,0.05751209969618349,0,LOW,9.826923076923077,3959.253269230769,High Value,VIP Loyal,Loyalty program
14527.0,8,40,5281.42,1343,263,132.0355,270,6.0,0,0.0003092059092909079,0,LOW,54.074074074074076,7139.697407407409,High Value,VIP Loyal,Loyalty program
14529.0,19,1,135.24,84,49,135.24,0,0.0,0,0.49740517381994886,1,MEDIUM,1.0,135.24,Low Value,Automated Campaign,Low-cost automated campaign
14530.0,2,5,2482.32,1051,121,496.46400000000006,203,50.0,0,0.13086575197635858,0,LOW,8.990147783251231,4463.28472906404,High Value,VIP Loyal,Loyalty program
14532.0,145,4,932.85,284,45,233.2125,115,38.0,1,0.4508824770978588,1,MEDIUM,12.695652173913045,2960.784782608696,High Value,Priority Retain,Priority retention offer
14533.0,22,2,734.98,912,23,367.49,240,240.0,0,0.5642681721101084,1,MEDIUM,3.041666666666667,1117.7820833333335,Low Value,Automated Campaign,Low-cost automated campaign
14534.0,5,14,3031.39,1482,264,216.52785714285713,222,17.0,0,0.010293520231129264,0,LOW,23.018018018018015,4984.0421171171165,High Value,VIP Loyal,Loyalty program
14535.0,36,2,1652.81,966,166,826.405,121,121.0,0,0.27285711232882587,0,LOW,6.033057851239669,4985.749173553719,High Value,VIP Loyal,Loyalty program
14536.0,169,1,170.95,39,18,170.95,0,0.0,1,0.6938613077369187,1,MEDIUM,1.0,170.95,Low Value,Automated Campaign,Low-cost automated campaign
14538.0,165,1,106.5,30,3,106.5,0,0.0,0,0.7154157388387633,1,HIGH,1.0,106.5,Low Value,Automated Campaign,Low-cost automated campaign
14540.0,218,1,195.9,122,11,195.9,0,0.0,0,0.7432951487262907,1,HIGH,1.0,195.9,Low Value,Automated Campaign,Low-cost automated campaign
14541.0,78,7,1307.3500000000001,597,70,186.76428571428573,150,25.0,0,0.22037718886820212,0,LOW,17.033333333333335,3181.218333333334,High Value,VIP Loyal,Loyalty program
14542.0,95,1,103.25,19,5,103.25,0,0.0,1,0.6566107642571508,1,MEDIUM,1.0,103.25,Low Value,Automated Campaign,Low-cost automated campaign
14543.0,18,13,3234.5,595,37,248.80769230769232,256,21.0,0,0.07453920349359114,0,LOW,18.53515625,4611.689453125,High Value,VIP Loyal,Loyalty program
14544.0,271,1,1101.77,836,53,1101.77,0,0.0,0,0.7456674810457417,1,HIGH,1.0,1101.77,Low Value,Automated Campaign,Low-cost automated campaign
14546.0,111,2,874.88,501,126,437.44,46,46.0,0,0.3935627528927904,0,LOW,15.869565217391303,6941.982608695652,High Value,VIP Loyal,Loyalty program
14548.0,60,2,652.8,256,2,326.4,167,167.0,1,0.6319349680146438,1,MEDIUM,4.37125748502994,1426.7784431137723,High Value,Priority Retain,Priority retention offer
14549.0,220,1,289.24,136,56,289.24,0,0.0,1,0.6669161356096478,1,MEDIUM,1.0,289.24,Low Value,Automated Campaign,Low-cost automated campaign
14551.0,113,1,125.43,66,7,125.43,0,0.0,0,0.6683172522636541,1,MEDIUM,1.0,125.43,Low Value,Automated Campaign,Low-cost automated campaign
14552.0,61,1,164.22,90,57,164.22,0,0.0,1,0.5196503927050541,1,MEDIUM,1.0,164.22,Low Value,Automated Campaign,Low-cost automated campaign
14553.0,128,2,312.32,182,35,156.16,120,120.0,0,0.6114914735314642,1,MEDIUM,6.083333333333334,949.9733333333334,Low Value,Automated Campaign,Low-cost automated campaign
14555.0,211,1,186.34,90,14,186.34,0,0.0,0,0.7329190216429886,1,HIGH,1.0,186.34,Low Value,Automated Campaign,Low-cost automated campaign
14560.0,4,15,1565.2,625,25,104.34666666666666,263,18.0,0,0.07039711364816724,0,LOW,20.817490494296578,2172.235741444867,High Value,VIP Loyal,Loyalty program
14561.0,71,2,566.99,375,35,283.495,22,22.0,0,0.5486219278390916,1,MEDIUM,33.18181818181818,9406.879545454545,High Value,Priority Retain,Priority retention offer
14562.0,1,7,2309.38,993,121,329.9114285714286,212,35.0,0,0.09422692206641552,0,LOW,12.051886792452832,3976.055188679246,High Value,VIP Loyal,Loyalty program
14565.0,5,4,3099.12,1540,111,774.78,265,88.0,1,0.1502287937076159,0,LOW,5.509433962264151,4268.599245283019,High Value,VIP Loyal,Loyalty program
14566.0,20,1,1432.0,800,4,1432.0,0,0.0,1,0.6600722188593066,1,MEDIUM,1.0,1432.0,High Value,Priority Retain,Priority retention offer
14567.0,39,1,800.76,172,13,800.76,0,0.0,0,0.6279509093614952,1,MEDIUM,1.0,800.76,Low Value,Automated Campaign,Low-cost automated campaign
14570.0,190,2,218.06,95,29,109.03,0,0.0,1,0.6581551510104895,1,MEDIUM,2.0,218.06,Low Value,Automated Campaign,Low-cost automated campaign
14572.0,19,5,2063.2400000000002,1183,153,412.648,213,53.0,0,0.10749163426691463,0,LOW,8.568075117370892,3535.599061032864,High Value,VIP Loyal,Loyalty program
14573.0,89,9,1639.82,534,127,182.20222222222222,192,24.0,1,0.10325006924289847,0,LOW,17.109375,3117.366145833333,High Value,VIP Loyal,Loyalty program
14576.0,281,1,35.400000000000006,12,1,35.400000000000006,0,0.0,1,0.7937102389257547,1,HIGH,1.0,35.400000000000006,Low Value,Automated Campaign,Low-cost automated campaign
14577.0,73,3,646.64,280,70,215.54666666666665,199,99.0,0,0.35773835128599446,0,LOW,5.50251256281407,1186.04824120603,Low Value,Normal Marketing,Normal marketing
14583.0,53,4,741.72,552,172,185.43,61,20.0,0,0.1792142007951442,0,LOW,23.934426229508194,4438.1606557377045,High Value,VIP Loyal,Loyalty program
14584.0,78,4,1033.06,381,68,258.265,29,9.0,1,0.3892491110201152,0,LOW,50.34482758620689,13002.306896551721,High Value,VIP Loyal,Loyalty program
14586.0,186,1,237.36,444,19,237.36,0,0.0,1,0.7071002821578175,1,HIGH,1.0,237.36,Low Value,Automated Campaign,Low-cost automated campaign
14587.0,93,8,1452.68,716,166,181.585,147,21.0,0,0.10003362589165893,0,LOW,19.86394557823129,3606.994557823129,High Value,VIP Loyal,Loyalty program
14589.0,281,1,39.75,5,3,39.75,0,0.0,1,0.790980631692906,1,HIGH,1.0,39.75,Low Value,Automated Campaign,Low-cost automated campaign
14591.0,122,1,204.02,91,33,204.02,0,0.0,0,0.6274376193504425,1,MEDIUM,1.0,204.02,Low Value,Automated Campaign,Low-cost automated campaign
14593.0,108,2,339.59,118,54,169.795,0,0.0,0,0.5352506740286288,1,MEDIUM,2.0,339.59,Low Value,Automated Campaign,Low-cost automated campaign
14594.0,282,1,255.0,146,31,255.0,0,0.0,0,0.7564138283461848,1,HIGH,1.0,255.0,Low Value,Automated Campaign,Low-cost automated campaign
14595.0,222,1,163.8,76,5,163.8,0,0.0,0,0.7547561368355648,1,HIGH,1.0,163.8,Low Value,Automated Campaign,Low-cost automated campaign
14597.0,101,1,165.1,118,3,165.1,0,0.0,0,0.6682040441280147,1,MEDIUM,1.0,165.1,Low Value,Automated Campaign,Low-cost automated campaign
14600.0,215,1,393.33000000000004,125,25,393.33000000000004,0,0.0,1,0.7254830829317716,1,HIGH,1.0,393.33000000000004,Low Value,Automated Campaign,Low-cost automated campaign
14603.0,184,1,660.0,400,2,660.0,0,0.0,1,0.7532828887419712,1,HIGH,1.0,660.0,Low Value,Automated Campaign,Low-cost automated campaign
14606.0,3,71,9508.91,4851,718,133.92830985915492,279,3.0,0,8.427547938751055e-08,0,LOW,92.88530465949822,12439.971863799285,High Value,VIP Loyal,Loyalty program
14607.0,170,1,495.0,300,3,495.0,0,0.0,0,0.7352733074214176,1,HIGH,1.0,495.0,Low Value,Automated Campaign,Low-cost automated campaign
14608.0,271,1,204.0,48,1,204.0,0,0.0,0,0.7936743561171671,1,HIGH,1.0,204.0,Low Value,Automated Campaign,Low-cost automated campaign
14609.0,52,3,486.36,6306,2,162.12,153,76.0,0,0.48596424369684466,1,MEDIUM,7.1568627450980395,1160.270588235294,Low Value,Automated Campaign,Low-cost automated campaign
14616.0,152,3,406.08000000000004,104,2,135.36,74,37.0,1,0.6241042467928977,1,MEDIUM,14.797297297297296,2002.9621621621623,High Value,Priority Retain,Priority retention offer
14618.0,247,1,211.8,92,5,211.8,0,0.0,0,0.7730510448124035,1,HIGH,1.0,211.8,Low Value,Automated Campaign,Low-cost automated campaign
14619.0,155,1,394.44,152,20,394.44,0,0.0,1,0.6893062107298956,1,MEDIUM,1.0,394.44,Low Value,Automated Campaign,Low-cost automated campaign
14620.0,115,2,412.78000000000003,214,26,206.39000000000001,78,78.0,1,0.6139465298386297,1,MEDIUM,9.358974358974358,1931.5987179487179,High Value,Priority Retain,Priority retention offer
14621.0,66,3,1002.91,410,45,334.30333333333334,201,100.0,0,0.4017036305319497,0,MEDIUM,5.447761194029852,1821.2047263681595,High Value,Priority Retain,Priority retention offer
14622.0,94,1,320.58000000000004,146,21,320.58000000000004,0,0.0,1,0.6340198167570835,1,MEDIUM,1.0,320.58000000000004,Low Value,Automated Campaign,Low-cost automated campaign
14623.0,25,3,606.16,265,88,202.0533333333333,118,59.0,0,0.3127335307164606,0,LOW,9.279661016949152,1874.986440677966,High Value,VIP Loyal,Loyalty program
14625.0,105,2,899.63,335,51,449.815,164,164.0,1,0.570080031129139,1,MEDIUM,4.451219512195122,2002.2253048780487,High Value,Priority Retain,Priority retention offer
14626.0,32,2,1571.29,879,64,785.645,110,110.0,0,0.4735005657257522,1,MEDIUM,6.636363636363637,5213.82590909091,High Value,Priority Retain,Priority retention offer
14628.0,0,2,671.96,272,22,335.98,151,151.0,1,0.5340257557405176,1,MEDIUM,4.834437086092715,1624.2741721854304,High Value,Priority Retain,Priority retention offer
14631.0,144,2,630.08,352,24,315.04,63,63.0,0,0.6426559769882011,1,MEDIUM,11.587301587301587,3650.463492063492,High Value,Priority Retain,Priority retention offer
14632.0,172,1,114.56,96,8,114.56,0,0.0,1,0.7118422448362742,1,HIGH,1.0,114.56,Low Value,Automated Campaign,Low-cost automated campaign
14633.0,175,1,344.90000000000003,96,20,344.90000000000003,0,0.0,1,0.7025992993190296,1,HIGH,1.0,344.90000000000003,Low Value,Automated Campaign,Low-cost automated campaign
14636.0,178,1,300.19,117,16,300.19,0,0.0,0,0.7101105879361872,1,HIGH,1.0,300.19,Low Value,Automated Campaign,Low-cost automated campaign
14639.0,29,4,1989.23,789,93,497.3075,240,80.0,0,0.20143998643463282,0,LOW,6.083333333333334,3025.287291666667,High Value,VIP Loyal,Loyalty program
14640.0,37,4,1483.3600000000001,572,63,370.84000000000003,99,33.0,0,0.32414902854672384,0,LOW,14.747474747474747,5468.953535353536,High Value,VIP Loyal,Loyalty program
14643.0,79,2,693.8100000000001,815,30,346.90500000000003,187,187.0,1,0.5917606180241245,1,MEDIUM,3.9037433155080214,1354.2280748663104,Low Value,Automated Campaign,Low-cost automated campaign
14644.0,207,1,187.50000000000003,66,8,187.50000000000003,0,0.0,0,0.7404398749730301,1,HIGH,1.0,187.50000000000003,Low Value,Automated Campaign,Low-cost automated campaign
14645.0,66,2,597.09,381,28,298.545,118,118.0,1,0.574228026166071,1,MEDIUM,6.186440677966101,1846.9309322033898,High Value,Priority Retain,Priority retention offer
14646.0,2,43,178302.62,128320,496,4146.5725581395345,262,6.0,0,1.7570724378180757e-14,0,LOW,59.90458015267175,248398.68816793888,High Value,VIP Loyal,Loyalty program
14647.0,110,1,236.04000000000002,91,24,236.04000000000002,0,0.0,1,0.6373054204856906,1,MEDIUM,1.0,236.04000000000002,Low Value,Automated Campaign,Low-cost automated campaign
14649.0,121,2,582.12,349,48,291.06,0,0.0,0,0.5622944930450422,1,MEDIUM,2.0,582.12,Low Value,Automated Campaign,Low-cost automated campaign
14651.0,120,1,415.47,185,59,415.47,0,0.0,0,0.5817307415021944,1,MEDIUM,1.0,415.47,Low Value,Automated Campaign,Low-cost automated campaign
14653.0,247,1,344.81,305,29,344.81,0,0.0,0,0.7389993326836559,1,HIGH,1.0,344.81,Low Value,Automated Campaign,Low-cost automated campaign
14655.0,131,1,810.56,522,14,810.56,0,0.0,0,0.7002529925813505,1,HIGH,1.0,810.56,Low Value,Automated Campaign,Low-cost automated campaign
14656.0,78,2,291.05,120,73,145.525,114,114.0,1,0.4831177487179894,1,MEDIUM,6.4035087719298245,931.8706140350878,Low Value,Automated Campaign,Low-cost automated campaign
14657.0,64,3,638.94,339,83,212.98000000000002,171,85.0,0,0.33434106659951135,0,LOW,6.4035087719298245,1363.8192982456142,High Value,VIP Loyal,Loyalty program
14658.0,26,1,123.14,23,14,123.14,0,0.0,0,0.5796848092469987,1,MEDIUM,1.0,123.14,Low Value,Automated Campaign,Low-cost automated campaign
14659.0,55,6,1641.55,767,107,273.59166666666664,169,33.0,0,0.16688529698950233,0,LOW,12.958579881656805,3545.359467455621,High Value,VIP Loyal,Loyalty program
14660.0,10,1,128.95,104,14,128.95,0,0.0,0,0.565484837884073,1,MEDIUM,1.0,128.95,Low Value,Automated Campaign,Low-cost automated campaign
14662.0,144,3,512.28,322,82,170.76,81,40.0,0,0.43941844048041334,0,MEDIUM,13.518518518518519,2308.422222222222,High Value,Priority Retain,Priority retention offer
14665.0,206,3,731.66,268,41,243.88666666666666,14,7.0,0,0.6109162381697519,1,MEDIUM,78.21428571428571,19075.421428571426,High Value,Priority Retain,Priority retention offer
14667.0,4,18,6011.46,3380,268,333.97,273,16.0,0,0.0036469985956848533,0,LOW,24.065934065934066,8037.3,High Value,VIP Loyal,Loyalty program
14669.0,151,3,1259.24,770,158,419.74666666666667,90,45.0,1,0.2867607481750713,0,LOW,12.166666666666668,5106.917777777779,High Value,VIP Loyal,Loyalty program
14670.0,189,2,392.86,326,107,196.43,0,0.0,1,0.4925461273924065,1,MEDIUM,2.0,392.86,Low Value,Automated Campaign,Low-cost automated campaign
14672.0,144,2,765.55,454,58,382.775,101,101.0,1,0.5784016598827568,1,MEDIUM,7.227722772277229,2766.591584158416,High Value,Priority Retain,Priority retention offer
14673.0,277,1,373.49,213,15,373.49,0,0.0,0,0.7825883483092286,1,HIGH,1.0,373.49,Low Value,Automated Campaign,Low-cost automated campaign
14676.0,57,4,1690.92,1824,19,422.73,135,45.0,0,0.40617785857967975,0,MEDIUM,10.814814814814815,4571.746666666667,High Value,Priority Retain,Priority retention offer
14680.0,4,14,25422.56,12116,70,1815.8971428571429,276,21.0,0,0.004679348924718567,0,LOW,18.514492753623188,33620.41449275362,High Value,VIP Loyal,Loyalty program
14681.0,121,1,393.95,48,5,393.95,0,0.0,0,0.6912561377886359,1,MEDIUM,1.0,393.95,Low Value,Automated Campaign,Low-cost automated campaign
14682.0,97,2,52.0,80,1,26.0,13,13.0,1,0.6370628424932457,1,MEDIUM,56.15384615384615,1460.0,High Value,Priority Retain,Priority retention offer
14684.0,124,2,493.44,270,140,246.72,147,147.0,0,0.38663173472177337,0,LOW,4.965986394557823,1225.208163265306,Low Value,Normal Marketing,Normal marketing
14687.0,16,1,628.38,470,15,628.38,0,0.0,1,0.5941269016148291,1,MEDIUM,1.0,628.38,Low Value,Automated Campaign,Low-cost automated campaign
14688.0,2,16,4186.45,2953,112,261.653125,281,18.0,0,0.021228851955838006,0,LOW,20.782918149466195,5437.9154804270465,High Value,VIP Loyal,Loyalty program
14689.0,118,1,112.8,76,13,112.8,0,0.0,1,0.6599615007663572,1,MEDIUM,1.0,112.8,Low Value,Automated Campaign,Low-cost automated campaign
14690.0,61,1,212.56,84,28,212.56,0,0.0,0,0.5853178450691283,1,MEDIUM,1.0,212.56,Low Value,Automated Campaign,Low-cost automated campaign
14691.0,6,2,1274.68,464,37,637.34,116,116.0,0,0.5077669952826972,1,MEDIUM,6.293103448275861,4010.8465517241375,High Value,Priority Retain,Priority retention offer
14692.0,46,4,591.55,265,53,147.8875,185,61.0,1,0.3142985220692289,0,LOW,7.891891891891891,1167.112162162162,Low Value,Normal Marketing,Normal marketing
14693.0,174,1,172.9,34,8,172.9,0,0.0,1,0.7160665279540724,1,HIGH,1.0,172.9,Low Value,Automated Campaign,Low-cost automated campaign
14696.0,29,5,1458.54,1086,83,291.70799999999997,253,63.0,0,0.17690667619639086,0,LOW,7.213438735177865,2104.2177865612643,High Value,VIP Loyal,Loyalty program
14697.0,127,2,188.60999999999999,181,22,94.30499999999999,0,0.0,1,0.6188090021698244,1,MEDIUM,2.0,188.60999999999999,Low Value,Automated Campaign,Low-cost automated campaign
14699.0,123,1,109.13000000000001,77,8,109.13000000000001,0,0.0,1,0.6736179132471285,1,MEDIUM,1.0,109.13000000000001,Low Value,Automated Campaign,Low-cost automated campaign
14700.0,99,2,1541.1,848,56,770.55,48,48.0,0,0.5422677945364409,1,MEDIUM,15.208333333333336,11718.781250000002,High Value,Priority Retain,Priority retention offer
14701.0,82,7,1941.43,666,188,277.34714285714284,143,23.0,0,0.08965274232959027,0,LOW,17.867132867132867,4955.398251748251,High Value,VIP Loyal,Loyalty program
14702.0,26,9,1651.25,636,106,183.47222222222223,248,31.0,0,0.08391171165894229,0,LOW,13.245967741935484,2430.267137096774,High Value,VIP Loyal,Loyalty program
14704.0,52,2,207.5,101,56,103.75,37,37.0,0,0.48401060304298577,1,MEDIUM,19.72972972972973,2046.9594594594594,High Value,Priority Retain,Priority retention offer
14705.0,108,1,179.0,100,1,179.0,0,0.0,1,0.6784058594528415,1,MEDIUM,1.0,179.0,Low Value,Automated Campaign,Low-cost automated campaign
14708.0,63,2,701.1800000000001,410,12,350.59000000000003,214,214.0,0,0.6208070430401046,1,MEDIUM,3.4112149532710276,1195.9378504672898,Low Value,Automated Campaign,Low-cost automated campaign
14709.0,3,9,3952.7400000000002,2004,65,439.1933333333334,264,33.0,0,0.08511829286856781,0,LOW,12.443181818181818,5464.962500000001,High Value,VIP Loyal,Loyalty program
14711.0,0,9,2355.63,795,177,261.7366666666667,171,21.0,0,0.05099844594075063,0,LOW,19.210526315789473,5028.099122807018,High Value,VIP Loyal,Loyalty program
14712.0,21,1,115.72,102,7,115.72,0,0.0,0,0.5896178747624885,1,MEDIUM,1.0,115.72,Low Value,Automated Campaign,Low-cost automated campaign
14713.0,8,9,2029.61,1236,130,225.51222222222222,266,33.0,0,0.05921141496923398,0,LOW,12.349624060150376,2784.991165413534,High Value,VIP Loyal,Loyalty program
14715.0,4,3,594.75,297,44,198.25,236,118.0,0,0.3397752565067315,0,LOW,4.639830508474576,919.8463983050847,Low Value,Normal Marketing,Normal marketing
14716.0,58,1,181.72,319,19,181.72,0,0.0,0,0.599555134816623,1,MEDIUM,1.0,181.72,Low Value,Automated Campaign,Low-cost automated campaign
14719.0,88,2,488.12,398,70,244.06,69,69.0,0,0.4934636658177307,1,MEDIUM,10.579710144927537,2582.0840579710148,High Value,Priority Retain,Priority retention offer
14720.0,36,1,155.8,40,9,155.8,0,0.0,0,0.6008281926933324,1,MEDIUM,1.0,155.8,Low Value,Automated Campaign,Low-cost automated campaign
14722.0,56,1,180.42000000000002,118,28,180.42000000000002,0,0.0,1,0.5790867751870171,1,MEDIUM,1.0,180.42000000000002,Low Value,Automated Campaign,Low-cost automated campaign
14723.0,267,3,455.65,199,68,151.88333333333333,13,6.0,0,0.6079154261731946,1,MEDIUM,84.23076923076923,12793.249999999998,High Value,Priority Retain,Priority retention offer
14727.0,183,1,268.58,62,10,268.58,0,0.0,1,0.7232725769734205,1,HIGH,1.0,268.58,Low Value,Automated Campaign,Low-cost automated campaign
14729.0,283,1,313.49,197,69,313.49,0,0.0,1,0.6930099266480881,1,MEDIUM,1.0,313.49,Low Value,Automated Campaign,Low-cost automated campaign
14730.0,16,5,872.13,509,142,174.426,169,42.0,0,0.13704850171039554,0,LOW,10.798816568047338,1883.5943786982248,High Value,VIP Loyal,Loyalty program
14731.0,115,2,251.01999999999998,182,23,125.50999999999999,6,6.0,0,0.6079184847723265,1,MEDIUM,121.66666666666669,15270.383333333335,High Value,Priority Retain,Priority retention offer
14732.0,53,5,1618.3,960,72,323.65999999999997,195,48.0,0,0.23036454674943174,0,LOW,9.358974358974358,3029.12564102564,High Value,VIP Loyal,Loyalty program
14733.0,20,11,9044.2,3645,98,822.2,257,25.0,0,0.033784444490139745,0,LOW,15.622568093385214,12844.875486381323,High Value,VIP Loyal,Loyalty program
14735.0,8,23,3595.71,1365,66,156.33521739130435,259,11.0,0,0.01621739964139862,0,LOW,32.41312741312741,5067.31332046332,High Value,VIP Loyal,Loyalty program
14737.0,38,2,1081.75,303,13,540.875,224,224.0,0,0.6031170243797768,1,MEDIUM,3.258928571428571,1762.6729910714284,High Value,Priority Retain,Priority retention offer
14738.0,43,5,757.6500000000001,351,28,151.53000000000003,182,45.0,0,0.31743675099735014,0,LOW,10.027472527472527,1519.4629120879124,High Value,VIP Loyal,Loyalty program
14739.0,3,4,2247.58,2678,32,561.895,272,90.0,0,0.26054239159505993,0,LOW,5.367647058823529,3016.0540441176468,High Value,VIP Loyal,Loyalty program
14740.0,106,3,1448.21,735,85,482.7366666666667,86,43.0,1,0.39476011660623617,0,LOW,12.732558139534884,6146.472674418605,High Value,VIP Loyal,Loyalty program
14741.0,22,4,864.96,558,25,216.24,259,86.0,0,0.30892929191447877,0,LOW,5.637065637065637,1218.9590733590735,Low Value,Normal Marketing,Normal marketing
14744.0,207,5,928.03,519,14,185.606,69,17.0,0,0.5622745746292803,1,MEDIUM,26.44927536231884,4909.14420289855,High Value,Priority Retain,Priority retention offer
14745.0,22,5,1220.26,1038,46,244.052,172,43.0,1,0.2680745535231438,0,LOW,10.61046511627907,2589.5052325581396,High Value,VIP Loyal,Loyalty program
14747.0,158,1,328.2,84,18,328.2,0,0.0,1,0.6924920764643097,1,MEDIUM,1.0,328.2,Low Value,Automated Campaign,Low-cost automated campaign
14748.0,33,4,1118.77,1061,75,279.6925,245,81.0,0,0.23336609607970174,0,LOW,5.959183673469387,1666.7389795918366,High Value,VIP Loyal,Loyalty program
14754.0,205,1,228.26999999999998,173,15,228.26999999999998,0,0.0,0,0.7284890228103958,1,HIGH,1.0,228.26999999999998,Low Value,Automated Campaign,Low-cost automated campaign
14755.0,22,7,2867.6800000000003,1241,103,409.66857142857145,221,36.0,0,0.10894347697884804,0,LOW,11.56108597285068,4736.213574660635,High Value,VIP Loyal,Loyalty program
14758.0,54,4,1484.06,419,54,371.015,114,38.0,1,0.3482691995822771,0,LOW,12.807017543859649,4751.595614035087,High Value,VIP Loyal,Loyalty program
14759.0,22,2,870.85,247,47,435.425,119,119.0,0,0.4966034886056911,1,MEDIUM,6.1344537815126055,2671.0945378151264,High Value,Priority Retain,Priority retention offer
14760.0,206,1,89.2,40,5,89.2,0,0.0,1,0.740763531556741,1,HIGH,1.0,89.2,Low Value,Automated Campaign,Low-cost automated campaign
14761.0,244,1,97.5,58,7,97.5,0,0.0,0,0.7636109387127492,1,HIGH,1.0,97.5,Low Value,Automated Campaign,Low-cost automated campaign
14762.0,173,1,300.52,341,21,300.52,0,0.0,1,0.6966067477402238,1,MEDIUM,1.0,300.52,Low Value,Automated Campaign,Low-cost automated campaign
14765.0,21,2,95.5,22,8,47.75,63,63.0,0,0.5639640582023581,1,MEDIUM,11.587301587301587,553.2936507936507,Low Value,Automated Campaign,Low-cost automated campaign
14766.0,77,4,1531.32,984,85,382.83,197,65.0,0,0.265062334465289,0,LOW,7.411167512690355,2837.2172588832486,High Value,VIP Loyal,Loyalty program
14768.0,36,1,133.20000000000002,40,4,133.20000000000002,0,0.0,0,0.610172870488273,1,MEDIUM,1.0,133.20000000000002,Low Value,Automated Campaign,Low-cost automated campaign
14769.0,17,6,6284.84,4329,478,1047.4733333333334,249,49.0,0,0.0037150696580645483,0,LOW,8.795180722891567,9212.717269076307,High Value,VIP Loyal,Loyalty program
14770.0,141,2,876.42,490,49,438.21,90,90.0,1,0.5945072751389989,1,MEDIUM,8.11111111111111,3554.3699999999994,High Value,Priority Retain,Priority retention offer
14772.0,21,1,139.26,82,9,139.26,0,0.0,1,0.5866457586263346,1,MEDIUM,1.0,139.26,Low Value,Automated Campaign,Low-cost automated campaign
14775.0,47,2,701.46,802,39,350.73,234,234.0,0,0.5510061549132466,1,MEDIUM,3.1196581196581197,1094.1576923076923,Low Value,Automated Campaign,Low-cost automated campaign
14776.0,14,8,1862.22,2230,44,232.7775,207,29.0,0,0.16074034224028147,0,LOW,14.106280193236715,3283.6246376811596,High Value,VIP Loyal,Loyalty program
14778.0,36,2,730.86,306,34,365.43,181,181.0,1,0.5456017745774331,1,MEDIUM,4.033149171270718,1473.8337016574587,High Value,Priority Retain,Priority retention offer
14779.0,190,3,386.15,84,40,128.71666666666667,43,21.0,1,0.588663947222255,1,MEDIUM,25.46511627906977,3277.7848837209303,High Value,Priority Retain,Priority retention offer
14782.0,229,1,200.10000000000002,114,6,200.10000000000002,0,0.0,1,0.7592081711227037,1,HIGH,1.0,200.10000000000002,Low Value,Automated Campaign,Low-cost automated campaign
14784.0,233,1,114.68,56,4,114.68,0,0.0,0,0.7618094804568033,1,HIGH,1.0,114.68,Low Value,Automated Campaign,Low-cost automated campaign
14790.0,29,2,364.04,384,22,182.02,134,134.0,0,0.5537154518360485,1,MEDIUM,5.447761194029851,991.6014925373134,Low Value,Automated Campaign,Low-cost automated campaign
14794.0,113,4,679.54,311,37,169.885,130,43.0,0,0.4331151528375379,0,MEDIUM,11.230769230769232,1907.9392307692308,High Value,Priority Retain,Priority retention offer
14795.0,75,1,131.45000000000002,17,6,131.45000000000002,0,0.0,1,0.6393632559434128,1,MEDIUM,1.0,131.45000000000002,Low Value,Automated Campaign,Low-cost automated campaign
14796.0,4,14,6581.18,4850,338,470.0842857142857,272,20.0,0,0.0030691295085897405,0,LOW,18.78676470588235,8831.362867647058,High Value,VIP Loyal,Loyalty program
14798.0,53,2,97.4,104,7,48.7,165,165.0,0,0.6094364674350451,1,MEDIUM,4.424242424242425,215.4606060606061,Low Value,Automated Campaign,Low-cost automated campaign
14800.0,19,9,3832.49,3154,209,425.8322222222222,260,32.0,0,0.027207571810445134,0,LOW,12.634615384615385,5380.226346153846,High Value,VIP Loyal,Loyalty program
14803.0,71,3,845.55,370,35,281.84999999999997,130,65.0,1,0.4563298762580512,1,MEDIUM,8.423076923076923,2374.0442307692306,High Value,Priority Retain,Priority retention offer
14805.0,223,1,109.25,29,19,109.25,0,0.0,0,0.7297093247132339,1,HIGH,1.0,109.25,Low Value,Automated Campaign,Low-cost automated campaign
14808.0,53,6,1833.82,1241,146,305.63666666666666,28,5.0,0,0.17294702977131424,0,LOW,78.21428571428571,23905.153571428567,High Value,VIP Loyal,Loyalty program
14810.0,13,10,1866.78,912,97,186.678,265,29.0,0,0.07071906230842688,0,LOW,13.773584905660377,2571.2252830188677,High Value,VIP Loyal,Loyalty program
14813.0,279,2,152.88,66,25,76.44,0,0.0,1,0.733463643381858,1,HIGH,2.0,152.88,Low Value,Automated Campaign,Low-cost automated campaign
14816.0,106,1,271.85,5,4,271.85,0,0.0,1,0.675682572946933,1,MEDIUM,1.0,271.85,Low Value,Automated Campaign,Low-cost automated campaign
14817.0,109,2,1110.34,655,52,555.17,76,76.0,1,0.5597396723899672,1,MEDIUM,9.605263157894736,5332.55394736842,High Value,Priority Retain,Priority retention offer
14818.0,78,2,409.63,202,23,204.815,84,84.0,0,0.5888079925709282,1,MEDIUM,8.69047619047619,1779.9398809523807,High Value,Priority Retain,Priority retention offer
14819.0,101,1,84.72,48,3,84.72,0,0.0,0,0.664492041200626,1,MEDIUM,1.0,84.72,Low Value,Automated Campaign,Low-cost automated campaign
14820.0,82,1,139.77,87,8,139.77,0,0.0,0,0.6414238661474194,1,MEDIUM,1.0,139.77,Low Value,Automated Campaign,Low-cost automated campaign
14821.0,276,1,48.800000000000004,20,2,48.800000000000004,0,0.0,1,0.7897153184371041,1,HIGH,1.0,48.800000000000004,Low Value,Automated Campaign,Low-cost automated campaign
14823.0,89,3,321.43,88,56,107.14333333333333,14,7.0,1,0.4744832280649019,1,MEDIUM,78.21428571428571,8380.139285714286,High Value,Priority Retain,Priority retention offer
14824.0,0,1,441.91,217,15,441.91,0,0.0,0,0.5707618074086978,1,MEDIUM,1.0,441.91,Low Value,Automated Campaign,Low-cost automated campaign
14825.0,37,7,1333.47,540,68,190.49571428571429,240,40.0,0,0.15813065546207364,0,LOW,10.645833333333334,2027.985625,High Value,VIP Loyal,Loyalty program
14828.0,106,3,2139.76,2172,17,713.2533333333334,140,70.0,1,0.5158390510432038,1,MEDIUM,7.821428571428572,5578.660000000002,High Value,Priority Retain,Priority retention offer
14829.0,93,3,531.63,364,33,177.21,187,93.0,0,0.45830125489141804,1,MEDIUM,5.855614973262032,1037.6735294117648,Low Value,Automated Campaign,Low-cost automated campaign
14834.0,29,2,429.3,180,18,214.65,119,119.0,0,0.5614563790800786,1,MEDIUM,6.1344537815126055,1316.7605042016808,Low Value,Automated Campaign,Low-cost automated campaign
14837.0,14,3,1345.56,1226,82,448.52,96,48.0,0,0.31927423316790515,0,LOW,11.406250000000002,5115.931250000001,High Value,VIP Loyal,Loyalty program
14840.0,177,1,62.85,31,4,62.85,0,0.0,1,0.720572991386615,1,HIGH,1.0,62.85,Low Value,Automated Campaign,Low-cost automated campaign
14841.0,88,4,2375.57,1235,88,593.8925,179,59.0,0,0.2692328014783693,0,LOW,8.156424581005586,4844.039385474861,High Value,VIP Loyal,Loyalty program
14842.0,4,3,1901.52,711,86,633.84,212,106.0,0,0.2665114391782579,0,LOW,5.165094339622642,3273.8433962264153,High Value,VIP Loyal,Loyalty program
14844.0,32,3,2257.6800000000003,1301,64,752.5600000000001,118,59.0,0,0.35965504627450123,0,LOW,9.279661016949152,6983.501694915254,High Value,VIP Loyal,Loyalty program
14847.0,58,1,309.4,120,13,309.4,0,0.0,1,0.6192741733089172,1,MEDIUM,1.0,309.4,Low Value,Automated Campaign,Low-cost automated campaign
14849.0,4,17,5784.53,4088,145,340.2664705882353,278,17.0,0,0.012079731265964502,0,LOW,22.320143884892087,7594.796582733813,High Value,VIP Loyal,Loyalty program
14850.0,221,1,325.75,293,21,325.75,0,0.0,1,0.7334811924784355,1,HIGH,1.0,325.75,Low Value,Automated Campaign,Low-cost automated campaign
14851.0,165,1,206.13,139,14,206.13,0,0.0,0,0.6996004733298219,1,MEDIUM,1.0,206.13,Low Value,Automated Campaign,Low-cost automated campaign
14852.0,5,5,2188.42,1390,67,437.684,156,39.0,0,0.22015378489634863,0,LOW,11.698717948717949,5120.341666666667,High Value,VIP Loyal,Loyalty program
14853.0,120,1,214.5,34,3,214.5,0,0.0,0,0.6859148278097004,1,MEDIUM,1.0,214.5,Low Value,Automated Campaign,Low-cost automated campaign
14854.0,42,6,2281.83,1429,95,380.305,141,28.0,0,0.18022937998376262,0,LOW,15.53191489361702,5906.864893617021,High Value,VIP Loyal,Loyalty program
14855.0,28,2,645.65,267,13,322.825,15,15.0,1,0.5578945474225068,1,MEDIUM,48.66666666666667,15710.816666666668,High Value,Priority Retain,Priority retention offer
14857.0,57,1,522.52,188,29,522.52,0,0.0,0,0.5956785610884747,1,MEDIUM,1.0,522.52,Low Value,Automated Campaign,Low-cost automated campaign
14859.0,113,1,296.86,209,11,296.86,0,0.0,0,0.6684168494879571,1,MEDIUM,1.0,296.86,Low Value,Automated Campaign,Low-cost automated campaign
14862.0,58,1,304.09999999999997,430,21,304.09999999999997,0,0.0,0,0.6014156682601307,1,MEDIUM,1.0,304.09999999999997,Low Value,Automated Campaign,Low-cost automated campaign
14865.0,281,1,37.2,96,3,37.2,0,0.0,0,0.7907195138117357,1,HIGH,1.0,37.2,Low Value,Automated Campaign,Low-cost automated campaign
14866.0,15,4,1163.9,552,25,290.975,260,86.0,0,0.30037093018359007,0,LOW,5.615384615384616,1633.9365384615387,High Value,VIP Loyal,Loyalty program
14867.0,95,3,710.28,328,31,236.76,150,75.0,1,0.4794019175923502,1,MEDIUM,7.300000000000001,1728.3480000000002,High Value,Priority Retain,Priority retention offer
14868.0,29,4,1297.07,689,59,324.2675,113,37.0,0,0.31894967404383984,0,LOW,12.920353982300885,4189.650884955752,High Value,VIP Loyal,Loyalty program
14869.0,12,1,387.06,354,48,387.06,0,0.0,0,0.506155590717831,1,MEDIUM,1.0,387.06,Low Value,Automated Campaign,Low-cost automated campaign
14870.0,171,1,327.25,119,13,327.25,0,0.0,1,0.7114971205358556,1,HIGH,1.0,327.25,Low Value,Automated Campaign,Low-cost automated campaign
14871.0,87,3,335.3,109,44,111.76666666666667,182,91.0,0,0.4326174126231124,0,MEDIUM,6.016483516483516,672.4423076923077,Low Value,Automated Campaign,Low-cost automated campaign
14873.0,119,1,519.68,168,28,519.68,0,0.0,1,0.6507018333155848,1,MEDIUM,1.0,519.68,Low Value,Automated Campaign,Low-cost automated campaign
14875.0,17,2,1465.3200000000002,558,46,732.6600000000001,155,155.0,1,0.5060089508421693,1,MEDIUM,4.709677419354839,3450.5922580645165,High Value,Priority Retain,Priority retention offer
14878.0,83,6,1083.02,627,51,180.50333333333333,184,36.0,0,0.2654173822948422,0,LOW,11.902173913043477,2148.382065217391,High Value,VIP Loyal,Loyalty program
14880.0,94,2,347.67,237,25,173.835,103,103.0,0,0.6006516438150535,1,MEDIUM,7.0873786407766985,1232.0344660194176,Low Value,Automated Campaign,Low-cost automated campaign
14883.0,73,2,358.48,322,25,179.24,47,47.0,0,0.5736012511866854,1,MEDIUM,15.53191489361702,2783.940425531915,High Value,Priority Retain,Priority retention offer
14885.0,41,1,765.3199999999999,724,15,765.3199999999999,0,0.0,1,0.622270931400395,1,MEDIUM,1.0,765.3199999999999,Low Value,Automated Campaign,Low-cost automated campaign
14886.0,162,1,364.8,160,18,364.8,0,0.0,1,0.6970937633281169,1,MEDIUM,1.0,364.8,Low Value,Automated Campaign,Low-cost automated campaign
14888.0,116,1,369.2,184,20,369.2,0,0.0,1,0.6567237791045109,1,MEDIUM,1.0,369.2,Low Value,Automated Campaign,Low-cost automated campaign
14889.0,245,1,135.9,90,10,135.9,0,0.0,1,0.7609323708540138,1,HIGH,1.0,135.9,Low Value,Automated Campaign,Low-cost automated campaign
14890.0,163,1,125.65,51,7,125.65,0,0.0,1,0.7074923529584211,1,HIGH,1.0,125.65,Low Value,Automated Campaign,Low-cost automated campaign
14891.0,57,2,554.38,505,30,277.19,39,39.0,1,0.5489642412720488,1,MEDIUM,18.717948717948715,5188.428205128204,High Value,Priority Retain,Priority retention offer
14895.0,0,13,7974.79,3418,242,613.4453846153846,199,16.0,0,0.009167879155144455,0,LOW,23.844221105527637,14627.127386934671,High Value,VIP Loyal,Loyalty program
14896.0,114,2,468.77000000000004,279,43,234.38500000000002,160,160.0,1,0.5897895555867907,1,MEDIUM,4.5625,1069.3815625000002,Low Value,Automated Campaign,Low-cost automated campaign
14897.0,206,1,175.5,122,10,175.5,0,0.0,0,0.735702793361152,1,HIGH,1.0,175.5,Low Value,Automated Campaign,Low-cost automated campaign
14898.0,43,5,991.18,852,60,198.236,236,59.0,0,0.22988995080159996,0,LOW,7.733050847457627,1532.96906779661,High Value,VIP Loyal,Loyalty program
14901.0,11,5,822.12,409,50,164.424,271,67.0,0,0.21064720872342213,0,LOW,6.734317343173432,1107.2833948339485,Low Value,Normal Marketing,Normal marketing
14903.0,34,4,2398.62,1330,195,599.655,154,51.0,0,0.11102824896931082,0,LOW,9.480519480519481,5685.040909090909,High Value,VIP Loyal,Loyalty program
14905.0,67,2,616.15,287,14,308.075,76,76.0,1,0.5991981271655287,1,MEDIUM,9.605263157894736,2959.141447368421,High Value,Priority Retain,Priority retention offer
14907.0,8,5,2608.18,1307,110,521.636,268,67.0,0,0.12390168844906271,0,LOW,6.809701492537314,3552.1854477611937,High Value,VIP Loyal,Loyalty program
14911.0,2,112,81903.79,43709,1230,731.2838392857142,280,2.0,0,9.193339277787757e-16,0,LOW,146.0,106767.44053571427,High Value,VIP Loyal,Loyalty program
14912.0,156,1,482.78999999999996,445,14,482.78999999999996,0,0.0,0,0.7045983803853704,1,HIGH,1.0,482.78999999999996,Low Value,Automated Campaign,Low-cost automated campaign
14913.0,92,3,917.15,1362,57,305.71666666666664,175,87.0,0,0.4066548057758918,0,MEDIUM,6.257142857142857,1912.9128571428569,High Value,Priority Retain,Priority retention offer
14915.0,0,2,307.48,112,12,153.74,186,186.0,1,0.5573490687814496,1,MEDIUM,3.924731182795699,603.3881720430109,Low Value,Automated Campaign,Low-cost automated campaign
14916.0,3,3,967.76,830,54,322.58666666666664,230,115.0,0,0.3195561360486609,0,LOW,4.760869565217392,1535.7930434782609,High Value,VIP Loyal,Loyalty program
14918.0,25,2,1610.15,675,39,805.075,38,38.0,1,0.5120644824011092,1,MEDIUM,19.210526315789473,15465.91447368421,High Value,Priority Retain,Priority retention offer
14920.0,122,2,977.77,509,57,488.885,0,0.0,1,0.547834190150754,1,MEDIUM,2.0,977.77,Low Value,Automated Campaign,Low-cost automated campaign
14921.0,110,1,903.01,631,53,903.01,0,0.0,0,0.60998972454682,1,MEDIUM,1.0,903.01,Low Value,Automated Campaign,Low-cost automated campaign
14924.0,155,1,310.05,64,10,310.05,0,0.0,1,0.7042434036218508,1,HIGH,1.0,310.05,Low Value,Automated Campaign,Low-cost automated campaign
14930.0,18,3,2362.96,1160,116,787.6533333333333,165,82.0,1,0.23826625974025495,0,LOW,6.636363636363637,5227.153939393939,High Value,VIP Loyal,Loyalty program
14931.0,115,2,586.0,98,10,293.0,34,34.0,0,0.6427371698309737,1,MEDIUM,21.470588235294116,6290.882352941176,High Value,Priority Retain,Priority retention offer
14932.0,275,1,363.53,80,17,363.53,0,0.0,1,0.7782042170988186,1,HIGH,1.0,363.53,Low Value,Automated Campaign,Low-cost automated campaign
14934.0,192,1,828.84,459,39,828.84,0,0.0,0,0.7017344260612621,1,HIGH,1.0,828.84,Low Value,Automated Campaign,Low-cost automated campaign
14935.0,206,1,1784.71,935,10,1784.71,0,0.0,1,0.7965112981641527,1,HIGH,1.0,1784.71,High Value,Priority Retain,Priority retention offer
14936.0,18,3,5072.88,2352,124,1690.96,167,83.0,0,0.2186634868882997,0,LOW,6.5568862275449105,11087.432335329342,High Value,VIP Loyal,Loyalty program
14937.0,39,1,759.56,172,13,759.56,0,0.0,0,0.6258548307080137,1,MEDIUM,1.0,759.56,Low Value,Automated Campaign,Low-cost automated campaign
14944.0,4,7,3164.19,1699,71,452.02714285714285,201,33.0,0,0.13590640763973882,0,LOW,12.711442786069652,5745.9171641791045,High Value,VIP Loyal,Loyalty program
14947.0,40,1,178.5,118,10,178.5,0,0.0,0,0.6031875169949685,1,MEDIUM,1.0,178.5,Low Value,Automated Campaign,Low-cost automated campaign
14948.0,7,4,639.23,453,39,159.8075,120,40.0,0,0.34323655224002414,0,LOW,12.166666666666668,1944.3245833333335,High Value,VIP Loyal,Loyalty program
14952.0,116,7,3534.61,1787,82,504.94428571428574,157,26.0,0,0.1930888888240521,0,LOW,16.27388535031847,8217.40541401274,High Value,VIP Loyal,Loyalty program
14957.0,162,1,58.49,34,12,58.49,0,0.0,1,0.6944767144143161,1,MEDIUM,1.0,58.49,Low Value,Automated Campaign,Low-cost automated campaign
14958.0,56,3,483.72999999999996,128,33,161.2433333333333,98,49.0,1,0.4612233895795648,1,MEDIUM,11.173469387755102,1801.6474489795914,High Value,Priority Retain,Priority retention offer
14959.0,19,3,537.32,400,33,179.10666666666668,186,93.0,0,0.3932080457683053,0,LOW,5.887096774193548,1054.4182795698925,Low Value,Normal Marketing,Normal marketing
14960.0,80,1,88.3,20,2,88.3,0,0.0,0,0.649457557777294,1,MEDIUM,1.0,88.3,Low Value,Automated Campaign,Low-cost automated campaign
14961.0,0,7,4917.93,2669,158,702.5614285714286,269,44.0,0,0.048327579338827316,0,LOW,9.498141263940521,6673.027695167287,High Value,VIP Loyal,Loyalty program
14962.0,180,1,126.7,44,5,126.7,0,0.0,1,0.72375928965251,1,HIGH,1.0,126.7,Low Value,Automated Campaign,Low-cost automated campaign
14963.0,93,1,294.2,167,37,294.2,0,0.0,0,0.5984371524602677,1,MEDIUM,1.0,294.2,Low Value,Automated Campaign,Low-cost automated campaign
14964.0,156,1,206.21,143,13,206.21,0,0.0,1,0.6945202105980033,1,MEDIUM,1.0,206.21,Low Value,Automated Campaign,Low-cost automated campaign
14965.0,5,2,596.09,363,80,298.045,0,0.0,1,0.3883856789782305,0,LOW,2.0,596.09,Low Value,Normal Marketing,Normal marketing
14970.0,46,3,1119.75,165,10,373.25,179,89.0,0,0.4684426495088558,1,MEDIUM,6.11731843575419,2283.2891061452515,High Value,Priority Retain,Priority retention offer
14972.0,37,1,114.77,28,18,114.77,0,0.0,1,0.5804225934625814,1,MEDIUM,1.0,114.77,Low Value,Automated Campaign,Low-cost automated campaign
14973.0,16,3,1314.45,369,29,438.15000000000003,118,59.0,1,0.4235876363591554,0,MEDIUM,9.279661016949152,4065.8834745762715,High Value,Priority Retain,Priority retention offer
14976.0,10,4,559.96,162,38,139.99,225,75.0,0,0.2958643749053476,0,LOW,6.488888888888889,908.3795555555556,Low Value,Normal Marketing,Normal marketing
14978.0,145,4,1527.23,415,120,381.8075,94,31.0,0,0.3031271740899604,0,LOW,15.53191489361702,5930.201595744681,High Value,VIP Loyal,Loyalty program
14981.0,155,1,102.12,97,8,102.12,0,0.0,1,0.698381614511699,1,MEDIUM,1.0,102.12,Low Value,Automated Campaign,Low-cost automated campaign
14984.0,90,1,102.23,20,16,102.23,0,0.0,0,0.6301516147245417,1,MEDIUM,1.0,102.23,Low Value,Automated Campaign,Low-cost automated campaign
14985.0,107,2,292.01,256,78,146.005,159,159.0,1,0.5051260849612123,1,MEDIUM,4.591194968553459,670.3374213836478,Low Value,Automated Campaign,Low-cost automated campaign
14987.0,275,1,163.2,64,2,163.2,0,0.0,0,0.7931387954734768,1,HIGH,1.0,163.2,Low Value,Automated Campaign,Low-cost automated campaign
14988.0,121,1,334.54,141,40,334.54,0,0.0,1,0.6186367080487649,1,MEDIUM,1.0,334.54,Low Value,Automated Campaign,Low-cost automated campaign
14995.0,189,1,119.31,51,37,119.31,0,0.0,0,0.6709527524057409,1,MEDIUM,1.0,119.31,Low Value,Automated Campaign,Low-cost automated campaign
14997.0,87,1,155.28,312,9,155.28,0,0.0,0,0.6437843079051587,1,MEDIUM,1.0,155.28,Low Value,Automated Campaign,Low-cost automated campaign
14998.0,79,2,414.87,258,70,207.435,71,71.0,1,0.48508741409141265,1,MEDIUM,10.28169014084507,2132.782394366197,High Value,Priority Retain,Priority retention offer
15002.0,25,4,1641.76,862,93,410.44,251,83.0,1,0.19650004711414806,0,LOW,5.816733067729084,2387.419920318725,High Value,VIP Loyal,Loyalty program
15004.0,56,1,1220.77,623,154,1220.77,0,0.0,1,0.3612104568439548,0,LOW,1.0,1220.77,Low Value,Normal Marketing,Normal marketing
15005.0,5,20,4507.55,3020,281,225.3775,270,14.0,0,0.003022788191975746,0,LOW,27.037037037037038,6093.539814814815,High Value,VIP Loyal,Loyalty program
15007.0,68,1,156.91,69,12,156.91,0,0.0,1,0.6222638416267134,1,MEDIUM,1.0,156.91,Low Value,Automated Campaign,Low-cost automated campaign
15012.0,283,1,188.56,84,46,188.56,0,0.0,0,0.729265562740066,1,HIGH,1.0,188.56,Low Value,Automated Campaign,Low-cost automated campaign
15014.0,85,1,117.72999999999999,68,2,117.72999999999999,0,0.0,0,0.654925368454676,1,MEDIUM,1.0,117.72999999999999,Low Value,Automated Campaign,Low-cost automated campaign
15016.0,82,1,170.04,76,20,170.04,0,0.0,1,0.6183538656605597,1,MEDIUM,1.0,170.04,Low Value,Automated Campaign,Low-cost automated campaign
15018.0,162,2,291.34000000000003,94,17,145.67000000000002,114,114.0,0,0.6753459277527185,1,MEDIUM,6.4035087719298245,932.7991228070176,Low Value,Automated Campaign,Low-cost automated campaign
15019.0,176,1,252.81,150,64,252.81,0,0.0,1,0.6118713202006976,1,MEDIUM,1.0,252.81,Low Value,Automated Campaign,Low-cost automated campaign
15021.0,66,5,1080.23,505,204,216.046,209,52.0,0,0.0892673339550481,0,LOW,8.732057416267942,1886.5260765550238,High Value,VIP Loyal,Loyalty program
15023.0,25,8,5027.97,2193,271,628.49625,253,36.0,0,0.017853611729988852,0,LOW,11.541501976284584,7253.79071146245,High Value,VIP Loyal,Loyalty program
15024.0,22,5,830.62,404,62,166.124,254,63.0,0,0.2074930007264772,0,LOW,7.18503937007874,1193.6074803149606,Low Value,Normal Marketing,Normal marketing
15026.0,149,2,230.78,81,24,115.39,37,37.0,0,0.6394830453319942,1,MEDIUM,19.72972972972973,2276.6135135135137,High Value,Priority Retain,Priority retention offer
15027.0,77,3,966.9699999999999,523,27,322.3233333333333,70,35.0,0,0.5024491893011457,1,MEDIUM,15.642857142857144,5042.057857142858,High Value,Priority Retain,Priority retention offer
15028.0,278,1,185.97,119,14,185.97,0,0.0,0,0.7779120216320776,1,HIGH,1.0,185.97,Low Value,Automated Campaign,Low-cost automated campaign
15030.0,177,1,152.76,156,3,152.76,0,0.0,0,0.7259684551838377,1,HIGH,1.0,152.76,Low Value,Automated Campaign,Low-cost automated campaign
15031.0,19,2,261.79,115,42,130.895,172,172.0,0,0.5061642222027714,1,MEDIUM,4.2441860465116275,555.5427325581395,Low Value,Automated Campaign,Low-cost automated campaign
15032.0,165,3,4959.1,2968,29,1653.0333333333335,110,55.0,1,0.5464912388181722,1,MEDIUM,9.954545454545455,16455.195454545457,High Value,Priority Retain,Priority retention offer
15033.0,18,6,1608.95,903,203,268.15833333333336,220,44.0,0,0.061062601368989555,0,LOW,9.954545454545455,2669.3943181818186,High Value,VIP Loyal,Loyalty program
15034.0,142,5,2640.38,1326,158,528.076,121,30.0,0,0.18287057576906726,0,LOW,15.082644628099173,7964.782644628099,High Value,VIP Loyal,Loyalty program
15036.0,86,2,212.49,143,49,106.245,2,2.0,0,0.5249532872327332,1,MEDIUM,365.0,38779.425,High Value,Priority Retain,Priority retention offer
15038.0,97,4,497.7,123,90,124.425,182,60.0,0,0.2874450510206745,0,LOW,8.021978021978022,998.1346153846154,Low Value,Normal Marketing,Normal marketing
15039.0,1,38,18384.65,8465,377,483.80657894736845,276,7.0,0,2.8672539400802577e-05,0,LOW,50.2536231884058,24313.033514492756,High Value,VIP Loyal,Loyalty program
15041.0,79,1,179.93,103,66,179.93,0,0.0,1,0.5170738283984287,1,MEDIUM,1.0,179.93,Low Value,Automated Campaign,Low-cost automated campaign
15042.0,108,1,135.93,30,5,135.93,0,0.0,1,0.6687738503243464,1,MEDIUM,1.0,135.93,Low Value,Automated Campaign,Low-cost automated campaign
15044.0,45,13,5152.68,1539,147,396.36,225,18.0,0,0.029896569640970937,0,LOW,21.08888888888889,8358.792,High Value,VIP Loyal,Loyalty program
15045.0,61,2,735.66,114,11,367.83,105,105.0,1,0.6063979396047207,1,MEDIUM,6.9523809523809526,2557.2942857142857,High Value,Priority Retain,Priority retention offer
15046.0,6,11,3943.68,2536,124,358.5163636363636,241,24.0,0,0.043145035733724746,0,LOW,16.6597510373444,5972.793360995851,High Value,VIP Loyal,Loyalty program
15047.0,179,1,343.62,222,22,343.62,0,0.0,1,0.7016128332734961,1,HIGH,1.0,343.62,Low Value,Automated Campaign,Low-cost automated campaign
15048.0,26,3,321.48,170,74,107.16000000000001,251,125.0,0,0.29516465122588914,0,LOW,4.362549800796813,467.49083665338657,Low Value,Normal Marketing,Normal marketing
15049.0,183,1,121.17000000000002,63,3,121.17000000000002,0,0.0,1,0.729153249905731,1,HIGH,1.0,121.17000000000002,Low Value,Automated Campaign,Low-cost automated campaign
15051.0,59,1,377.74,351,34,377.74,0,0.0,0,0.5786965201842684,1,MEDIUM,1.0,377.74,Low Value,Automated Campaign,Low-cost automated campaign
15052.0,228,1,207.73000000000002,79,27,207.73000000000002,0,0.0,1,0.7234800161392595,1,HIGH,1.0,207.73000000000002,Low Value,Automated Campaign,Low-cost automated campaign
15053.0,65,2,478.6,514,28,239.3,125,125.0,0,0.5726442043587616,1,MEDIUM,5.840000000000001,1397.5120000000002,High Value,Priority Retain,Priority retention offer
15057.0,184,2,1489.5,668,25,744.75,40,40.0,1,0.6785852242452322,1,MEDIUM,18.25,13591.6875,High Value,Priority Retain,Priority retention offer
15058.0,34,7,1234.76,607,131,176.3942857142857,187,31.0,0,0.11204466543127832,0,LOW,13.663101604278074,2410.0930481283417,High Value,VIP Loyal,Loyalty program
15059.0,16,7,1008.6,405,127,144.0857142857143,227,37.0,0,0.09913100038317348,0,LOW,11.255506607929515,1621.7577092511012,High Value,VIP Loyal,Loyalty program
15061.0,37,37,36575.0,19193,59,988.5135135135135,244,6.0,0,7.741556534354153e-05,0,LOW,55.3483606557377,54712.60245901639,High Value,VIP Loyal,Loyalty program
15062.0,127,3,814.04,541,38,271.34666666666664,141,70.0,0,0.49536087672490436,1,MEDIUM,7.76595744680851,2107.2666666666664,High Value,Priority Retain,Priority retention offer
15063.0,122,1,370.79999999999995,56,5,370.79999999999995,0,0.0,1,0.6909408717962153,1,MEDIUM,1.0,370.79999999999995,Low Value,Automated Campaign,Low-cost automated campaign
15065.0,74,3,2858.75,1181,132,952.9166666666666,126,63.0,0,0.2612918431791456,0,LOW,8.69047619047619,8281.299603174602,High Value,VIP Loyal,Loyalty program
15067.0,192,1,848.05,335,35,848.05,0,0.0,0,0.7102039230504331,1,HIGH,1.0,848.05,Low Value,Automated Campaign,Low-cost automated campaign
15068.0,165,1,239.95999999999998,130,39,239.95999999999998,0,0.0,0,0.653094081525089,1,MEDIUM,1.0,239.95999999999998,Low Value,Automated Campaign,Low-cost automated campaign
15069.0,88,1,1109.53,520,70,1109.53,0,0.0,1,0.5654816480465995,1,MEDIUM,1.0,1109.53,Low Value,Automated Campaign,Low-cost automated campaign
15070.0,282,1,106.2,36,1,106.2,0,0.0,1,0.7967680014360512,1,HIGH,1.0,106.2,Low Value,Automated Campaign,Low-cost automated campaign
15071.0,3,2,982.07,269,25,491.035,182,182.0,1,0.5386195545842135,1,MEDIUM,4.010989010989011,1969.5359890109892,High Value,Priority Retain,Priority retention offer
15073.0,95,2,861.96,428,22,430.98,1,1.0,0,0.5981299434295987,1,MEDIUM,365.0,157307.7,High Value,Priority Retain,Priority retention offer
15074.0,14,1,735.67,431,41,735.67,0,0.0,1,0.5420343447851647,1,MEDIUM,1.0,735.67,Low Value,Automated Campaign,Low-cost automated campaign
15076.0,82,1,880.85,571,49,880.85,0,0.0,1,0.5929539464978618,1,MEDIUM,1.0,880.85,Low Value,Automated Campaign,Low-cost automated campaign
15078.0,15,22,6702.59,3387,83,304.66318181818184,262,12.0,0,0.011285209837154947,0,LOW,30.648854961832058,9337.577671755726,High Value,VIP Loyal,Loyalty program
15079.0,122,4,895.61,389,46,223.9025,153,51.0,1,0.40696779059569305,0,MEDIUM,9.542483660130719,2136.585947712418,High Value,Priority Retain,Priority retention offer
15081.0,117,2,248.05,113,16,124.025,158,158.0,0,0.6461034956206222,1,MEDIUM,4.620253164556962,573.0268987341772,Low Value,Automated Campaign,Low-cost automated campaign
15083.0,166,1,88.2,38,5,88.2,0,0.0,1,0.7117292732542824,1,HIGH,1.0,88.2,Low Value,Automated Campaign,Low-cost automated campaign
15087.0,191,1,306.94,470,15,306.94,0,0.0,1,0.7210463914472099,1,HIGH,1.0,306.94,Low Value,Automated Campaign,Low-cost automated campaign
15089.0,3,3,2036.28,1189,117,678.76,34,17.0,0,0.2664505175866947,0,LOW,32.205882352941174,21860.064705882352,High Value,VIP Loyal,Loyalty program
15090.0,217,1,381.32,208,23,381.32,0,0.0,1,0.7297177488048353,1,HIGH,1.0,381.32,Low Value,Automated Campaign,Low-cost automated campaign
15092.0,124,2,457.81,135,23,228.905,68,68.0,1,0.6271612823746142,1,MEDIUM,10.735294117647058,2457.3624999999997,High Value,Priority Retain,Priority retention offer
15093.0,26,5,4027.1,3279,51,805.42,255,63.0,0,0.19183978463277104,0,LOW,7.156862745098039,5764.280392156862,High Value,VIP Loyal,Loyalty program
15095.0,13,4,1370.6,1079,30,342.65,99,33.0,1,0.3697719120310642,0,LOW,14.747474747474747,5053.222222222222,High Value,VIP Loyal,Loyalty program
15098.0,91,3,39916.5,121,1,13305.5,0,0.0,1,0.5144176526385701,1,MEDIUM,3.0,39916.5,High Value,Priority Retain,Priority retention offer
15100.0,243,3,876.0,80,1,292.0,40,20.0,1,0.7105309831173237,1,HIGH,27.375,7993.5,High Value,Priority Retain,Priority retention offer
15101.0,268,1,102.28,34,4,102.28,0,0.0,0,0.7837882652950303,1,HIGH,1.0,102.28,Low Value,Automated Campaign,Low-cost automated campaign
15104.0,106,2,993.54,635,66,496.77,85,85.0,1,0.5264912174119079,1,MEDIUM,8.588235294117647,4266.377647058824,High Value,Priority Retain,Priority retention offer
15105.0,44,1,532.98,274,19,532.98,0,0.0,0,0.6057400847961543,1,MEDIUM,1.0,532.98,Low Value,Automated Campaign,Low-cost automated campaign
15106.0,50,3,1032.83,822,67,344.27666666666664,128,64.0,0,0.36884599899647236,0,LOW,8.5546875,2945.1792968749996,High Value,VIP Loyal,Loyalty program
15107.0,220,6,319.5,170,12,53.25,61,12.0,1,0.5601040630090447,1,MEDIUM,35.90163934426229,1911.762295081967,High Value,Priority Retain,Priority retention offer
15108.0,51,4,1300.25,499,50,325.0625,85,28.0,1,0.37040791792824074,0,LOW,17.176470588235293,5583.426470588235,High Value,VIP Loyal,Loyalty program
15109.0,155,1,484.95,131,28,484.95,0,0.0,1,0.6783809204711082,1,MEDIUM,1.0,484.95,Low Value,Automated Campaign,Low-cost automated campaign
15110.0,36,2,376.55,121,13,188.275,191,191.0,0,0.5888548700398669,1,MEDIUM,3.821989528795812,719.5850785340315,Low Value,Automated Campaign,Low-cost automated campaign
15111.0,282,1,288.5,106,16,288.5,0,0.0,0,0.7812503429075814,1,HIGH,1.0,288.5,Low Value,Automated Campaign,Low-cost automated campaign
15114.0,2,7,1678.97,1817,78,239.85285714285715,208,34.0,0,0.13790614198585754,0,LOW,12.283653846153847,2946.2694711538466,High Value,VIP Loyal,Loyalty program
15116.0,44,2,790.97,255,20,395.485,70,70.0,0,0.5671793687383345,1,MEDIUM,10.428571428571429,4124.3435714285715,High Value,Priority Retain,Priority retention offer
15117.0,30,2,675.73,1085,31,337.865,94,94.0,0,0.5305528431565931,1,MEDIUM,7.76595744680851,2623.8452127659575,High Value,Priority Retain,Priority retention offer
15118.0,43,1,244.8,1440,1,244.8,0,0.0,1,0.6244602958952561,1,MEDIUM,1.0,244.8,Low Value,Automated Campaign,Low-cost automated campaign
15119.0,155,1,266.4,88,14,266.4,0,0.0,1,0.6947863824366227,1,MEDIUM,1.0,266.4,Low Value,Automated Campaign,Low-cost automated campaign
15120.0,43,1,358.82,296,21,358.82,0,0.0,1,0.5914703087549157,1,MEDIUM,1.0,358.82,Low Value,Automated Campaign,Low-cost automated campaign
15121.0,198,1,295.15,125,18,295.15,0,0.0,0,0.7211340754636745,1,HIGH,1.0,295.15,Low Value,Automated Campaign,Low-cost automated campaign
15122.0,23,3,1633.78,800,65,544.5933333333334,183,91.0,1,0.32897419781398374,0,LOW,5.9836065573770485,3258.632240437158,High Value,VIP Loyal,Loyalty program
15123.0,115,1,1069.47,509,53,1069.47,0,0.0,0,0.623185899325996,1,MEDIUM,1.0,1069.47,Low Value,Automated Campaign,Low-cost automated campaign
15124.0,101,1,90.75,89,9,90.75,0,0.0,0,0.6528028263696942,1,MEDIUM,1.0,90.75,Low Value,Automated Campaign,Low-cost automated campaign
15125.0,22,12,10795.48,5909,97,899.6233333333333,157,14.0,0,0.034397165369360716,0,LOW,27.898089171974522,25097.771974522293,High Value,VIP Loyal,Loyalty program
15128.0,36,3,1170.24,1007,66,390.08,92,46.0,0,0.3715605320532147,0,LOW,11.902173913043477,4642.799999999999,High Value,VIP Loyal,Loyalty program
15129.0,16,10,2796.73,1621,48,279.673,185,20.0,0,0.1235552165528037,0,LOW,19.72972972972973,5517.872702702703,High Value,VIP Loyal,Loyalty program
15130.0,79,1,330.11,197,22,330.11,0,0.0,1,0.6195083467884122,1,MEDIUM,1.0,330.11,Low Value,Automated Campaign,Low-cost automated campaign
15132.0,15,3,842.23,633,47,280.74333333333334,156,78.0,0,0.37065575355872793,0,LOW,7.019230769230769,1970.6022435897437,High Value,VIP Loyal,Loyalty program
15133.0,37,3,982.42,680,27,327.4733333333333,174,87.0,1,0.4247321335546555,0,MEDIUM,6.293103448275862,2060.8235632183905,High Value,Priority Retain,Priority retention offer
15134.0,36,4,614.86,390,27,153.715,113,37.0,0,0.39593048858505997,0,LOW,12.920353982300885,1986.0522123893804,High Value,VIP Loyal,Loyalty program
15135.0,148,1,139.05,43,9,139.05,0,0.0,1,0.6929388992084209,1,MEDIUM,1.0,139.05,Low Value,Automated Campaign,Low-cost automated campaign
15136.0,5,1,582.9,374,29,582.9,0,0.0,0,0.5520108878456873,1,MEDIUM,1.0,582.9,Low Value,Automated Campaign,Low-cost automated campaign
15139.0,149,2,178.96,208,13,89.48,96,96.0,1,0.6687447275512748,1,MEDIUM,7.604166666666668,680.4208333333335,Low Value,Automated Campaign,Low-cost automated campaign
15140.0,25,5,1728.11,1266,53,345.62199999999996,148,37.0,0,0.2649121541008385,0,LOW,12.33108108108108,4261.892905405405,High Value,VIP Loyal,Loyalty program
15143.0,135,1,259.45,150,14,259.45,0,0.0,1,0.6786138725178673,1,MEDIUM,1.0,259.45,Low Value,Automated Campaign,Low-cost automated campaign
15144.0,2,10,3560.84,1920,99,356.084,219,24.0,0,0.0665070058371829,0,LOW,16.666666666666668,5934.733333333334,High Value,VIP Loyal,Loyalty program
15145.0,136,2,724.03,438,35,362.015,21,21.0,0,0.6078852291383929,1,MEDIUM,34.76190476190476,12584.330952380951,High Value,Priority Retain,Priority retention offer
15146.0,74,2,1327.16,1473,90,663.58,126,126.0,1,0.4525687053195478,1,MEDIUM,5.7936507936507935,3844.550793650794,High Value,Priority Retain,Priority retention offer
15147.0,149,1,623.5,366,28,623.5,0,0.0,1,0.6796015298867957,1,MEDIUM,1.0,623.5,Low Value,Automated Campaign,Low-cost automated campaign
15149.0,43,1,520.8000000000001,128,23,520.8000000000001,0,0.0,1,0.5961756480516982,1,MEDIUM,1.0,520.8000000000001,Low Value,Automated Campaign,Low-cost automated campaign
15150.0,18,5,3569.62,2474,225,713.924,160,40.0,0,0.06257380267759553,0,LOW,11.40625,8143.195624999999,High Value,VIP Loyal,Loyalty program
15152.0,22,6,2383.21,1173,110,397.20166666666665,73,14.0,0,0.17839167060490405,0,LOW,30.0,11916.05,High Value,VIP Loyal,Loyalty program
15157.0,63,2,1505.37,1910,89,752.685,203,203.0,0,0.45747061823549423,1,MEDIUM,3.5960591133004924,2706.699753694581,High Value,Priority Retain,Priority retention offer
15159.0,22,18,8969.97,5666,205,498.33166666666665,248,14.0,0,0.00529930497091903,0,LOW,26.491935483870968,13201.770362903226,High Value,VIP Loyal,Loyalty program
15160.0,266,1,158.16,84,4,158.16,0,0.0,1,0.7845151751000217,1,HIGH,1.0,158.16,Low Value,Automated Campaign,Low-cost automated campaign
15163.0,101,1,155.0,48,10,155.0,0,0.0,0,0.6540775822341007,1,MEDIUM,1.0,155.0,Low Value,Automated Campaign,Low-cost automated campaign
15164.0,117,2,363.23,142,52,181.615,130,130.0,0,0.567772925432168,1,MEDIUM,5.615384615384616,1019.8380769230771,Low Value,Automated Campaign,Low-cost automated campaign
15165.0,282,1,487.75,160,27,487.75,0,0.0,1,0.7718553036646681,1,HIGH,1.0,487.75,Low Value,Automated Campaign,Low-cost automated campaign
15167.0,230,1,158.8,65,39,158.8,0,0.0,1,0.7011775164819684,1,HIGH,1.0,158.8,Low Value,Automated Campaign,Low-cost automated campaign
15171.0,240,1,1289.5,290,5,1289.5,0,0.0,1,0.8072542697792372,1,HIGH,1.0,1289.5,Low Value,Automated Campaign,Low-cost automated campaign
15172.0,45,3,886.74,838,60,295.58,100,50.0,0,0.3898062219589211,0,LOW,10.950000000000001,3236.601,High Value,VIP Loyal,Loyalty program
15174.0,232,1,135.75,145,11,135.75,0,0.0,1,0.7504297820233256,1,HIGH,1.0,135.75,Low Value,Automated Campaign,Low-cost automated campaign
15178.0,169,1,40.5,30,3,40.5,0,0.0,1,0.7154643632278772,1,HIGH,1.0,40.5,Low Value,Automated Campaign,Low-cost automated campaign
15179.0,143,3,1455.12,1294,45,485.03999999999996,85,42.0,0,0.513243849315432,1,MEDIUM,12.882352941176471,6248.456470588235,High Value,Priority Retain,Priority retention offer
15180.0,276,1,87.5,36,6,87.5,0,0.0,1,0.785197781084708,1,HIGH,1.0,87.5,Low Value,Automated Campaign,Low-cost automated campaign
15181.0,84,2,434.99999999999994,252,10,217.49999999999997,94,94.0,0,0.6229874694916612,1,MEDIUM,7.76595744680851,1689.0957446808509,High Value,Priority Retain,Priority retention offer
15182.0,63,2,622.85,253,24,311.425,114,114.0,1,0.5802029968884791,1,MEDIUM,6.4035087719298245,1994.2127192982457,High Value,Priority Retain,Priority retention offer
15184.0,100,1,235.23000000000002,73,20,235.23000000000002,0,0.0,0,0.6370209282801459,1,MEDIUM,1.0,235.23000000000002,Low Value,Automated Campaign,Low-cost automated campaign
15186.0,77,1,229.26,162,10,229.26,0,0.0,0,0.6374497497776717,1,MEDIUM,1.0,229.26,Low Value,Automated Campaign,Low-cost automated campaign
15187.0,1,6,1883.88,801,37,313.98,120,24.0,0,0.2576279784381956,0,LOW,18.25,5730.135,High Value,VIP Loyal,Loyalty program
15189.0,0,33,12635.77,4627,72,382.90212121212124,241,7.0,0,0.0017342064966504025,0,LOW,49.9792531120332,19137.162033195025,High Value,VIP Loyal,Loyalty program
15192.0,29,3,1044.32,918,36,348.1066666666666,245,122.0,1,0.37048522440872433,0,LOW,4.469387755102041,1555.8236734693876,High Value,VIP Loyal,Loyalty program
15194.0,36,11,4469.53,3283,152,406.3209090909091,241,24.0,0,0.035824576000635815,0,LOW,16.6597510373444,6769.2051867219925,High Value,VIP Loyal,Loyalty program
15197.0,162,2,773.25,202,15,386.625,105,105.0,0,0.6827172009273308,1,MEDIUM,6.9523809523809526,2687.964285714286,High Value,Priority Retain,Priority retention offer
15198.0,1,2,193.64,120,10,96.82,31,31.0,1,0.5375555920681758,1,MEDIUM,23.548387096774196,2279.9548387096775,High Value,Priority Retain,Priority retention offer
15199.0,4,3,967.75,305,4,322.5833333333333,213,106.0,0,0.4301933135618184,0,MEDIUM,5.140845070422535,1658.350938967136,High Value,Priority Retain,Priority retention offer
15201.0,35,4,933.26,914,29,233.315,121,40.0,0,0.3825831185694935,0,LOW,12.066115702479339,2815.205785123967,High Value,VIP Loyal,Loyalty program
15203.0,15,4,1328.32,1339,73,332.08,205,68.0,0,0.2397746508469511,0,LOW,7.121951219512195,2365.0575609756097,High Value,VIP Loyal,Loyalty program
15204.0,266,1,316.58,258,9,316.58,0,0.0,1,0.7825584497087686,1,HIGH,1.0,316.58,Low Value,Automated Campaign,Low-cost automated campaign
15205.0,36,1,476.29999999999995,196,24,476.29999999999995,0,0.0,0,0.5853468670523583,1,MEDIUM,1.0,476.29999999999995,Low Value,Automated Campaign,Low-cost automated campaign
15206.0,9,3,236.7,90,3,78.89999999999999,176,88.0,0,0.4541199526992597,1,MEDIUM,6.221590909090909,490.8835227272727,Low Value,Automated Campaign,Low-cost automated campaign
15208.0,72,2,323.52,154,16,161.76,190,190.0,0,0.6131677734258734,1,MEDIUM,3.842105263157895,621.4989473684211,Low Value,Automated Campaign,Low-cost automated campaign
15210.0,134,1,331.18,228,20,331.18,0,0.0,1,0.6694369898216658,1,MEDIUM,1.0,331.18,Low Value,Automated Campaign,Low-cost automated campaign
15211.0,274,1,383.07,117,23,383.07,0,0.0,0,0.7689819971964383,1,HIGH,1.0,383.07,Low Value,Automated Campaign,Low-cost automated campaign
15212.0,150,1,101.8,36,5,101.8,0,0.0,1,0.7002311780739316,1,HIGH,1.0,101.8,Low Value,Automated Campaign,Low-cost automated campaign
15213.0,228,2,328.35,272,22,164.175,11,11.0,1,0.7037964069495571,1,HIGH,66.36363636363636,10895.25,High Value,Priority Retain,Priority retention offer
15214.0,93,2,651.63,556,46,325.815,58,58.0,0,0.5505040088747678,1,MEDIUM,12.586206896551722,4100.775,High Value,Priority Retain,Priority retention offer
15215.0,6,1,300.04,92,16,300.04,0,0.0,0,0.5667473120354719,1,MEDIUM,1.0,300.04,Low Value,Automated Campaign,Low-cost automated campaign
15218.0,26,8,3865.35,2258,68,483.16875,202,28.0,0,0.12284916717058322,0,LOW,14.455445544554458,6984.419554455447,High Value,VIP Loyal,Loyalty program
15219.0,85,1,305.75,45,9,305.75,0,0.0,1,0.6502785461640759,1,MEDIUM,1.0,305.75,Low Value,Automated Campaign,Low-cost automated campaign
15220.0,24,5,1284.05,1137,84,256.81,165,41.0,0,0.2110466916973113,0,LOW,11.06060606060606,2840.474242424242,High Value,VIP Loyal,Loyalty program
15221.0,275,1,403.25,43,5,403.25,0,0.0,1,0.7973766538456457,1,HIGH,1.0,403.25,Low Value,Automated Campaign,Low-cost automated campaign
15222.0,228,1,585.0,440,5,585.0,0,0.0,1,0.7744402143164326,1,HIGH,1.0,585.0,Low Value,Automated Campaign,Low-cost automated campaign
15223.0,135,2,755.75,213,14,377.875,23,23.0,1,0.651359259903094,1,MEDIUM,31.739130434782606,11993.423913043478,High Value,Priority Retain,Priority retention offer
15224.0,267,2,322.08,152,13,161.04,4,4.0,1,0.7472012958851363,1,HIGH,182.5,29389.8,High Value,Priority Retain,Priority retention offer
15225.0,143,1,409.40000000000003,226,23,409.40000000000003,0,0.0,1,0.6746059945577665,1,MEDIUM,1.0,409.40000000000003,Low Value,Automated Campaign,Low-cost automated campaign
15226.0,220,1,154.41,71,8,154.41,0,0.0,1,0.7480869852848219,1,HIGH,1.0,154.41,Low Value,Automated Campaign,Low-cost automated campaign
15227.0,125,3,876.8199999999999,589,36,292.2733333333333,101,50.0,0,0.5135578272088812,1,MEDIUM,10.841584158415843,3168.7059405940595,High Value,Priority Retain,Priority retention offer
15228.0,39,3,2224.03,1505,83,741.3433333333334,165,82.0,0,0.3105438898623406,0,LOW,6.636363636363637,4919.82393939394,High Value,VIP Loyal,Loyalty program
15230.0,148,2,429.6,351,23,214.8,1,1.0,1,0.6370320671676273,1,MEDIUM,365.0,78402.0,High Value,Priority Retain,Priority retention offer
15232.0,22,2,612.06,686,26,306.03,27,27.0,1,0.5243108766704065,1,MEDIUM,27.037037037037038,8274.144444444444,High Value,Priority Retain,Priority retention offer
15234.0,186,1,197.0,196,14,197.0,0,0.0,1,0.7149181237151875,1,HIGH,1.0,197.0,Low Value,Automated Campaign,Low-cost automated campaign
15235.0,127,12,2247.51,1324,132,187.29250000000002,155,14.0,1,0.08328775223484516,0,LOW,28.258064516129036,5292.523548387098,High Value,VIP Loyal,Loyalty program
15236.0,208,1,321.05,269,15,321.05,0,0.0,1,0.7343911195571106,1,HIGH,1.0,321.05,Low Value,Automated Campaign,Low-cost automated campaign
15237.0,112,2,1093.65,798,74,546.825,23,23.0,0,0.5055434864345636,1,MEDIUM,31.739130434782606,17355.75,High Value,Priority Retain,Priority retention offer
15238.0,4,2,772.78,577,37,386.39,88,88.0,0,0.49532341715719086,1,MEDIUM,8.295454545454545,3205.2806818181816,High Value,Priority Retain,Priority retention offer
15240.0,101,3,1045.38,755,30,348.46000000000004,120,60.0,0,0.4970377384960831,1,MEDIUM,9.125,3179.6975,High Value,Priority Retain,Priority retention offer
15241.0,36,6,1344.86,1558,73,224.14333333333332,156,31.0,0,0.20971203686798762,0,LOW,14.038461538461538,3146.6275641025636,High Value,VIP Loyal,Loyalty program
15244.0,157,1,297.94,240,15,297.94,0,0.0,0,0.6955577081367749,1,MEDIUM,1.0,297.94,Low Value,Automated Campaign,Low-cost automated campaign
15245.0,43,3,2515.84,1784,55,838.6133333333333,127,63.0,1,0.38184772997491134,0,LOW,8.622047244094487,7230.563779527558,High Value,VIP Loyal,Loyalty program
15246.0,147,2,514.15,247,32,257.075,120,120.0,1,0.6360418214013116,1,MEDIUM,6.083333333333334,1563.8729166666667,High Value,Priority Retain,Priority retention offer
15247.0,31,1,356.0,160,6,356.0,0,0.0,1,0.6128462886246855,1,MEDIUM,1.0,356.0,Low Value,Automated Campaign,Low-cost automated campaign
15249.0,1,11,5639.34,3071,188,512.6672727272727,164,16.0,0,0.026993420796074717,0,LOW,24.481707317073173,12550.970121951219,High Value,VIP Loyal,Loyalty program
15251.0,0,8,9695.82,5704,92,1211.9775,150,21.0,0,0.06856684229498106,0,LOW,19.46666666666667,23593.162,High Value,VIP Loyal,Loyalty program
15252.0,92,1,300.55,99,14,300.55,0,0.0,0,0.6456627991855746,1,MEDIUM,1.0,300.55,Low Value,Automated Campaign,Low-cost automated campaign
15253.0,79,1,173.85,211,12,173.85,0,0.0,0,0.6321359021089598,1,MEDIUM,1.0,173.85,Low Value,Automated Campaign,Low-cost automated campaign
15254.0,36,1,300.36,275,18,300.36,0,0.0,1,0.5886649104491402,1,MEDIUM,1.0,300.36,Low Value,Automated Campaign,Low-cost automated campaign
15256.0,58,1,98.45,55,6,98.45,0,0.0,1,0.6231565611951492,1,MEDIUM,1.0,98.45,Low Value,Automated Campaign,Low-cost automated campaign
15257.0,192,1,317.15,46,7,317.15,0,0.0,1,0.7370629908047137,1,HIGH,1.0,317.15,Low Value,Automated Campaign,Low-cost automated campaign
15258.0,78,2,623.16,142,32,311.58,48,48.0,1,0.5667030911931643,1,MEDIUM,15.208333333333336,4738.6125,High Value,Priority Retain,Priority retention offer
15260.0,9,7,1810.77,885,62,258.68142857142857,272,45.0,1,0.1347070864532378,0,LOW,9.393382352941176,2429.8935661764704,High Value,VIP Loyal,Loyalty program
15261.0,44,1,254.82,270,19,254.82,0,0.0,1,0.5912128923180237,1,MEDIUM,1.0,254.82,Low Value,Automated Campaign,Low-cost automated campaign
15262.0,233,1,178.95000000000002,73,10,178.95000000000002,0,0.0,1,0.7546500997904764,1,HIGH,1.0,178.95000000000002,Low Value,Automated Campaign,Low-cost automated campaign
15263.0,16,1,156.51,89,12,156.51,0,0.0,1,0.5766712895469355,1,MEDIUM,1.0,156.51,Low Value,Automated Campaign,Low-cost automated campaign
15265.0,60,2,1506.1200000000001,612,76,753.0600000000001,84,84.0,1,0.4685986071169059,1,MEDIUM,8.69047619047619,6544.45,High Value,Priority Retain,Priority retention offer
15266.0,247,1,119.3,18,6,119.3,0,0.0,1,0.7680841991478194,1,HIGH,1.0,119.3,Low Value,Automated Campaign,Low-cost automated campaign
15267.0,65,2,1407.76,704,7,703.88,27,27.0,0,0.6128463451680951,1,MEDIUM,27.037037037037038,19030.82962962963,High Value,Priority Retain,Priority retention offer
15270.0,27,5,1850.29,1017,21,370.058,192,48.0,0,0.2986430410410281,0,LOW,9.505208333333334,3517.4783854166667,High Value,VIP Loyal,Loyalty program
15271.0,4,10,1592.58,786,116,159.25799999999998,270,30.0,0,0.05925367162336205,0,LOW,13.518518518518519,2152.932222222222,High Value,VIP Loyal,Loyalty program
15279.0,264,1,290.51,189,19,290.51,0,0.0,1,0.7650146147890531,1,HIGH,1.0,290.51,Low Value,Automated Campaign,Low-cost automated campaign
15280.0,81,1,113.12,154,16,113.12,0,0.0,1,0.622668422848557,1,MEDIUM,1.0,113.12,Low Value,Automated Campaign,Low-cost automated campaign
15281.0,46,8,2191.78,1128,113,273.9725,196,28.0,0,0.10714797339986742,0,LOW,14.89795918367347,4081.63112244898,High Value,VIP Loyal,Loyalty program
15288.0,65,4,2006.3600000000001,721,74,501.59000000000003,209,69.0,0,0.26710591209467205,0,LOW,6.9856459330143545,3503.9301435406705,High Value,VIP Loyal,Loyalty program
15289.0,47,2,697.98,768,41,348.99,111,111.0,0,0.5278299839116748,1,MEDIUM,6.576576576576576,2295.1594594594594,High Value,Priority Retain,Priority retention offer
15290.0,13,12,3392.5899999999997,1723,51,282.7158333333333,255,23.0,0,0.07223142636084999,0,LOW,17.176470588235293,4856.060196078431,High Value,VIP Loyal,Loyalty program
15291.0,4,12,3685.02,1457,57,307.085,278,25.0,0,0.06056667868397336,0,LOW,15.755395683453237,4838.245683453237,High Value,VIP Loyal,Loyalty program
15292.0,110,1,178.39,55,24,178.39,0,0.0,1,0.6344958847932075,1,MEDIUM,1.0,178.39,Low Value,Automated Campaign,Low-cost automated campaign
15296.0,18,5,2599.49,1275,118,519.8979999999999,217,54.0,0,0.13553360581367097,0,LOW,8.410138248847927,4372.414055299539,High Value,VIP Loyal,Loyalty program
15298.0,2,7,3358.2200000000003,2120,87,479.7457142857143,273,45.0,0,0.09644772052472374,0,LOW,9.358974358974358,4489.927838827838,High Value,VIP Loyal,Loyalty program
15299.0,73,5,3035.01,2578,5,607.0020000000001,208,52.0,0,0.33851914957054413,0,LOW,8.774038461538462,5325.85889423077,High Value,VIP Loyal,Loyalty program
15301.0,23,9,3727.4,1998,130,414.15555555555557,254,31.0,0,0.055933055375241146,0,LOW,12.933070866141732,5356.303149606299,High Value,VIP Loyal,Loyalty program
15303.0,199,1,574.02,248,31,574.02,0,0.0,1,0.7106450783525758,1,HIGH,1.0,574.02,Low Value,Automated Campaign,Low-cost automated campaign
15304.0,74,6,491.90000000000003,74,8,81.98333333333333,203,40.0,0,0.3358994656004061,0,LOW,10.788177339901477,884.4507389162561,Low Value,Normal Marketing,Normal marketing
15306.0,2,2,657.07,512,30,328.535,55,55.0,0,0.5026246574243465,1,MEDIUM,13.272727272727273,4360.555454545455,High Value,Priority Retain,Priority retention offer
15307.0,5,1,205.3,37,12,205.3,0,0.0,1,0.5695916673930717,1,MEDIUM,1.0,205.3,Low Value,Automated Campaign,Low-cost automated campaign
15308.0,183,1,310.47,175,19,310.47,0,0.0,1,0.708750968784429,1,HIGH,1.0,310.47,Low Value,Automated Campaign,Low-cost automated campaign
15311.0,3,65,46020.75,29464,470,708.0115384615384,279,4.0,0,1.60130574049714e-08,0,LOW,85.03584229390681,60206.357526881715,High Value,VIP Loyal,Loyalty program
15312.0,12,3,794.8,410,33,264.93333333333334,251,125.0,0,0.36185236926221404,0,LOW,4.362549800796813,1155.784860557769,Low Value,Normal Marketing,Normal marketing
15313.0,19,1,52.0,25,1,52.0,0,0.0,1,0.597471358590875,1,MEDIUM,1.0,52.0,Low Value,Automated Campaign,Low-cost automated campaign
15314.0,108,1,327.97,313,24,327.97,0,0.0,1,0.6396599578729462,1,MEDIUM,1.0,327.97,Low Value,Automated Campaign,Low-cost automated campaign
15315.0,25,1,233.54,262,16,233.54,0,0.0,0,0.5796995537731532,1,MEDIUM,1.0,233.54,Low Value,Automated Campaign,Low-cost automated campaign
15316.0,236,1,165.0,100,1,165.0,0,0.0,1,0.7703776057218705,1,HIGH,1.0,165.0,Low Value,Automated Campaign,Low-cost automated campaign
15319.0,193,1,204.5,175,16,204.5,0,0.0,1,0.7169099398910115,1,HIGH,1.0,204.5,Low Value,Automated Campaign,Low-cost automated campaign
15321.0,201,1,1159.47,545,38,1159.47,0,0.0,0,0.7247537662591754,1,HIGH,1.0,1159.47,Low Value,Automated Campaign,Low-cost automated campaign
15325.0,13,1,161.74,231,47,161.74,0,0.0,1,0.4973633863076492,1,MEDIUM,1.0,161.74,Low Value,Automated Campaign,Low-cost automated campaign
15326.0,243,1,311.71,386,29,311.71,0,0.0,1,0.7345961038309883,1,HIGH,1.0,311.71,Low Value,Automated Campaign,Low-cost automated campaign
15329.0,43,2,754.0,386,42,377.0,37,37.0,0,0.5123316873512594,1,MEDIUM,19.72972972972973,7438.108108108108,High Value,Priority Retain,Priority retention offer
15332.0,275,4,1661.06,652,29,415.265,3,1.0,1,0.6567355568918705,1,MEDIUM,365.0,151571.725,High Value,Priority Retain,Priority retention offer
15333.0,117,1,1028.56,344,16,1028.56,0,0.0,1,0.6961914868446387,1,MEDIUM,1.0,1028.56,Low Value,Automated Campaign,Low-cost automated campaign
15334.0,66,3,350.82,273,67,116.94,16,8.0,1,0.42837542117465455,0,MEDIUM,68.4375,8003.08125,High Value,Priority Retain,Priority retention offer
15339.0,227,1,257.9,159,40,257.9,0,0.0,0,0.7013334523851387,1,HIGH,1.0,257.9,Low Value,Automated Campaign,Low-cost automated campaign
15342.0,39,1,406.09,283,24,406.09,0,0.0,1,0.5840587817102875,1,MEDIUM,1.0,406.09,Low Value,Automated Campaign,Low-cost automated campaign
15346.0,242,1,252.42000000000002,144,17,252.42000000000002,0,0.0,1,0.7521172476015309,1,HIGH,1.0,252.42000000000002,Low Value,Automated Campaign,Low-cost automated campaign
15347.0,275,1,201.60000000000002,130,5,201.60000000000002,0,0.0,1,0.7900351797161567,1,HIGH,1.0,201.60000000000002,Low Value,Automated Campaign,Low-cost automated campaign
15349.0,67,2,463.90999999999997,321,65,231.95499999999998,29,29.0,1,0.4790862506165307,1,MEDIUM,25.172413793103445,5838.867241379309,High Value,Priority Retain,Priority retention offer
15350.0,282,1,115.65,51,5,115.65,0,0.0,1,0.7913152954823034,1,HIGH,1.0,115.65,Low Value,Automated Campaign,Low-cost automated campaign
15351.0,279,1,274.67,129,49,274.67,0,0.0,0,0.7247418163439516,1,HIGH,1.0,274.67,Low Value,Automated Campaign,Low-cost automated campaign
15353.0,164,2,770.12,341,59,385.06,113,113.0,1,0.5961085677446806,1,MEDIUM,6.460176991150442,2487.5557522123895,High Value,Priority Retain,Priority retention offer
15356.0,14,8,2231.17,1355,201,278.89625,262,37.0,0,0.038104874885919134,0,LOW,11.14503816793893,3108.309351145038,High Value,VIP Loyal,Loyalty program
15358.0,30,15,5639.81,4933,240,375.98733333333337,245,17.0,0,0.008414123552402826,0,LOW,22.346938775510203,8402.165918367347,High Value,VIP Loyal,Loyalty program
15361.0,271,1,418.92,336,7,418.92,0,0.0,1,0.7921410769412284,1,HIGH,1.0,418.92,Low Value,Automated Campaign,Low-cost automated campaign
15363.0,282,1,326.0,144,16,326.0,0,0.0,1,0.7825683799593776,1,HIGH,1.0,326.0,Low Value,Automated Campaign,Low-cost automated campaign
15364.0,5,2,913.19,493,29,456.595,158,158.0,1,0.5265347399974045,1,MEDIUM,4.620253164556962,2109.584493670886,High Value,Priority Retain,Priority retention offer
15365.0,5,2,961.28,404,44,480.64,219,219.0,0,0.5037657299321224,1,MEDIUM,3.3333333333333335,1602.1333333333334,High Value,Priority Retain,Priority retention offer
15366.0,267,1,105.54,61,8,105.54,0,0.0,0,0.7771972241121661,1,HIGH,1.0,105.54,Low Value,Automated Campaign,Low-cost automated campaign
15367.0,155,2,1416.18,750,65,708.09,29,29.0,0,0.5690453653279998,1,MEDIUM,25.172413793103445,17824.33448275862,High Value,Priority Retain,Priority retention offer
15370.0,50,4,1513.46,611,54,378.365,191,63.0,0,0.3043880223373699,0,LOW,7.643979057591624,2892.214136125655,High Value,VIP Loyal,Loyalty program
15372.0,46,1,2007.3999999999999,2924,27,2007.3999999999999,0,0.0,1,0.6586236716444529,1,MEDIUM,1.0,2007.3999999999999,High Value,Priority Retain,Priority retention offer
15373.0,25,9,1686.9,354,65,187.43333333333334,255,31.0,0,0.11311622114758578,0,LOW,12.882352941176471,2414.5823529411764,High Value,VIP Loyal,Loyalty program
15374.0,38,1,168.0,126,3,168.0,0,0.0,1,0.6155602316747082,1,MEDIUM,1.0,168.0,Low Value,Automated Campaign,Low-cost automated campaign
15376.0,26,2,977.22,533,94,488.61,105,105.0,0,0.39658098962083294,0,LOW,6.9523809523809526,3397.0028571428575,High Value,VIP Loyal,Loyalty program
15379.0,78,7,3703.29,2305,145,529.0414285714286,189,31.0,1,0.09610658823271291,0,LOW,13.518518518518519,7151.8563492063495,High Value,VIP Loyal,Loyalty program
15380.0,50,2,582.5600000000001,216,17,291.28000000000003,224,224.0,0,0.5996969847916828,1,MEDIUM,3.258928571428571,949.2607142857144,Low Value,Automated Campaign,Low-cost automated campaign
15381.0,123,2,596.85,171,8,298.425,54,54.0,1,0.656132589406054,1,MEDIUM,13.518518518518519,4034.263888888889,High Value,Priority Retain,Priority retention offer
15382.0,94,4,2127.12,1628,97,531.78,110,36.0,0,0.290980837810766,0,LOW,13.272727272727273,7058.170909090909,High Value,VIP Loyal,Loyalty program
15384.0,79,2,642.41,596,34,321.205,189,189.0,1,0.5835262979473219,1,MEDIUM,3.8624338624338628,1240.633068783069,Low Value,Automated Campaign,Low-cost automated campaign
15386.0,95,1,394.14,446,31,394.14,0,0.0,1,0.6172043893819382,1,MEDIUM,1.0,394.14,Low Value,Automated Campaign,Low-cost automated campaign
15388.0,179,1,140.54,88,10,140.54,0,0.0,1,0.7146375098574667,1,HIGH,1.0,140.54,Low Value,Automated Campaign,Low-cost automated campaign
15389.0,81,1,500.0,400,1,500.0,0,0.0,1,0.6713697693545876,1,MEDIUM,1.0,500.0,Low Value,Automated Campaign,Low-cost automated campaign
15392.0,269,1,338.98,402,19,338.98,0,0.0,0,0.7697253968873627,1,HIGH,1.0,338.98,Low Value,Automated Campaign,Low-cost automated campaign
15393.0,190,1,124.10000000000001,94,8,124.10000000000001,0,0.0,0,0.7255423627334149,1,HIGH,1.0,124.10000000000001,Low Value,Automated Campaign,Low-cost automated campaign
15394.0,113,2,1436.44,546,44,718.22,154,154.0,0,0.5962992647890967,1,MEDIUM,4.740259740259741,3404.5493506493513,High Value,Priority Retain,Priority retention offer
15395.0,235,1,107.45,17,7,107.45,0,0.0,1,0.7581138986640754,1,HIGH,1.0,107.45,Low Value,Automated Campaign,Low-cost automated campaign
15396.0,22,1,288.18,122,14,288.18,0,0.0,1,0.5845960010416645,1,MEDIUM,1.0,288.18,Low Value,Automated Campaign,Low-cost automated campaign
15397.0,199,1,94.0,20,6,94.0,0,0.0,1,0.7343607972972389,1,HIGH,1.0,94.0,Low Value,Automated Campaign,Low-cost automated campaign
15400.0,1,5,716.2,390,10,143.24,186,46.0,1,0.3166413893237236,0,LOW,9.811827956989246,1405.4462365591396,High Value,VIP Loyal,Loyalty program
15402.0,58,2,626.77,694,35,313.385,47,47.0,1,0.5405008720192203,1,MEDIUM,15.53191489361702,4867.46914893617,High Value,Priority Retain,Priority retention offer
15405.0,98,1,349.1,193,8,349.1,0,0.0,1,0.6646906973645672,1,MEDIUM,1.0,349.1,Low Value,Automated Campaign,Low-cost automated campaign
15406.0,210,1,252.29,130,42,252.29,0,0.0,0,0.6841951500294849,1,MEDIUM,1.0,252.29,Low Value,Automated Campaign,Low-cost automated campaign
15407.0,93,3,740.73,329,62,246.91,121,60.0,0,0.42088028254160625,0,MEDIUM,9.049586776859503,2234.4334710743797,High Value,Priority Retain,Priority retention offer
15408.0,173,1,267.18,106,34,267.18,0,0.0,1,0.6708618609791989,1,MEDIUM,1.0,267.18,Low Value,Automated Campaign,Low-cost automated campaign
15410.0,8,7,3089.4100000000003,1049,43,441.3442857142858,162,27.0,0,0.1893696179648485,0,LOW,15.771604938271604,6960.707716049384,High Value,VIP Loyal,Loyalty program
15411.0,33,2,382.21,155,22,191.105,58,58.0,0,0.5465727435248247,1,MEDIUM,12.586206896551722,2405.287068965517,High Value,Priority Retain,Priority retention offer
15412.0,80,1,190.53,108,10,190.53,0,0.0,1,0.63817266718958,1,MEDIUM,1.0,190.53,Low Value,Automated Campaign,Low-cost automated campaign
15414.0,151,1,36.2,12,5,36.2,0,0.0,0,0.6980540989323526,1,MEDIUM,1.0,36.2,Low Value,Automated Campaign,Low-cost automated campaign
15415.0,222,1,559.61,551,46,559.61,0,0.0,1,0.6992612409964328,1,MEDIUM,1.0,559.61,Low Value,Automated Campaign,Low-cost automated campaign
15416.0,64,3,3144.33,1698,135,1048.11,127,63.0,0,0.2470626642571956,0,LOW,8.622047244094487,9036.853937007872,High Value,VIP Loyal,Loyalty program
15421.0,124,3,739.36,379,35,246.45333333333335,94,47.0,0,0.5190729089163937,1,MEDIUM,11.648936170212766,2870.91914893617,High Value,Priority Retain,Priority retention offer
15422.0,232,2,97.7,38,6,48.85,0,0.0,1,0.7321984738154375,1,HIGH,2.0,97.7,Low Value,Automated Campaign,Low-cost automated campaign
15424.0,163,2,383.34,554,17,191.67,0,0.0,1,0.6603769167216054,1,MEDIUM,2.0,383.34,Low Value,Automated Campaign,Low-cost automated campaign
15426.0,166,2,634.13,255,101,317.065,112,112.0,0,0.5051309839807057,1,MEDIUM,6.517857142857142,2066.584375,High Value,Priority Retain,Priority retention offer
15433.0,123,2,533.3,534,40,266.65,53,53.0,1,0.5882011542563124,1,MEDIUM,13.773584905660378,3672.7264150943397,High Value,Priority Retain,Priority retention offer
15434.0,16,3,587.28,479,32,195.76,93,46.0,0,0.4275895309912516,0,MEDIUM,11.774193548387096,2304.9161290322577,High Value,Priority Retain,Priority retention offer
15436.0,143,1,484.1,246,124,484.1,0,0.0,0,0.4639513121813703,1,MEDIUM,1.0,484.1,Low Value,Automated Campaign,Low-cost automated campaign
15437.0,171,1,200.16,79,44,200.16,0,0.0,1,0.6462140998201786,1,MEDIUM,1.0,200.16,Low Value,Automated Campaign,Low-cost automated campaign
15438.0,40,1,156.57999999999998,59,25,156.57999999999998,0,0.0,1,0.570170613248386,1,MEDIUM,1.0,156.57999999999998,Low Value,Automated Campaign,Low-cost automated campaign
15440.0,45,2,237.66,125,25,118.83,72,72.0,0,0.5513877987311288,1,MEDIUM,10.13888888888889,1204.8041666666668,Low Value,Automated Campaign,Low-cost automated campaign
15442.0,158,1,594.0,120,2,594.0,0,0.0,1,0.7330449687975038,1,HIGH,1.0,594.0,Low Value,Automated Campaign,Low-cost automated campaign
15443.0,18,2,684.8,347,72,342.4,210,210.0,0,0.44961929015707763,0,MEDIUM,3.4761904761904763,1190.247619047619,Low Value,Automated Campaign,Low-cost automated campaign
15445.0,173,1,113.5,58,5,113.5,0,0.0,1,0.7180109467226639,1,HIGH,1.0,113.5,Low Value,Automated Campaign,Low-cost automated campaign
15447.0,240,1,155.17,85,9,155.17,0,0.0,1,0.759987281418734,1,HIGH,1.0,155.17,Low Value,Automated Campaign,Low-cost automated campaign
15448.0,222,1,494.64,232,28,494.64,0,0.0,1,0.7294384993135627,1,HIGH,1.0,494.64,Low Value,Automated Campaign,Low-cost automated campaign
15449.0,94,2,647.7,516,30,323.85,76,76.0,0,0.5887128830130879,1,MEDIUM,9.605263157894736,3110.6644736842104,High Value,Priority Retain,Priority retention offer
15452.0,173,1,237.0,134,36,237.0,0,0.0,0,0.6654308122378304,1,MEDIUM,1.0,237.0,Low Value,Automated Campaign,Low-cost automated campaign
15453.0,1,4,701.2,357,102,175.3,95,31.0,0,0.23654591835061328,0,LOW,15.36842105263158,2694.0842105263164,High Value,VIP Loyal,Loyalty program
15454.0,271,1,179.1,86,23,179.1,0,0.0,1,0.7590737570417263,1,HIGH,1.0,179.1,Low Value,Automated Campaign,Low-cost automated campaign
15456.0,192,3,434.59000000000003,633,48,144.86333333333334,75,37.0,1,0.5591723285662478,1,MEDIUM,14.600000000000001,2115.004666666667,High Value,Priority Retain,Priority retention offer
15457.0,171,1,237.07,132,56,237.07,0,0.0,1,0.6234412955823957,1,MEDIUM,1.0,237.07,Low Value,Automated Campaign,Low-cost automated campaign
15460.0,263,1,214.26,107,53,214.26,0,0.0,1,0.7029956713434811,1,HIGH,1.0,214.26,Low Value,Automated Campaign,Low-cost automated campaign
15462.0,3,3,234.6,172,9,78.2,92,46.0,1,0.46850406597218275,1,MEDIUM,11.902173913043477,930.7499999999999,Low Value,Automated Campaign,Low-cost automated campaign
15464.0,247,1,1044.65,348,155,1044.65,0,0.0,1,0.5206798993379941,1,MEDIUM,1.0,1044.65,Low Value,Automated Campaign,Low-cost automated campaign
15465.0,48,15,5992.129999999999,906,38,399.47533333333325,230,16.0,0,0.05407401283945239,0,LOW,23.804347826086957,9509.249782608695,High Value,VIP Loyal,Loyalty program
15467.0,54,2,402.56,235,36,201.28,7,7.0,0,0.527160209577758,1,MEDIUM,104.28571428571428,20990.62857142857,High Value,Priority Retain,Priority retention offer
15469.0,29,1,304.3,128,16,304.3,0,0.0,0,0.5873531655596526,1,MEDIUM,1.0,304.3,Low Value,Automated Campaign,Low-cost automated campaign
15472.0,22,1,371.56,251,76,371.56,0,0.0,1,0.4532091400531088,1,MEDIUM,1.0,371.56,Low Value,Automated Campaign,Low-cost automated campaign
15480.0,25,1,905.5,303,45,905.5,0,0.0,1,0.5527583076135981,1,MEDIUM,1.0,905.5,Low Value,Automated Campaign,Low-cost automated campaign
15482.0,75,4,1928.3,675,17,482.075,193,64.0,0,0.39442710209727955,0,LOW,7.564766839378238,3646.784974093264,High Value,VIP Loyal,Loyalty program
15483.0,70,4,225.26,291,74,56.315,105,35.0,1,0.3373375134139193,0,LOW,13.904761904761905,783.0466666666666,Low Value,Normal Marketing,Normal marketing
15485.0,245,2,1268.13,578,33,634.065,37,37.0,0,0.7084763250208574,1,HIGH,19.72972972972973,12509.931081081082,High Value,Priority Retain,Priority retention offer
15488.0,2,1,91.32000000000001,73,2,91.32000000000001,0,0.0,1,0.5822744153432895,1,MEDIUM,1.0,91.32000000000001,Low Value,Automated Campaign,Low-cost automated campaign
15489.0,120,1,348.26,220,23,348.26,0,0.0,0,0.652929321963629,1,MEDIUM,1.0,348.26,Low Value,Automated Campaign,Low-cost automated campaign
15491.0,4,6,3100.09,1646,108,516.6816666666667,140,28.0,1,0.13940717323432628,0,LOW,15.642857142857144,8082.377500000001,High Value,VIP Loyal,Loyalty program
15493.0,59,3,1286.95,358,126,428.98333333333335,120,60.0,0,0.26731093286936675,0,LOW,9.125,3914.4729166666666,High Value,VIP Loyal,Loyalty program
15494.0,30,1,1119.88,1071,87,1119.88,0,0.0,0,0.4745564397597391,1,MEDIUM,1.0,1119.88,Low Value,Automated Campaign,Low-cost automated campaign
15497.0,229,1,970.6,528,10,970.6,0,0.0,0,0.7817766133184793,1,HIGH,1.0,970.6,Low Value,Automated Campaign,Low-cost automated campaign
15498.0,30,19,9126.37,4525,288,480.33526315789476,245,13.0,0,0.0023345986560357247,0,LOW,28.30612244897959,13596.428775510203,High Value,VIP Loyal,Loyalty program
15502.0,33,5,5955.53,3761,148,1191.106,245,61.0,0,0.08724526466875165,0,LOW,7.448979591836735,8872.524285714286,High Value,VIP Loyal,Loyalty program
15503.0,272,1,141.04,70,66,141.04,0,0.0,1,0.6823157070592912,1,MEDIUM,1.0,141.04,Low Value,Automated Campaign,Low-cost automated campaign
15505.0,23,3,2091.14,964,36,697.0466666666666,41,20.0,0,0.4408742541816668,0,MEDIUM,26.70731707317073,18616.246341463415,High Value,Priority Retain,Priority retention offer
15506.0,48,1,208.77,144,45,208.77,0,0.0,0,0.5364308082214596,1,MEDIUM,1.0,208.77,Low Value,Automated Campaign,Low-cost automated campaign
15507.0,81,1,475.86,160,41,475.86,0,0.0,1,0.5889279590366499,1,MEDIUM,1.0,475.86,Low Value,Automated Campaign,Low-cost automated campaign
15508.0,98,6,1000.27,440,78,166.71166666666667,46,9.0,1,0.31242417962015046,0,LOW,47.60869565217391,7936.924999999999,High Value,VIP Loyal,Loyalty program
15510.0,240,1,250.0,2,1,250.0,0,0.0,1,0.7763690677028484,1,HIGH,1.0,250.0,Low Value,Automated Campaign,Low-cost automated campaign
15512.0,65,2,121.0,68,7,60.5,203,203.0,1,0.6256754589554494,1,MEDIUM,3.5960591133004924,217.5615763546798,Low Value,Automated Campaign,Low-cost automated campaign
15513.0,4,17,11352.14,4424,160,667.7729411764706,278,17.0,0,0.006006703459214666,0,LOW,22.320143884892087,14904.788129496403,High Value,VIP Loyal,Loyalty program
15514.0,135,6,2501.94,1184,50,416.99,138,27.0,0,0.3134970541739438,0,LOW,15.869565217391305,6617.450000000001,High Value,VIP Loyal,Loyalty program
15517.0,142,1,267.03,293,27,267.03,0,0.0,1,0.6589214841313892,1,MEDIUM,1.0,267.03,Low Value,Automated Campaign,Low-cost automated campaign
15518.0,33,7,1603.86,1117,125,229.12285714285713,208,34.0,0,0.10714630563672778,0,LOW,12.283653846153847,2814.4658653846154,High Value,VIP Loyal,Loyalty program
15521.0,4,7,2326.7799999999997,1470,113,332.3971428571428,160,26.0,0,0.11602367042883573,0,LOW,15.96875,5307.966874999999,High Value,VIP Loyal,Loyalty program
15525.0,282,1,274.93,113,44,274.93,0,0.0,0,0.735620024037117,1,HIGH,1.0,274.93,Low Value,Automated Campaign,Low-cost automated campaign
15527.0,54,5,1330.79,509,68,266.158,209,52.0,0,0.23465590658901778,0,LOW,8.732057416267942,2324.106937799043,High Value,VIP Loyal,Loyalty program
15528.0,163,1,229.33,123,26,229.33,0,0.0,1,0.6764784066210608,1,MEDIUM,1.0,229.33,Low Value,Automated Campaign,Low-cost automated campaign
15529.0,52,8,2387.23,2025,280,298.40375,223,31.0,0,0.024504050280549503,0,LOW,13.094170403587443,3907.3495515695063,High Value,VIP Loyal,Loyalty program
15530.0,59,3,1163.69,654,77,387.8966666666667,97,48.0,0,0.36711473888805535,0,LOW,11.288659793814432,4378.833505154639,High Value,VIP Loyal,Loyalty program
15532.0,40,3,1214.49,371,165,404.83,226,113.0,0,0.1695067281971614,0,LOW,4.845132743362832,1961.4550884955752,High Value,VIP Loyal,Loyalty program
15535.0,82,4,502.9,135,55,125.725,154,51.0,1,0.35708372533846505,0,LOW,9.480519480519481,1191.9383116883116,Low Value,Normal Marketing,Normal marketing
15537.0,72,1,110.92,29,24,110.92,0,0.0,1,0.5983318445080834,1,MEDIUM,1.0,110.92,Low Value,Automated Campaign,Low-cost automated campaign
15541.0,23,1,85.13000000000001,49,29,85.13000000000001,0,0.0,1,0.5423632500005611,1,MEDIUM,1.0,85.13000000000001,Low Value,Automated Campaign,Low-cost automated campaign
15543.0,197,1,127.86,86,26,127.86,0,0.0,1,0.6984727526835691,1,MEDIUM,1.0,127.86,Low Value,Automated Campaign,Low-cost automated campaign
15544.0,29,7,2772.37,2212,95,396.05285714285714,252,42.0,0,0.10902960027111297,0,LOW,10.138888888888888,4015.535912698412,High Value,VIP Loyal,Loyalty program
15545.0,280,1,135.32999999999998,75,31,135.32999999999998,0,0.0,0,0.7503705174613132,1,HIGH,1.0,135.32999999999998,Low Value,Automated Campaign,Low-cost automated campaign
15547.0,19,8,2745.16,1841,236,343.145,252,36.0,0,0.02843004404394677,0,LOW,11.587301587301587,3976.1246031746027,High Value,VIP Loyal,Loyalty program
15549.0,67,2,1619.88,656,94,809.94,158,158.0,0,0.44814423240500256,0,MEDIUM,4.620253164556962,3742.127848101266,High Value,Priority Retain,Priority retention offer
15550.0,15,3,433.28,252,36,144.42666666666665,195,97.0,0,0.38018030172152545,0,LOW,5.615384615384615,811.0112820512819,Low Value,Normal Marketing,Normal marketing
15552.0,126,1,90.12,60,17,90.12,0,0.0,1,0.657535101289144,1,MEDIUM,1.0,90.12,Low Value,Automated Campaign,Low-cost automated campaign
15554.0,187,1,217.2,74,14,217.2,0,0.0,1,0.7168331727073879,1,HIGH,1.0,217.2,Low Value,Automated Campaign,Low-cost automated campaign
15555.0,13,10,2809.63,2428,260,280.963,265,29.0,0,0.016118562152258646,0,LOW,13.773584905660377,3869.8677358490568,High Value,VIP Loyal,Loyalty program
15561.0,59,3,449.66999999999996,95,16,149.89,65,32.0,0,0.5140418473506846,1,MEDIUM,16.846153846153847,2525.0699999999997,High Value,Priority Retain,Priority retention offer
15562.0,261,1,134.55,39,1,134.55,0,0.0,1,0.785114683931229,1,HIGH,1.0,134.55,Low Value,Automated Campaign,Low-cost automated campaign
15563.0,110,2,735.62,742,55,367.81,158,158.0,0,0.561952265145046,1,MEDIUM,4.620253164556962,1699.375316455696,High Value,Priority Retain,Priority retention offer
15569.0,13,5,1375.71,666,27,275.142,228,57.0,1,0.2640625238281551,0,LOW,8.00438596491228,2202.3427631578948,High Value,VIP Loyal,Loyalty program
15570.0,51,9,2809.98,1135,184,312.22,227,28.0,0,0.04639462592796572,0,LOW,14.47136563876652,4518.249779735683,High Value,VIP Loyal,Loyalty program
15572.0,19,4,1552.79,687,109,388.1975,168,56.0,0,0.2026342521500984,0,LOW,8.69047619047619,3373.6211309523806,High Value,VIP Loyal,Loyalty program
15574.0,87,4,675.64,332,131,168.91,194,64.0,1,0.2071317619916546,0,LOW,7.525773195876289,1271.178350515464,Low Value,Normal Marketing,Normal marketing
15577.0,60,3,258.88,89,39,86.29333333333334,154,77.0,1,0.43039489512654855,0,MEDIUM,7.1103896103896105,613.5792207792208,Low Value,Automated Campaign,Low-cost automated campaign
15578.0,71,1,127.1,52,13,127.1,0,0.0,1,0.6212868863717235,1,MEDIUM,1.0,127.1,Low Value,Automated Campaign,Low-cost automated campaign
15579.0,223,1,195.35,55,25,195.35,0,0.0,0,0.7228691789990052,1,HIGH,1.0,195.35,Low Value,Automated Campaign,Low-cost automated campaign
15581.0,30,13,3675.77,284,134,282.7515384615385,245,20.0,1,0.03452148567741614,0,LOW,19.36734693877551,5476.147142857142,High Value,VIP Loyal,Loyalty program
15582.0,9,2,541.51,407,33,270.755,120,120.0,0,0.5113481551147036,1,MEDIUM,6.083333333333334,1647.0929166666667,High Value,Priority Retain,Priority retention offer
15584.0,71,1,150.4,48,35,150.4,0,0.0,0,0.5759968708902584,1,MEDIUM,1.0,150.4,Low Value,Automated Campaign,Low-cost automated campaign
15585.0,86,1,455.3,320,31,455.3,0,0.0,1,0.6129149434184837,1,MEDIUM,1.0,455.3,Low Value,Automated Campaign,Low-cost automated campaign
15587.0,52,2,456.84,156,3,228.42,209,209.0,0,0.6272015780185376,1,MEDIUM,3.4928229665071773,797.8306220095694,Low Value,Automated Campaign,Low-cost automated campaign
15589.0,165,3,478.53000000000003,243,28,159.51000000000002,54,27.0,1,0.5878353580582834,1,MEDIUM,20.27777777777778,3234.5083333333337,High Value,Priority Retain,Priority retention offer
15594.0,3,2,788.22,464,43,394.11,141,141.0,0,0.48987968533550774,1,MEDIUM,5.177304964539006,2040.427659574468,High Value,Priority Retain,Priority retention offer
15596.0,10,5,1406.59,561,51,281.318,264,66.0,1,0.20673384429015437,0,LOW,6.912878787878788,1944.7172348484848,High Value,VIP Loyal,Loyalty program
15599.0,113,1,448.83,361,29,448.83,0,0.0,0,0.6396494938717627,1,MEDIUM,1.0,448.83,Low Value,Automated Campaign,Low-cost automated campaign
15601.0,32,11,5585.46,4003,200,507.7690909090909,249,24.0,0,0.020425592394620877,0,LOW,16.12449799196787,8187.521686746987,High Value,VIP Loyal,Loyalty program
15602.0,110,5,542.95,345,12,108.59,167,41.0,0,0.4184372594295682,0,MEDIUM,10.92814371257485,1186.687125748503,Low Value,Automated Campaign,Low-cost automated campaign
15605.0,161,3,690.1800000000001,266,37,230.06000000000003,121,60.0,0,0.5375044412954192,1,MEDIUM,9.049586776859503,2081.9479338842975,High Value,Priority Retain,Priority retention offer
15606.0,28,8,2439.38,762,42,304.9225,205,29.0,0,0.16715571492188167,0,LOW,14.24390243902439,4343.286341463415,High Value,VIP Loyal,Loyalty program
15607.0,246,1,104.76,202,13,104.76,0,0.0,1,0.7552830632789912,1,HIGH,1.0,104.76,Low Value,Automated Campaign,Low-cost automated campaign
15608.0,30,1,285.68,230,18,285.68,0,0.0,0,0.5827006919920151,1,MEDIUM,1.0,285.68,Low Value,Automated Campaign,Low-cost automated campaign
15609.0,93,1,298.48,148,16,298.48,0,0.0,1,0.6422309692264758,1,MEDIUM,1.0,298.48,Low Value,Automated Campaign,Low-cost automated campaign
15611.0,13,8,947.1400000000001,257,17,118.39250000000001,230,32.0,0,0.198210253118166,0,LOW,12.695652173913045,1503.0700000000004,High Value,VIP Loyal,Loyalty program
15615.0,15,19,7367.85,3837,153,387.7815789473684,253,14.0,0,0.008508652791491487,0,LOW,27.411067193675887,10629.506916996046,High Value,VIP Loyal,Loyalty program
15618.0,1,3,419.041,215,22,139.68033333333332,44,22.0,0,0.4566650467063932,1,MEDIUM,24.886363636363637,3476.135568181818,High Value,Priority Retain,Priority retention offer
15620.0,130,2,875.01,600,59,437.505,137,137.0,0,0.5700653109842835,1,MEDIUM,5.328467153284671,2331.23102189781,High Value,Priority Retain,Priority retention offer
15622.0,106,5,2602.0,1225,127,520.4,85,21.0,0,0.22180585037596887,0,LOW,21.47058823529412,11173.29411764706,High Value,VIP Loyal,Loyalty program
15623.0,50,1,301.03,125,19,301.03,0,0.0,1,0.5993018271491894,1,MEDIUM,1.0,301.03,Low Value,Automated Campaign,Low-cost automated campaign
15624.0,26,4,588.13,357,26,147.0325,139,46.0,1,0.37572173094031214,0,LOW,10.503597122302159,1544.370143884892,High Value,VIP Loyal,Loyalty program
15625.0,13,4,1534.26,1188,44,383.565,131,43.0,1,0.3227481590569014,0,LOW,11.14503816793893,4274.846564885495,High Value,VIP Loyal,Loyalty program
15626.0,239,1,281.88,312,20,281.88,0,0.0,0,0.7459419900351496,1,HIGH,1.0,281.88,Low Value,Automated Campaign,Low-cost automated campaign
15628.0,7,5,1625.4,1058,58,325.08000000000004,268,67.0,0,0.19068664551463177,0,LOW,6.809701492537314,2213.69776119403,High Value,VIP Loyal,Loyalty program
15630.0,114,1,396.86,280,21,396.86,0,0.0,0,0.6542015386188206,1,MEDIUM,1.0,396.86,Low Value,Automated Campaign,Low-cost automated campaign
15632.0,31,6,2351.84,1304,76,391.97333333333336,153,30.0,0,0.19348874607680058,0,LOW,14.313725490196079,5610.5986928104585,High Value,VIP Loyal,Loyalty program
15636.0,191,1,306.7,82,8,306.7,0,0.0,0,0.7341194296317053,1,HIGH,1.0,306.7,Low Value,Automated Campaign,Low-cost automated campaign
15639.0,43,1,425.32,323,25,425.32,0,0.0,1,0.5863696484828063,1,MEDIUM,1.0,425.32,Low Value,Automated Campaign,Low-cost automated campaign
15640.0,31,11,8836.74,4861,193,803.34,250,25.0,0,0.01601416149929404,0,LOW,16.060000000000002,12901.640400000002,High Value,VIP Loyal,Loyalty program
15641.0,14,4,1887.2,1562,102,471.8,253,84.0,1,0.17538770643620502,0,LOW,5.770750988142292,2722.6403162055335,High Value,VIP Loyal,Loyalty program
15643.0,101,3,664.0,246,31,221.33333333333334,90,45.0,1,0.5090407475458976,1,MEDIUM,12.166666666666668,2692.888888888889,High Value,Priority Retain,Priority retention offer
15644.0,75,4,803.54,550,166,200.885,94,31.0,1,0.1873114829173076,0,LOW,15.53191489361702,3120.128723404255,High Value,VIP Loyal,Loyalty program
15646.0,67,3,447.64000000000004,394,35,149.21333333333334,214,107.0,1,0.42068426332300424,0,MEDIUM,5.1168224299065415,763.4981308411215,Low Value,Automated Campaign,Low-cost automated campaign
15648.0,113,2,639.5,218,23,319.75,62,62.0,1,0.6186797251963095,1,MEDIUM,11.774193548387098,3764.7983870967746,High Value,Priority Retain,Priority retention offer
15649.0,245,2,816.0,192,1,408.0,31,31.0,1,0.7593137164363111,1,HIGH,23.548387096774196,9607.741935483871,High Value,Priority Retain,Priority retention offer
15651.0,170,1,227.32,238,16,227.32,0,0.0,0,0.7004663748109262,1,HIGH,1.0,227.32,Low Value,Automated Campaign,Low-cost automated campaign
15652.0,0,1,337.74,208,21,337.74,0,0.0,1,0.5521985007284955,1,MEDIUM,1.0,337.74,Low Value,Automated Campaign,Low-cost automated campaign
15653.0,2,2,877.4399999999999,1200,4,438.71999999999997,23,23.0,1,0.555399711374909,1,MEDIUM,31.739130434782606,13924.591304347823,High Value,Priority Retain,Priority retention offer
15655.0,152,1,560.67,324,34,560.67,0,0.0,1,0.6674886236252584,1,MEDIUM,1.0,560.67,Low Value,Automated Campaign,Low-cost automated campaign
15656.0,87,3,563.63,202,34,187.87666666666667,105,52.0,0,0.4835067846628637,1,MEDIUM,10.428571428571429,1959.2852380952381,High Value,Priority Retain,Priority retention offer
15658.0,99,5,1024.1000000000001,242,40,204.82000000000002,182,45.0,1,0.3362253877159799,0,LOW,10.027472527472527,2053.8269230769233,High Value,VIP Loyal,Loyalty program
15660.0,45,6,884.34,578,35,147.39000000000001,229,45.0,0,0.2435581924113947,0,LOW,9.563318777292578,1409.5375545851532,High Value,VIP Loyal,Loyalty program
15661.0,226,2,309.8,236,4,154.9,21,21.0,1,0.7354343620203269,1,HIGH,34.76190476190476,5384.619047619048,High Value,Priority Retain,Priority retention offer
15663.0,15,1,138.14,106,9,138.14,0,0.0,1,0.5812021514672683,1,MEDIUM,1.0,138.14,Low Value,Automated Campaign,Low-cost automated campaign
15665.0,77,2,2222.21,1654,92,1111.105,74,74.0,1,0.4530343609113077,1,MEDIUM,9.864864864864865,10960.900675675675,High Value,Priority Retain,Priority retention offer
15668.0,127,1,76.32000000000001,72,1,76.32000000000001,0,0.0,1,0.6886384183085648,1,MEDIUM,1.0,76.32000000000001,Low Value,Automated Campaign,Low-cost automated campaign
15669.0,13,3,565.54,262,29,188.51333333333332,160,80.0,0,0.40663873394807215,0,MEDIUM,6.84375,1290.138125,Low Value,Automated Campaign,Low-cost automated campaign
15670.0,206,1,173.05,91,12,173.05,0,0.0,1,0.7322273640217525,1,HIGH,1.0,173.05,Low Value,Automated Campaign,Low-cost automated campaign
15671.0,4,5,1972.89,1185,47,394.57800000000003,176,44.0,0,0.24376739512612952,0,LOW,10.369318181818182,4091.504829545455,High Value,VIP Loyal,Loyalty program
15673.0,66,3,2014.7,1031,82,671.5666666666667,170,85.0,0,0.3343017028860633,0,LOW,6.4411764705882355,4325.679411764706,High Value,VIP Loyal,Loyalty program
15674.0,123,4,1379.66,626,39,344.915,41,13.0,0,0.4814020261097267,1,MEDIUM,35.609756097560975,12282.339024390245,High Value,Priority Retain,Priority retention offer
15675.0,64,2,225.39,485,16,112.695,125,125.0,0,0.5945827519664519,1,MEDIUM,5.840000000000001,658.1388000000001,Low Value,Automated Campaign,Low-cost automated campaign
15676.0,193,1,897.8,555,61,897.8,0,0.0,0,0.6635988171363363,1,MEDIUM,1.0,897.8,Low Value,Automated Campaign,Low-cost automated campaign
15679.0,63,2,260.26,398,18,130.13,28,28.0,0,0.5755329654502516,1,MEDIUM,26.07142857142857,3392.6749999999997,High Value,Priority Retain,Priority retention offer
15680.0,275,1,478.89,331,30,478.89,0,0.0,0,0.7618777897329265,1,HIGH,1.0,478.89,Low Value,Automated Campaign,Low-cost automated campaign
15681.0,92,3,703.22,450,22,234.40666666666667,97,48.0,0,0.5166479288356918,1,MEDIUM,11.288659793814432,2646.1371134020615,High Value,Priority Retain,Priority retention offer
15683.0,26,1,193.75,131,10,193.75,0,0.0,1,0.5916651302354187,1,MEDIUM,1.0,193.75,Low Value,Automated Campaign,Low-cost automated campaign
15687.0,96,5,1679.45,657,69,335.89,143,35.0,0,0.29259625183628296,0,LOW,12.762237762237762,4286.708041958042,High Value,VIP Loyal,Loyalty program
15689.0,29,2,254.1,84,8,127.05,241,241.0,1,0.599447455882516,1,MEDIUM,3.0290456431535273,384.84024896265566,Low Value,Automated Campaign,Low-cost automated campaign
15690.0,10,1,111.0,204,8,111.0,0,0.0,0,0.5771947808126502,1,MEDIUM,1.0,111.0,Low Value,Automated Campaign,Low-cost automated campaign
15691.0,161,1,136.8,72,2,136.8,0,0.0,1,0.7154830839324087,1,HIGH,1.0,136.8,Low Value,Automated Campaign,Low-cost automated campaign
15694.0,85,9,3305.78,739,23,367.30888888888893,196,24.0,0,0.19491838980534398,0,LOW,16.760204081632654,6156.171938775511,High Value,VIP Loyal,Loyalty program
15695.0,176,2,409.98,212,22,204.99,0,0.0,1,0.662283823940932,1,MEDIUM,2.0,409.98,Low Value,Automated Campaign,Low-cost automated campaign
15696.0,130,6,1629.95,717,89,271.65833333333336,106,21.0,0,0.27127873959449966,0,LOW,20.660377358490567,5612.563679245284,High Value,VIP Loyal,Loyalty program
15700.0,81,2,696.68,357,85,348.34,1,1.0,1,0.44636751102709915,0,MEDIUM,365.0,127144.09999999999,High Value,Priority Retain,Priority retention offer
15701.0,20,1,853.9,472,119,853.9,0,0.0,0,0.38430749792525803,0,LOW,1.0,853.9,Low Value,Normal Marketing,Normal marketing
15703.0,174,1,211.5,66,5,211.5,0,0.0,1,0.7230200257302425,1,HIGH,1.0,211.5,Low Value,Automated Campaign,Low-cost automated campaign
15704.0,49,4,2293.62,1028,79,573.405,75,25.0,1,0.3075909579045154,0,LOW,19.46666666666667,11162.284,High Value,VIP Loyal,Loyalty program
15705.0,110,1,143.1,62,6,143.1,0,0.0,1,0.6687050397460683,1,MEDIUM,1.0,143.1,Low Value,Automated Campaign,Low-cost automated campaign
15706.0,25,1,450.05,160,29,450.05,0,0.0,0,0.5634766818349535,1,MEDIUM,1.0,450.05,Low Value,Automated Campaign,Low-cost automated campaign
15708.0,48,6,2589.34,989,103,431.5566666666667,231,46.0,0,0.13695709631211,0,LOW,9.480519480519481,4091.3813852813855,High Value,VIP Loyal,Loyalty program
15709.0,193,1,133.25,121,6,133.25,0,0.0,1,0.7315243259955944,1,HIGH,1.0,133.25,Low Value,Automated Campaign,Low-cost automated campaign
15712.0,19,3,766.3100000000001,371,32,255.4366666666667,178,89.0,0,0.3979432893720844,0,LOW,6.151685393258427,1571.3660112359553,High Value,VIP Loyal,Loyalty program
15713.0,52,2,356.7,150,18,178.35,222,222.0,1,0.596627495061129,1,MEDIUM,3.288288288288288,586.4662162162161,Low Value,Automated Campaign,Low-cost automated campaign
15716.0,55,4,1101.1100000000001,738,101,275.27750000000003,223,74.0,1,0.2173447618084089,0,LOW,6.547085201793721,1802.2652466367713,High Value,VIP Loyal,Loyalty program
15717.0,143,1,150.3,70,7,150.3,0,0.0,1,0.6932611066289452,1,MEDIUM,1.0,150.3,Low Value,Automated Campaign,Low-cost automated campaign
15719.0,9,11,4061.9700000000003,2173,260,369.27000000000004,238,23.0,0,0.013577110253199083,0,LOW,16.869747899159663,6229.491806722689,High Value,VIP Loyal,Loyalty program
15722.0,18,3,1413.45,590,32,471.15000000000003,181,90.0,0,0.3934310750046845,0,LOW,6.0497237569060776,2850.327348066299,High Value,VIP Loyal,Loyalty program
15723.0,274,1,190.7,73,37,190.7,0,0.0,1,0.7384481287198857,1,HIGH,1.0,190.7,Low Value,Automated Campaign,Low-cost automated campaign
15724.0,110,2,218.25,73,11,109.125,83,83.0,1,0.6395009318261217,1,MEDIUM,8.795180722891565,959.7740963855421,Low Value,Automated Campaign,Low-cost automated campaign
15727.0,16,6,4589.39,2625,191,764.8983333333334,251,50.0,0,0.050192349342372274,0,LOW,8.725099601593627,6673.814143426296,High Value,VIP Loyal,Loyalty program
15729.0,122,1,85.0,28,5,85.0,0,0.0,1,0.6775796421511237,1,MEDIUM,1.0,85.0,Low Value,Automated Campaign,Low-cost automated campaign
15730.0,1,2,777.22,489,46,388.61,114,114.0,0,0.47709747046158707,1,MEDIUM,6.4035087719298245,2488.467543859649,High Value,Priority Retain,Priority retention offer
15732.0,121,2,294.12,215,13,147.06,159,159.0,1,0.6558012408394504,1,MEDIUM,4.591194968553459,675.1811320754717,Low Value,Automated Campaign,Low-cost automated campaign
15733.0,192,1,162.3,62,10,162.3,0,0.0,1,0.7252139739804631,1,HIGH,1.0,162.3,Low Value,Automated Campaign,Low-cost automated campaign
15734.0,24,2,1339.45,346,25,669.725,85,85.0,1,0.546793509905367,1,MEDIUM,8.588235294117647,5751.755882352941,High Value,Priority Retain,Priority retention offer
15737.0,57,5,880.9300000000001,443,43,176.186,95,23.0,0,0.3495219604961496,0,LOW,19.210526315789476,3384.6257894736846,High Value,VIP Loyal,Loyalty program
15738.0,6,13,3853.4500000000003,2357,45,296.4192307692308,275,22.0,0,0.058403922708123314,0,LOW,17.254545454545454,5114.579090909091,High Value,VIP Loyal,Loyalty program
15743.0,23,2,434.05,119,31,217.025,71,71.0,0,0.5204827121288949,1,MEDIUM,10.28169014084507,2231.3838028169016,High Value,Priority Retain,Priority retention offer
15745.0,145,1,302.85,127,18,302.85,0,0.0,0,0.6809986299645951,1,MEDIUM,1.0,302.85,Low Value,Automated Campaign,Low-cost automated campaign
15746.0,43,1,196.88,178,28,196.88,0,0.0,1,0.5681967248017243,1,MEDIUM,1.0,196.88,Low Value,Automated Campaign,Low-cost automated campaign
15747.0,29,2,525.37,281,26,262.685,52,52.0,0,0.5346226943013588,1,MEDIUM,14.038461538461538,3687.693269230769,High Value,Priority Retain,Priority retention offer
15749.0,144,3,44534.3,18028,5,14844.766666666668,97,48.0,1,0.4542982480303526,1,MEDIUM,11.288659793814432,167577.5206185567,High Value,Priority Retain,Priority retention offer
15750.0,80,4,1108.18,1053,125,277.045,196,65.0,0,0.20711598595123706,0,LOW,7.448979591836735,2063.7025510204085,High Value,VIP Loyal,Loyalty program
15752.0,2,6,2093.37,1657,207,348.895,279,55.0,0,0.04555838296535085,0,LOW,7.849462365591398,2738.638172043011,High Value,VIP Loyal,Loyalty program
15753.0,214,1,79.2,144,1,79.2,0,0.0,1,0.7523183211600601,1,HIGH,1.0,79.2,Low Value,Automated Campaign,Low-cost automated campaign
15754.0,156,1,91.8,36,6,91.8,0,0.0,0,0.7025161614480127,1,HIGH,1.0,91.8,Low Value,Automated Campaign,Low-cost automated campaign
15755.0,17,3,1144.83,624,65,381.60999999999996,186,93.0,0,0.324989845280618,0,LOW,5.887096774193548,2246.575,High Value,VIP Loyal,Loyalty program
15756.0,62,3,359.89,166,118,119.96333333333332,96,48.0,0,0.2935284347755763,0,LOW,11.406250000000002,1368.3317708333334,High Value,VIP Loyal,Loyalty program
15757.0,127,1,261.36,167,16,261.36,0,0.0,0,0.668371424917518,1,MEDIUM,1.0,261.36,Low Value,Automated Campaign,Low-cost automated campaign
15759.0,127,3,253.04,60,5,84.34666666666666,139,69.0,1,0.5709419655827491,1,MEDIUM,7.877697841726619,664.4575539568345,Low Value,Automated Campaign,Low-cost automated campaign
15764.0,16,5,3276.62,2048,150,655.324,169,42.0,0,0.113228158146457,0,LOW,10.798816568047338,7076.723668639053,High Value,VIP Loyal,Loyalty program
15768.0,25,3,621.8299999999999,244,23,207.27666666666664,110,55.0,1,0.44965425987898305,0,MEDIUM,9.954545454545455,2063.345,High Value,Priority Retain,Priority retention offer
15769.0,11,19,41863.72,22140,19,2203.3536842105264,269,14.0,0,0.0005773507900075594,0,LOW,25.780669144981413,56803.932342007436,High Value,VIP Loyal,Loyalty program
15775.0,154,1,104.9,68,7,104.9,0,0.0,1,0.6996628557053985,1,MEDIUM,1.0,104.9,Low Value,Automated Campaign,Low-cost automated campaign
15776.0,42,1,241.62,138,18,241.62,0,0.0,1,0.5912429232761934,1,MEDIUM,1.0,241.62,Low Value,Automated Campaign,Low-cost automated campaign
15777.0,150,4,1047.11,378,18,261.7775,120,40.0,1,0.5108666514590118,1,MEDIUM,12.166666666666668,3184.9595833333333,High Value,Priority Retain,Priority retention offer
15780.0,93,3,475.28000000000003,220,26,158.42666666666668,174,87.0,1,0.479877147530172,1,MEDIUM,6.293103448275862,996.9954022988506,Low Value,Automated Campaign,Low-cost automated campaign
15781.0,47,2,211.3,66,11,105.65,168,168.0,0,0.5976134905367037,1,MEDIUM,4.345238095238095,459.07440476190476,Low Value,Automated Campaign,Low-cost automated campaign
15785.0,67,4,1665.83,1011,41,416.4575,137,45.0,0,0.369449926625396,0,LOW,10.656934306569342,4438.1602189781015,High Value,VIP Loyal,Loyalty program
15786.0,23,1,3147.64,2286,165,3147.64,0,0.0,0,0.4044410320671705,0,MEDIUM,1.0,3147.64,High Value,Priority Retain,Priority retention offer
15789.0,267,1,351.3,438,25,351.3,0,0.0,1,0.759308731703951,1,HIGH,1.0,351.3,Low Value,Automated Campaign,Low-cost automated campaign
15791.0,113,1,1223.24,558,54,1223.24,0,0.0,0,0.6271206070471531,1,MEDIUM,1.0,1223.24,Low Value,Automated Campaign,Low-cost automated campaign
15793.0,178,1,306.64,192,3,306.64,0,0.0,0,0.7332115306342212,1,HIGH,1.0,306.64,Low Value,Automated Campaign,Low-cost automated campaign
15795.0,59,1,610.01,581,42,610.01,0,0.0,1,0.573194969436461,1,MEDIUM,1.0,610.01,Low Value,Automated Campaign,Low-cost automated campaign
15796.0,18,5,1572.77,528,59,314.554,192,48.0,0,0.23134328952691074,0,LOW,9.505208333333334,2989.901302083333,High Value,VIP Loyal,Loyalty program
15797.0,22,4,2207.4,873,8,551.85,206,68.0,1,0.3572833467592451,0,LOW,7.0873786407766985,3911.169902912621,High Value,VIP Loyal,Loyalty program
15799.0,94,2,481.24,539,37,240.62,149,149.0,0,0.5826951952210071,1,MEDIUM,4.899328859060403,1178.8765100671142,Low Value,Automated Campaign,Low-cost automated campaign
15800.0,16,2,696.89,332,116,348.445,139,139.0,1,0.3452224120761871,0,LOW,5.251798561151079,1829.962949640288,High Value,VIP Loyal,Loyalty program
15801.0,19,1,137.22,70,9,137.22,0,0.0,0,0.5848001259195309,1,MEDIUM,1.0,137.22,Low Value,Automated Campaign,Low-cost automated campaign
15802.0,52,1,451.42,1,1,451.42,0,0.0,1,0.646227434883446,1,MEDIUM,1.0,451.42,Low Value,Automated Campaign,Low-cost automated campaign
15804.0,3,5,2554.84,1492,130,510.968,104,26.0,0,0.1534332343793358,0,LOW,17.548076923076923,8966.50576923077,High Value,VIP Loyal,Loyalty program
15805.0,15,11,3548.5,2273,150,322.59090909090907,258,25.0,0,0.0350150272343846,0,LOW,15.562015503875969,5020.16472868217,High Value,VIP Loyal,Loyalty program
15806.0,67,2,521.88,413,19,260.94,119,119.0,0,0.5935620034137032,1,MEDIUM,6.1344537815126055,1600.7243697478993,High Value,Priority Retain,Priority retention offer
15808.0,215,4,3651.27,1305,142,912.8175,63,21.0,1,0.31294877893400025,0,LOW,23.174603174603174,21154.183333333334,High Value,VIP Loyal,Loyalty program
15809.0,93,4,399.21,251,24,99.8025,118,39.0,0,0.4529863877411139,1,MEDIUM,12.372881355932202,1234.8444915254236,Low Value,Automated Campaign,Low-cost automated campaign
15810.0,79,3,1361.19,856,64,453.73,126,63.0,0,0.40009420684662506,0,MEDIUM,8.69047619047619,3943.129761904762,High Value,Priority Retain,Priority retention offer
15811.0,15,5,1773.8,760,89,354.76,259,64.0,0,0.1580026142739039,0,LOW,7.046332046332046,2499.7567567567567,High Value,VIP Loyal,Loyalty program
15812.0,16,5,1801.14,922,36,360.228,210,52.0,1,0.25483999470558605,0,LOW,8.690476190476192,3130.5528571428576,High Value,VIP Loyal,Loyalty program
15813.0,117,2,1303.9099999999999,603,40,651.9549999999999,31,31.0,1,0.5883213649485267,1,MEDIUM,23.548387096774196,15352.488709677418,High Value,Priority Retain,Priority retention offer
15815.0,50,4,1874.7,1514,24,468.675,119,39.0,0,0.39688479923969516,0,LOW,12.268907563025211,5750.130252100841,High Value,VIP Loyal,Loyalty program
15819.0,40,3,1585.47,1139,83,528.49,145,72.0,0,0.3203174981639856,0,LOW,7.551724137931035,3991.0106896551724,High Value,VIP Loyal,Loyalty program
15820.0,229,1,206.98,128,17,206.98,0,0.0,1,0.7413120880049748,1,HIGH,1.0,206.98,Low Value,Automated Campaign,Low-cost automated campaign
15822.0,268,1,440.2,160,16,440.2,0,0.0,0,0.7780390362169196,1,HIGH,1.0,440.2,Low Value,Automated Campaign,Low-cost automated campaign
15823.0,281,1,15.0,1,1,15.0,0,0.0,1,0.7930030719068183,1,HIGH,1.0,15.0,Low Value,Automated Campaign,Low-cost automated campaign
15825.0,81,1,532.94,220,20,532.94,0,0.0,1,0.6355807490574356,1,MEDIUM,1.0,532.94,Low Value,Automated Campaign,Low-cost automated campaign
15826.0,120,1,720.0,488,28,720.0,0,0.0,0,0.6605499857474195,1,MEDIUM,1.0,720.0,Low Value,Automated Campaign,Low-cost automated campaign
15827.0,23,13,1598.16,749,60,122.93538461538462,258,21.0,0,0.07205893032865575,0,LOW,18.391472868217054,2260.9627906976743,High Value,VIP Loyal,Loyalty program
15829.0,8,2,636.14,996,44,318.07,41,41.0,1,0.47352527762960983,1,MEDIUM,17.804878048780488,5663.19756097561,High Value,Priority Retain,Priority retention offer
15831.0,33,2,451.11,687,22,225.555,199,199.0,0,0.5673733175661324,1,MEDIUM,3.6683417085427137,827.4128140703518,Low Value,Automated Campaign,Low-cost automated campaign
15832.0,163,1,836.79,465,54,836.79,0,0.0,1,0.6500609229575122,1,MEDIUM,1.0,836.79,Low Value,Automated Campaign,Low-cost automated campaign
15834.0,75,3,1783.22,677,176,594.4066666666666,111,55.0,0,0.20001035139628065,0,LOW,9.864864864864863,5863.74144144144,High Value,VIP Loyal,Loyalty program
15835.0,47,3,675.51,333,32,225.17,193,96.0,0,0.4166135850404088,0,MEDIUM,5.6735751295336785,1277.5189119170984,Low Value,Automated Campaign,Low-cost automated campaign
15838.0,18,12,14153.5,7998,51,1179.4583333333333,259,23.0,0,0.02582119276028072,0,LOW,16.91119691119691,19946.052123552123,High Value,VIP Loyal,Loyalty program
15839.0,57,1,299.18,234,20,299.18,0,0.0,0,0.6029235031007006,1,MEDIUM,1.0,299.18,Low Value,Automated Campaign,Low-cost automated campaign
15840.0,82,1,241.74,256,17,241.74,0,0.0,0,0.627746188856823,1,MEDIUM,1.0,241.74,Low Value,Automated Campaign,Low-cost automated campaign
15841.0,127,2,613.26,366,19,306.63,120,120.0,0,0.6463733212253672,1,MEDIUM,6.083333333333334,1865.3325000000002,High Value,Priority Retain,Priority retention offer
15843.0,213,1,118.95000000000002,27,8,118.95000000000002,0,0.0,1,0.7418634528845386,1,HIGH,1.0,118.95000000000002,Low Value,Automated Campaign,Low-cost automated campaign
15845.0,54,5,2526.76,1378,73,505.35200000000003,192,48.0,0,0.2220106130994348,0,LOW,9.505208333333334,4803.476041666668,High Value,VIP Loyal,Loyalty program
15847.0,197,1,180.68,348,9,180.68,0,0.0,0,0.730725150641215,1,HIGH,1.0,180.68,Low Value,Automated Campaign,Low-cost automated campaign
15850.0,77,1,116.16,239,41,116.16,0,0.0,0,0.5660643440211914,1,MEDIUM,1.0,116.16,Low Value,Automated Campaign,Low-cost automated campaign
15852.0,96,2,160.71,48,22,80.355,10,10.0,1,0.5933239432596984,1,MEDIUM,73.0,5865.915,High Value,Priority Retain,Priority retention offer
15854.0,49,9,2393.69,744,70,265.96555555555557,221,27.0,0,0.12256099869891098,0,LOW,14.864253393665159,3953.379411764706,High Value,VIP Loyal,Loyalty program
15855.0,46,5,712.24,470,59,142.448,126,31.0,1,0.29406269752053016,0,LOW,14.484126984126982,2063.2349206349204,High Value,VIP Loyal,Loyalty program
15856.0,4,17,11247.93,7441,254,661.6429411764706,270,16.0,0,0.0026405973444131223,0,LOW,22.981481481481485,15205.535000000002,High Value,VIP Loyal,Loyalty program
15858.0,198,2,816.22,725,91,408.11,77,77.0,0,0.5516038615087019,1,MEDIUM,9.480519480519481,3869.0948051948058,High Value,Priority Retain,Priority retention offer
15860.0,8,6,767.14,345,87,127.85666666666667,269,53.0,0,0.1379400087526549,0,LOW,8.141263940520446,1040.9148698884758,Low Value,Normal Marketing,Normal marketing
15861.0,44,3,1123.76,870,174,374.58666666666664,132,66.0,0,0.18106037092643637,0,LOW,8.295454545454545,3107.3666666666663,High Value,VIP Loyal,Loyalty program
15862.0,21,3,659.73,499,98,219.91,261,130.0,0,0.2455153356429014,0,LOW,4.195402298850575,922.6109195402299,Low Value,Normal Marketing,Normal marketing
15863.0,102,1,9.2,2,2,9.2,0,0.0,0,0.663721813248477,1,MEDIUM,1.0,9.2,Low Value,Automated Campaign,Low-cost automated campaign
15864.0,8,3,957.8600000000001,558,11,319.2866666666667,217,108.0,0,0.41648069673369376,0,MEDIUM,5.046082949308755,1611.147004608295,High Value,Priority Retain,Priority retention offer
15865.0,123,1,313.93,178,16,313.93,0,0.0,0,0.6676431554734684,1,MEDIUM,1.0,313.93,Low Value,Automated Campaign,Low-cost automated campaign
15866.0,10,1,211.89,124,43,211.89,0,0.0,1,0.5064621036479235,1,MEDIUM,1.0,211.89,Low Value,Automated Campaign,Low-cost automated campaign
15867.0,22,12,2947.41,1485,253,245.61749999999998,256,23.0,0,0.013945880376374493,0,LOW,17.109375,4202.3619140625,High Value,VIP Loyal,Loyalty program
15869.0,186,2,149.64,175,13,74.82,0,0.0,1,0.6850864912322427,1,MEDIUM,2.0,149.64,Low Value,Automated Campaign,Low-cost automated campaign
15874.0,87,6,2207.75,1065,79,367.9583333333333,106,21.0,0,0.24997376957812298,0,LOW,20.660377358490567,7602.1580188679245,High Value,VIP Loyal,Loyalty program
15880.0,278,1,329.03000000000003,202,95,329.03000000000003,0,0.0,1,0.63883550308275,1,MEDIUM,1.0,329.03000000000003,Low Value,Automated Campaign,Low-cost automated campaign
15881.0,221,5,501.39000000000004,260,26,100.278,52,13.0,1,0.5667793027881667,1,MEDIUM,35.09615384615385,3519.3721153846154,High Value,Priority Retain,Priority retention offer
15882.0,108,4,516.36,276,23,129.09,169,56.0,1,0.4382413049325976,0,MEDIUM,8.63905325443787,1115.2153846153847,Low Value,Automated Campaign,Low-cost automated campaign
15885.0,2,3,379.35,111,18,126.45,216,108.0,1,0.39968264952737415,0,LOW,5.069444444444445,641.03125,Low Value,Normal Marketing,Normal marketing
15889.0,66,2,420.07,206,79,210.035,212,212.0,1,0.4753886919657171,1,MEDIUM,3.4433962264150946,723.2337264150943,Low Value,Automated Campaign,Low-cost automated campaign
15891.0,136,1,511.68,418,60,511.68,0,0.0,1,0.5981491998930825,1,MEDIUM,1.0,511.68,Low Value,Automated Campaign,Low-cost automated campaign
15894.0,162,2,258.25,164,35,129.125,115,115.0,1,0.6392662775908912,1,MEDIUM,6.347826086956522,819.663043478261,Low Value,Automated Campaign,Low-cost automated campaign
15895.0,59,1,179.17,94,11,179.17,0,0.0,1,0.6176765525107722,1,MEDIUM,1.0,179.17,Low Value,Automated Campaign,Low-cost automated campaign
15897.0,103,2,208.59,223,17,104.295,0,0.0,1,0.6086032483868248,1,MEDIUM,2.0,208.59,Low Value,Automated Campaign,Low-cost automated campaign
15898.0,136,4,997.94,421,67,249.485,141,47.0,0,0.380680831564861,0,LOW,10.354609929078013,2583.319858156028,High Value,VIP Loyal,Loyalty program
15899.0,278,1,56.25,39,4,56.25,0,0.0,1,0.7882316985613054,1,HIGH,1.0,56.25,Low Value,Automated Campaign,Low-cost automated campaign
15901.0,64,1,110.49,209,24,110.49,0,0.0,0,0.5907847937627208,1,MEDIUM,1.0,110.49,Low Value,Automated Campaign,Low-cost automated campaign
15903.0,137,2,641.6400000000001,676,19,320.82000000000005,67,67.0,0,0.6467493671603216,1,MEDIUM,10.895522388059701,3495.501492537314,High Value,Priority Retain,Priority retention offer
15906.0,54,4,797.71,242,56,199.4275,110,36.0,0,0.3519769084967439,0,LOW,13.272727272727273,2646.9468181818183,High Value,VIP Loyal,Loyalty program
15907.0,86,2,477.59000000000003,237,93,238.79500000000002,33,33.0,0,0.4361201397691349,0,MEDIUM,22.12121212121212,5282.434848484849,High Value,Priority Retain,Priority retention offer
15909.0,83,1,191.94,98,7,191.94,0,0.0,1,0.6468518667339557,1,MEDIUM,1.0,191.94,Low Value,Automated Campaign,Low-cost automated campaign
15910.0,8,5,663.36,510,143,132.672,217,54.0,0,0.11962616302880136,0,LOW,8.410138248847927,1115.789861751152,Low Value,Normal Marketing,Normal marketing
15912.0,87,2,264.62,185,19,132.31,54,54.0,1,0.599137549508632,1,MEDIUM,13.518518518518519,1788.6351851851853,High Value,Priority Retain,Priority retention offer
15916.0,101,5,846.95,393,64,169.39000000000001,174,43.0,0,0.2984282344346632,0,LOW,10.488505747126437,1776.6479885057474,High Value,VIP Loyal,Loyalty program
15917.0,157,1,123.1,42,12,123.1,0,0.0,1,0.6935678525799929,1,MEDIUM,1.0,123.1,Low Value,Automated Campaign,Low-cost automated campaign
15918.0,100,2,334.23,153,33,167.115,80,80.0,1,0.5855803101548402,1,MEDIUM,9.125,1524.924375,High Value,Priority Retain,Priority retention offer
15919.0,278,1,214.07999999999998,175,38,214.07999999999998,0,0.0,0,0.7403220850648665,1,HIGH,1.0,214.07999999999998,Low Value,Automated Campaign,Low-cost automated campaign
15920.0,63,4,167.5,99,53,41.875,0,0.0,1,0.43356831020588843,0,MEDIUM,4.0,167.5,Low Value,Automated Campaign,Low-cost automated campaign
15921.0,82,1,323.03000000000003,162,24,323.03000000000003,0,0.0,1,0.6176644735942919,1,MEDIUM,1.0,323.03000000000003,Low Value,Automated Campaign,Low-cost automated campaign
15922.0,282,1,369.5,138,11,369.5,0,0.0,1,0.7915450705779694,1,HIGH,1.0,369.5,Low Value,Automated Campaign,Low-cost automated campaign
15923.0,282,1,127.08,122,21,127.08,0,0.0,1,0.7673912151200122,1,HIGH,1.0,127.08,Low Value,Automated Campaign,Low-cost automated campaign
15925.0,103,1,207.15,93,12,207.15,0,0.0,1,0.65419508930697,1,MEDIUM,1.0,207.15,Low Value,Automated Campaign,Low-cost automated campaign
15932.0,17,6,1885.95,1509,65,314.325,181,36.0,0,0.19258752677648353,0,LOW,12.099447513812155,3803.1588397790056,High Value,VIP Loyal,Loyalty program
15935.0,148,2,416.86,115,12,208.43,2,2.0,1,0.6597215595790813,1,MEDIUM,365.0,76076.95,High Value,Priority Retain,Priority retention offer
15938.0,21,5,404.58,240,13,80.916,211,52.0,1,0.3159296450548841,0,LOW,8.649289099526067,699.8658767772512,Low Value,Normal Marketing,Normal marketing
15939.0,16,14,5860.25,4572,28,418.5892857142857,224,17.0,0,0.059162700009554085,0,LOW,22.8125,9549.068080357143,High Value,VIP Loyal,Loyalty program
15940.0,220,1,35.8,4,1,35.8,0,0.0,1,0.7549228710659723,1,HIGH,1.0,35.8,Low Value,Automated Campaign,Low-cost automated campaign
15942.0,43,1,337.44,232,14,337.44,0,0.0,1,0.6053408743625847,1,MEDIUM,1.0,337.44,Low Value,Automated Campaign,Low-cost automated campaign
15944.0,186,1,325.1,50,6,325.1,0,0.0,1,0.7348476029369164,1,HIGH,1.0,325.1,Low Value,Automated Campaign,Low-cost automated campaign
15945.0,274,1,181.0,52,2,181.0,0,0.0,1,0.793197541026159,1,HIGH,1.0,181.0,Low Value,Automated Campaign,Low-cost automated campaign
15950.0,15,2,1091.38,445,66,545.69,253,253.0,0,0.4711589311587042,1,MEDIUM,2.885375494071146,1574.5205533596838,High Value,Priority Retain,Priority retention offer
15951.0,195,1,375.16999999999996,174,22,375.16999999999996,0,0.0,0,0.7151993576498173,1,HIGH,1.0,375.16999999999996,Low Value,Automated Campaign,Low-cost automated campaign
15952.0,68,2,309.2,140,25,154.6,66,66.0,0,0.571932306253706,1,MEDIUM,11.06060606060606,1709.969696969697,High Value,Priority Retain,Priority retention offer
15953.0,121,4,824.04,450,29,206.01,157,52.0,0,0.44047650998969856,0,MEDIUM,9.299363057324841,1915.7617834394905,High Value,Priority Retain,Priority retention offer
15955.0,16,8,2463.65,1103,68,307.95625,266,38.0,0,0.11141890319483927,0,LOW,10.977443609022556,3380.5723684210525,High Value,VIP Loyal,Loyalty program
15965.0,276,1,156.19,74,16,156.19,0,0.0,0,0.7725306406547109,1,HIGH,1.0,156.19,Low Value,Automated Campaign,Low-cost automated campaign
15967.0,228,1,161.9,60,32,161.9,0,0.0,0,0.7125901658236234,1,HIGH,1.0,161.9,Low Value,Automated Campaign,Low-cost automated campaign
15969.0,95,1,308.7,44,10,308.7,0,0.0,0,0.656694064383775,1,MEDIUM,1.0,308.7,Low Value,Automated Campaign,Low-cost automated campaign
15970.0,213,1,314.1,116,11,314.1,0,0.0,1,0.7447301024252845,1,HIGH,1.0,314.1,Low Value,Automated Campaign,Low-cost automated campaign
15971.0,18,7,2109.45,912,9,301.34999999999997,202,33.0,0,0.23688362049901754,0,LOW,12.64851485148515,3811.6299504950493,High Value,VIP Loyal,Loyalty program
15973.0,276,1,307.82000000000005,106,4,307.82000000000005,0,0.0,1,0.7959170131905938,1,HIGH,1.0,307.82000000000005,Low Value,Automated Campaign,Low-cost automated campaign
15974.0,4,6,2895.0099999999998,1864,119,482.5016666666666,193,38.0,0,0.11272655539338702,0,LOW,11.347150259067357,5475.018911917097,High Value,VIP Loyal,Loyalty program
15976.0,74,2,427.64,275,83,213.82,54,54.0,1,0.44955158664495853,0,MEDIUM,13.518518518518519,2890.5296296296297,High Value,Priority Retain,Priority retention offer
15980.0,163,1,760.18,592,20,760.18,0,0.0,0,0.7110872104525648,1,HIGH,1.0,760.18,Low Value,Automated Campaign,Low-cost automated campaign
15981.0,47,6,2458.2,1296,31,409.7,173,34.0,0,0.2615486391933707,0,LOW,12.658959537572255,5186.375722543353,High Value,VIP Loyal,Loyalty program
15983.0,270,3,1138.37,694,57,379.45666666666665,13,6.0,0,0.6305827339853391,1,MEDIUM,84.23076923076923,31961.92692307692,High Value,Priority Retain,Priority retention offer
15984.0,10,7,1807.51,943,176,258.2157142857143,267,44.0,0,0.05487705892626885,0,LOW,9.569288389513108,2470.9406367041197,High Value,VIP Loyal,Loyalty program
15985.0,32,2,1142.42,1086,29,571.21,113,113.0,1,0.545186578258274,1,MEDIUM,6.460176991150442,3690.117699115044,High Value,Priority Retain,Priority retention offer
15987.0,30,6,1193.63,1365,64,198.93833333333336,248,49.0,0,0.17842949278009035,0,LOW,8.830645161290322,1756.7538306451615,High Value,VIP Loyal,Loyalty program
15990.0,196,1,401.37,171,23,401.37,0,0.0,0,0.7153162247847721,1,HIGH,1.0,401.37,Low Value,Automated Campaign,Low-cost automated campaign
15996.0,25,5,879.76,336,91,175.952,249,62.0,0,0.1719446843049307,0,LOW,7.329317269076306,1289.6080321285142,Low Value,Normal Marketing,Normal marketing
15998.0,81,3,2105.26,1370,280,701.7533333333334,190,95.0,0,0.08208348488090302,0,LOW,5.7631578947368425,4044.3152631578955,High Value,VIP Loyal,Loyalty program
16003.0,44,3,1793.9,595,56,597.9666666666667,224,112.0,0,0.350002248726611,0,LOW,4.888392857142857,2923.095982142857,High Value,VIP Loyal,Loyalty program
16005.0,92,2,275.41,117,77,137.705,88,88.0,0,0.48289181850673196,1,MEDIUM,8.295454545454545,1142.3255681818182,Low Value,Automated Campaign,Low-cost automated campaign
16006.0,120,1,101.4,84,8,101.4,0,0.0,1,0.6708182130012944,1,MEDIUM,1.0,101.4,Low Value,Automated Campaign,Low-cost automated campaign
16007.0,90,2,727.67,581,128,363.835,34,34.0,0,0.36774042428728543,0,LOW,21.470588235294116,7811.751470588234,High Value,VIP Loyal,Loyalty program
16008.0,114,1,139.15,75,6,139.15,0,0.0,0,0.671708674836932,1,MEDIUM,1.0,139.15,Low Value,Automated Campaign,Low-cost automated campaign
16009.0,69,1,441.59000000000003,196,55,441.59000000000003,0,0.0,0,0.5460159526899558,1,MEDIUM,1.0,441.59000000000003,Low Value,Automated Campaign,Low-cost automated campaign
16010.0,155,3,392.4,202,62,130.79999999999998,116,58.0,1,0.48044872131273336,1,MEDIUM,9.439655172413792,1234.7068965517237,Low Value,Automated Campaign,Low-cost automated campaign
16011.0,1,12,2185.66,1419,85,182.13833333333332,273,24.0,0,0.05502483149624005,0,LOW,16.043956043956044,2922.219413919414,High Value,VIP Loyal,Loyalty program
16012.0,38,2,1132.12,551,49,566.06,26,26.0,0,0.49470613445142336,1,MEDIUM,28.076923076923077,15893.223076923075,High Value,Priority Retain,Priority retention offer
16013.0,8,35,23409.34,8878,27,668.8382857142857,272,8.0,0,0.0005306082011570566,0,LOW,46.96691176470588,31413.268749999996,High Value,VIP Loyal,Loyalty program
16014.0,61,2,514.38,222,115,257.19,138,138.0,0,0.38338894250518163,0,LOW,5.2898550724637685,1360.4978260869566,Low Value,Normal Marketing,Normal marketing
16016.0,105,4,791.07,300,99,197.7675,170,56.0,0,0.28031130196784376,0,LOW,8.588235294117647,1698.473823529412,High Value,VIP Loyal,Loyalty program
16018.0,89,1,161.9,44,15,161.9,0,0.0,0,0.6343061407118168,1,MEDIUM,1.0,161.9,Low Value,Automated Campaign,Low-cost automated campaign
16019.0,45,7,2952.25,1193,85,421.75,228,38.0,0,0.13209538852163796,0,LOW,11.206140350877194,4726.189692982456,High Value,VIP Loyal,Loyalty program
16022.0,169,1,602.63,255,68,602.63,0,0.0,1,0.615223636294231,1,MEDIUM,1.0,602.63,Low Value,Automated Campaign,Low-cost automated campaign
16023.0,101,2,500.69,227,59,250.345,74,74.0,0,0.530905103645296,1,MEDIUM,9.864864864864865,2469.6195945945947,High Value,Priority Retain,Priority retention offer
16027.0,1,6,934.62,1147,11,155.77,210,42.0,1,0.2624564236205641,0,LOW,10.428571428571429,1624.4585714285715,High Value,VIP Loyal,Loyalty program
16029.0,3,52,54130.14,25426,43,1040.9642307692307,279,5.0,0,1.3497493380329326e-06,0,LOW,68.02867383512545,70815.41612903225,High Value,VIP Loyal,Loyalty program
16030.0,219,1,331.24,283,28,331.24,0,0.0,1,0.7200508166362486,1,HIGH,1.0,331.24,Low Value,Automated Campaign,Low-cost automated campaign
16031.0,1,2,547.9,421,91,273.95,154,154.0,1,0.38378875289381575,0,LOW,4.740259740259741,1298.594155844156,Low Value,Normal Marketing,Normal marketing
16033.0,17,16,5864.55,2149,367,366.534375,261,17.0,0,0.0022135638076801177,0,LOW,22.375478927203066,8201.382183908046,High Value,VIP Loyal,Loyalty program
16034.0,105,3,437.7,242,18,145.9,136,68.0,1,0.5235335388565375,1,MEDIUM,8.051470588235293,1174.7095588235293,Low Value,Automated Campaign,Low-cost automated campaign
16036.0,172,1,188.73,127,11,188.73,0,0.0,0,0.709655169119234,1,HIGH,1.0,188.73,Low Value,Automated Campaign,Low-cost automated campaign
16037.0,179,3,855.02,428,37,285.00666666666666,88,44.0,1,0.5664411108497186,1,MEDIUM,12.443181818181818,3546.389772727273,High Value,Priority Retain,Priority retention offer
16038.0,86,2,393.33,229,23,196.665,24,24.0,0,0.5866472956085722,1,MEDIUM,30.41666666666667,5981.893750000001,High Value,Priority Retain,Priority retention offer
16040.0,57,2,876.1800000000001,509,42,438.09000000000003,120,120.0,0,0.5389407742605234,1,MEDIUM,6.083333333333334,2665.0475000000006,High Value,Priority Retain,Priority retention offer
16041.0,50,2,2739.8,1044,5,1369.9,0,0.0,0,0.614246687510514,1,MEDIUM,2.0,2739.8,High Value,Priority Retain,Priority retention offer
16042.0,17,2,440.48,260,26,220.24,224,224.0,0,0.5491553140718468,1,MEDIUM,3.258928571428571,717.7464285714285,Low Value,Automated Campaign,Low-cost automated campaign
16043.0,120,3,676.49,342,22,225.49666666666667,106,53.0,0,0.5394513988864622,1,MEDIUM,10.330188679245284,2329.4231132075474,High Value,Priority Retain,Priority retention offer
16045.0,29,4,1340.7,897,71,335.175,170,56.0,1,0.2687851472024488,0,LOW,8.588235294117647,2878.5617647058825,High Value,VIP Loyal,Loyalty program
16048.0,282,2,256.44,144,8,128.22,0,0.0,1,0.7644082143553317,1,HIGH,2.0,256.44,Low Value,Automated Campaign,Low-cost automated campaign
16050.0,83,1,137.9,278,10,137.9,0,0.0,1,0.6376149239180943,1,MEDIUM,1.0,137.9,Low Value,Automated Campaign,Low-cost automated campaign
16053.0,31,1,1124.19,1003,62,1124.19,0,0.0,0,0.5308800086479933,1,MEDIUM,1.0,1124.19,Low Value,Automated Campaign,Low-cost automated campaign
16054.0,54,1,783.9,380,70,783.9,0,0.0,1,0.5175252236295766,1,MEDIUM,1.0,783.9,Low Value,Automated Campaign,Low-cost automated campaign
16055.0,130,1,134.8,22,8,134.8,0,0.0,1,0.6805580939353179,1,MEDIUM,1.0,134.8,Low Value,Automated Campaign,Low-cost automated campaign
16057.0,5,6,1544.23,620,79,257.37166666666667,188,37.0,0,0.1693652211602566,0,LOW,11.648936170212766,2998.1061170212765,High Value,VIP Loyal,Loyalty program
16059.0,73,4,944.6,390,99,236.15,204,68.0,0,0.24185774401491913,0,LOW,7.156862745098039,1690.0931372549019,High Value,VIP Loyal,Loyalty program
16062.0,43,3,778.14,650,37,259.38,231,115.0,0,0.3869353312654656,0,LOW,4.740259740259741,1229.5285714285715,Low Value,Normal Marketing,Normal marketing
16063.0,169,1,335.32,262,23,335.32,0,0.0,1,0.691563673265912,1,MEDIUM,1.0,335.32,Low Value,Automated Campaign,Low-cost automated campaign
16065.0,274,1,367.14,228,71,367.14,0,0.0,1,0.6846223011823819,1,MEDIUM,1.0,367.14,Low Value,Automated Campaign,Low-cost automated campaign
16066.0,33,1,316.38,186,6,316.38,0,0.0,0,0.6124634868011187,1,MEDIUM,1.0,316.38,Low Value,Automated Campaign,Low-cost automated campaign
16072.0,197,1,584.3199999999999,140,23,584.3199999999999,0,0.0,1,0.7241492591417192,1,HIGH,1.0,584.3199999999999,Low Value,Automated Campaign,Low-cost automated campaign
16073.0,206,1,122.39999999999999,48,1,122.39999999999999,0,0.0,1,0.7488150316183998,1,HIGH,1.0,122.39999999999999,Low Value,Automated Campaign,Low-cost automated campaign
16076.0,2,5,1357.98,1012,69,271.596,115,28.0,0,0.2428815426758241,0,LOW,15.869565217391305,4310.1104347826085,High Value,VIP Loyal,Loyalty program
16078.0,193,1,79.2,16,1,79.2,0,0.0,1,0.7380451153289185,1,HIGH,1.0,79.2,Low Value,Automated Campaign,Low-cost automated campaign
16080.0,183,1,130.26,66,5,130.26,0,0.0,0,0.7260471915523368,1,HIGH,1.0,130.26,Low Value,Automated Campaign,Low-cost automated campaign
16081.0,94,3,992.37,476,57,330.79,181,90.0,0,0.4083587771079858,0,MEDIUM,6.0497237569060776,2001.1881215469616,High Value,Priority Retain,Priority retention offer
16083.0,10,2,1317.62,908,31,658.81,259,259.0,1,0.5458227999485205,1,MEDIUM,2.8185328185328187,1856.8776061776061,High Value,Priority Retain,Priority retention offer
16084.0,208,1,436.18,216,38,436.18,0,0.0,1,0.6984825993731746,1,MEDIUM,1.0,436.18,Low Value,Automated Campaign,Low-cost automated campaign
16085.0,146,2,325.04,224,48,162.52,84,84.0,0,0.5945200346048756,1,MEDIUM,8.69047619047619,1412.3761904761905,High Value,Priority Retain,Priority retention offer
16086.0,7,4,899.7,388,21,224.925,268,89.0,0,0.3004958496584343,0,LOW,5.447761194029851,1225.3376865671642,Low Value,Normal Marketing,Normal marketing
16091.0,64,2,315.06,154,16,157.53,43,43.0,1,0.5842733081701824,1,MEDIUM,16.97674418604651,2674.3465116279067,High Value,Priority Retain,Priority retention offer
16092.0,24,3,817.86,628,37,272.62,139,69.0,1,0.40530709918288266,0,MEDIUM,7.877697841726619,2147.617985611511,High Value,Priority Retain,Priority retention offer
16093.0,16,1,17.0,20,1,17.0,0,0.0,1,0.5930135161359849,1,MEDIUM,1.0,17.0,Low Value,Automated Campaign,Low-cost automated campaign
16094.0,128,1,252.1,164,16,252.1,0,0.0,0,0.6687410960870112,1,MEDIUM,1.0,252.1,Low Value,Automated Campaign,Low-cost automated campaign
16096.0,173,1,320.62,155,12,320.62,0,0.0,1,0.7144149416866501,1,HIGH,1.0,320.62,Low Value,Automated Campaign,Low-cost automated campaign
16097.0,149,1,185.04999999999998,87,10,185.04999999999998,0,0.0,1,0.6938640623482152,1,MEDIUM,1.0,185.04999999999998,Low Value,Automated Campaign,Low-cost automated campaign
16098.0,37,6,1712.49,501,31,285.415,245,49.0,0,0.22728018576570572,0,LOW,8.938775510204081,2551.260612244898,High Value,VIP Loyal,Loyalty program
16099.0,47,2,592.1,362,26,296.05,88,88.0,0,0.5569703172871108,1,MEDIUM,8.295454545454545,2455.869318181818,High Value,Priority Retain,Priority retention offer
16102.0,8,2,1392.8400000000001,776,41,696.4200000000001,29,29.0,0,0.4878955919009204,1,MEDIUM,25.172413793103445,17530.572413793103,High Value,Priority Retain,Priority retention offer
16103.0,67,4,1156.4,388,24,289.1,75,25.0,0,0.44725623030831496,0,MEDIUM,19.46666666666667,5627.813333333334,High Value,Priority Retain,Priority retention offer
16105.0,158,1,336.96,330,13,336.96,0,0.0,1,0.7016088618738404,1,HIGH,1.0,336.96,Low Value,Automated Campaign,Low-cost automated campaign
16107.0,12,3,1494.1200000000001,500,16,498.04,79,39.0,0,0.4622095926532186,1,MEDIUM,13.860759493670885,6903.212658227848,High Value,Priority Retain,Priority retention offer
16109.0,128,2,611.88,612,18,305.94,89,89.0,1,0.6441970680719393,1,MEDIUM,8.202247191011237,2509.395505617978,High Value,Priority Retain,Priority retention offer
16110.0,171,2,678.18,342,173,339.09,48,48.0,0,0.34666134298240575,0,LOW,15.208333333333336,5156.993750000001,High Value,VIP Loyal,Loyalty program
16112.0,52,4,195.73999999999998,574,15,48.934999999999995,195,65.0,1,0.39351345308953384,0,LOW,7.487179487179487,366.3851282051282,Low Value,Normal Marketing,Normal marketing
16113.0,92,1,161.38,176,30,161.38,0,0.0,1,0.6053887881190919,1,MEDIUM,1.0,161.38,Low Value,Automated Campaign,Low-cost automated campaign
16114.0,80,1,135.75000000000003,43,8,135.75000000000003,0,0.0,1,0.6396563180442432,1,MEDIUM,1.0,135.75000000000003,Low Value,Automated Campaign,Low-cost automated campaign
16115.0,26,5,924.59,592,125,184.918,175,43.0,0,0.1576322749892419,0,LOW,10.428571428571429,1928.4305714285715,High Value,VIP Loyal,Loyalty program
16116.0,121,1,612.78,248,34,612.78,0,0.0,1,0.6447242084515225,1,MEDIUM,1.0,612.78,Low Value,Automated Campaign,Low-cost automated campaign
16117.0,99,1,232.21,130,30,232.21,0,0.0,1,0.6152500230243482,1,MEDIUM,1.0,232.21,Low Value,Automated Campaign,Low-cost automated campaign
16121.0,125,1,285.94,139,60,285.94,0,0.0,0,0.577290694706816,1,MEDIUM,1.0,285.94,Low Value,Automated Campaign,Low-cost automated campaign
16122.0,22,3,550.26,912,24,183.42,253,126.0,0,0.38740776000232424,0,LOW,4.328063241106719,793.8533596837943,Low Value,Normal Marketing,Normal marketing
16124.0,226,1,249.0,48,11,249.0,0,0.0,1,0.7511469233251458,1,HIGH,1.0,249.0,Low Value,Automated Campaign,Low-cost automated campaign
16125.0,276,1,289.35,124,13,289.35,0,0.0,1,0.782020576509274,1,HIGH,1.0,289.35,Low Value,Automated Campaign,Low-cost automated campaign
16126.0,11,3,3706.7000000000003,1084,41,1235.5666666666668,194,97.0,0,0.35842035460800237,0,LOW,5.644329896907216,6973.94587628866,High Value,VIP Loyal,Loyalty program
16128.0,53,2,694.7,366,34,347.35,138,138.0,0,0.5537932254608198,1,MEDIUM,5.2898550724637685,1837.4311594202902,High Value,Priority Retain,Priority retention offer
16131.0,25,4,2278.5,1244,46,569.625,124,41.0,0,0.32616105001668727,0,LOW,11.774193548387098,6706.875000000001,High Value,VIP Loyal,Loyalty program
16133.0,10,23,10619.27,6223,139,461.7073913043478,216,9.0,0,0.004516529877894735,0,LOW,38.86574074074074,17944.599768518518,High Value,VIP Loyal,Loyalty program
16134.0,268,1,283.53000000000003,158,16,283.53000000000003,0,0.0,0,0.7721021948195624,1,HIGH,1.0,283.53000000000003,Low Value,Automated Campaign,Low-cost automated campaign
16135.0,172,1,517.55,209,21,517.55,0,0.0,1,0.7060414371800913,1,HIGH,1.0,517.55,Low Value,Automated Campaign,Low-cost automated campaign
16136.0,187,1,159.3,66,8,159.3,0,0.0,0,0.7249496471041255,1,HIGH,1.0,159.3,Low Value,Automated Campaign,Low-cost automated campaign
16139.0,21,2,306.37,155,13,153.185,94,94.0,0,0.5599392632213459,1,MEDIUM,7.76595744680851,1189.6281914893616,Low Value,Automated Campaign,Low-cost automated campaign
16140.0,280,1,124.14,104,7,124.14,0,0.0,0,0.7873808983725188,1,HIGH,1.0,124.14,Low Value,Automated Campaign,Low-cost automated campaign
16142.0,159,1,535.34,422,37,535.34,0,0.0,1,0.665823253639944,1,MEDIUM,1.0,535.34,Low Value,Automated Campaign,Low-cost automated campaign
16143.0,17,5,1949.3600000000001,715,70,389.872,261,65.0,0,0.18083251691247285,0,LOW,6.992337164750959,2726.116475095786,High Value,VIP Loyal,Loyalty program
16144.0,156,1,175.2,16,1,175.2,0,0.0,1,0.7153908014735473,1,HIGH,1.0,175.2,Low Value,Automated Campaign,Low-cost automated campaign
16145.0,9,8,2600.31,2248,102,325.03875,260,37.0,0,0.08266038956247639,0,LOW,11.230769230769232,3650.4351923076924,High Value,VIP Loyal,Loyalty program
16146.0,66,3,734.13,427,26,244.71,74,37.0,1,0.49381796454802757,1,MEDIUM,14.797297297297296,3621.0466216216214,High Value,Priority Retain,Priority retention offer
16147.0,43,1,375.0,246,22,375.0,0,0.0,1,0.5903279765076292,1,MEDIUM,1.0,375.0,Low Value,Automated Campaign,Low-cost automated campaign
16148.0,205,1,76.32000000000001,72,1,76.32000000000001,0,0.0,1,0.746183607337809,1,HIGH,1.0,76.32000000000001,Low Value,Automated Campaign,Low-cost automated campaign
16149.0,51,1,163.68,168,11,163.68,0,0.0,0,0.6097606716765513,1,MEDIUM,1.0,163.68,Low Value,Automated Campaign,Low-cost automated campaign
16150.0,38,3,1408.7,774,66,469.56666666666666,243,121.0,0,0.3186507798851669,0,LOW,4.506172839506172,2115.948559670782,High Value,VIP Loyal,Loyalty program
16152.0,178,1,1829.04,642,29,1829.04,0,0.0,1,0.7517678902381378,1,HIGH,1.0,1829.04,High Value,Priority Retain,Priority retention offer
16153.0,25,4,1023.54,530,50,255.885,239,79.0,0,0.2738990258220946,0,LOW,6.108786610878662,1563.1468619246864,High Value,VIP Loyal,Loyalty program
16156.0,61,5,1415.17,654,62,283.034,158,39.0,0,0.27412626936326395,0,LOW,11.550632911392405,3269.221835443038,High Value,VIP Loyal,Loyalty program
16159.0,191,1,348.2,236,14,348.2,0,0.0,1,0.7251341047988186,1,HIGH,1.0,348.2,Low Value,Automated Campaign,Low-cost automated campaign
16161.0,49,12,3036.66,1475,172,253.05499999999998,228,20.0,0,0.03351060669896556,0,LOW,19.210526315789473,4861.319736842104,High Value,VIP Loyal,Loyalty program
16162.0,161,1,37.4,4,2,37.4,0,0.0,1,0.7112185178564576,1,HIGH,1.0,37.4,Low Value,Automated Campaign,Low-cost automated campaign
16163.0,141,2,856.6,192,5,428.3,132,132.0,1,0.6896509375040978,1,MEDIUM,5.53030303030303,2368.628787878788,High Value,Priority Retain,Priority retention offer
16168.0,4,18,2632.12,1392,42,146.2288888888889,275,16.0,0,0.03711646066338261,0,LOW,23.89090909090909,3493.541090909091,High Value,VIP Loyal,Loyalty program
16170.0,22,5,1560.6599999999999,1483,91,312.13199999999995,135,33.0,0,0.20950904555333394,0,LOW,13.518518518518519,4219.562222222222,High Value,VIP Loyal,Loyalty program
16172.0,4,5,1140.21,787,52,228.042,146,36.0,1,0.25961713303228967,0,LOW,12.5,2850.525,High Value,VIP Loyal,Loyalty program
16173.0,1,2,635.05,242,39,317.525,6,6.0,0,0.47485439545363267,1,MEDIUM,121.66666666666669,38632.208333333336,High Value,Priority Retain,Priority retention offer
16174.0,35,3,1009.5500000000001,651,19,336.5166666666667,25,12.0,1,0.49862927229885967,1,MEDIUM,43.800000000000004,14739.430000000004,High Value,Priority Retain,Priority retention offer
16175.0,3,4,1037.59,533,45,259.3975,145,48.0,1,0.31180794844934123,0,LOW,10.068965517241379,2611.8644827586204,High Value,VIP Loyal,Loyalty program
16178.0,47,1,197.9,94,8,197.9,0,0.0,1,0.6145337350136495,1,MEDIUM,1.0,197.9,Low Value,Automated Campaign,Low-cost automated campaign
16180.0,9,8,10254.18,5867,90,1281.7725,152,21.0,1,0.06834527216855008,0,LOW,19.210526315789473,24623.524342105262,High Value,VIP Loyal,Loyalty program
16182.0,39,3,4844.0,2800,8,1614.6666666666667,164,82.0,0,0.45730519670369285,1,MEDIUM,6.676829268292683,10780.853658536585,High Value,Priority Retain,Priority retention offer
16184.0,15,5,985.8000000000001,470,22,197.16000000000003,105,26.0,0,0.3497491371359955,0,LOW,17.380952380952383,3426.828571428572,High Value,VIP Loyal,Loyalty program
16185.0,142,1,335.0,153,19,335.0,0,0.0,0,0.678156303476522,1,MEDIUM,1.0,335.0,Low Value,Automated Campaign,Low-cost automated campaign
16186.0,12,9,2696.53,2242,67,299.6144444444445,268,33.0,0,0.09352394303999663,0,LOW,12.257462686567164,3672.512873134329,High Value,VIP Loyal,Loyalty program
16187.0,8,12,5395.7,3925,140,449.64166666666665,185,16.0,0,0.03445807795351385,0,LOW,23.675675675675674,10645.57027027027,High Value,VIP Loyal,Loyalty program
16188.0,50,3,755.03,645,51,251.67666666666665,101,50.0,0,0.4131245774549048,0,MEDIUM,10.841584158415843,2728.573762376238,High Value,Priority Retain,Priority retention offer
16191.0,172,8,2615.68,1612,25,326.96,97,13.0,0,0.3509184991446451,0,LOW,30.103092783505154,9842.507216494845,High Value,VIP Loyal,Loyalty program
16193.0,146,1,314.45,219,19,314.45,0,0.0,1,0.6802006387578543,1,MEDIUM,1.0,314.45,Low Value,Automated Campaign,Low-cost automated campaign
16200.0,73,1,550.57,231,58,550.57,0,0.0,0,0.5488608943948575,1,MEDIUM,1.0,550.57,Low Value,Automated Campaign,Low-cost automated campaign
16201.0,19,1,303.8,208,19,303.8,0,0.0,0,0.5717795932058796,1,MEDIUM,1.0,303.8,Low Value,Automated Campaign,Low-cost automated campaign
16202.0,270,1,365.27,191,18,365.27,0,0.0,1,0.7733474665482027,1,HIGH,1.0,365.27,Low Value,Automated Campaign,Low-cost automated campaign
16203.0,57,3,378.3,158,19,126.10000000000001,224,112.0,0,0.44320795113804573,0,MEDIUM,4.888392857142857,616.4263392857143,Low Value,Automated Campaign,Low-cost automated campaign
16205.0,89,1,112.35,64,27,112.35,0,0.0,0,0.6068384172582565,1,MEDIUM,1.0,112.35,Low Value,Automated Campaign,Low-cost automated campaign
16206.0,34,3,409.86,203,48,136.62,202,101.0,0,0.36974567915418116,0,LOW,5.420792079207922,740.5886138613863,Low Value,Normal Marketing,Normal marketing
16208.0,198,1,497.59,243,40,497.59,0,0.0,0,0.6897678460021301,1,MEDIUM,1.0,497.59,Low Value,Automated Campaign,Low-cost automated campaign
16209.0,28,4,2116.9,1103,35,529.225,127,42.0,0,0.35043177717504714,0,LOW,11.496062992125983,6084.003937007874,High Value,VIP Loyal,Loyalty program
16210.0,8,11,11248.960000000001,4381,47,1022.6327272727274,275,27.0,0,0.03853003301402553,0,LOW,14.6,14930.43781818182,High Value,VIP Loyal,Loyalty program
16212.0,192,1,498.15000000000003,151,30,498.15000000000003,0,0.0,0,0.7039907078343505,1,HIGH,1.0,498.15000000000003,Low Value,Automated Campaign,Low-cost automated campaign
16214.0,80,3,1062.75,420,36,354.25,98,49.0,1,0.47433980345627935,1,MEDIUM,11.173469387755102,3958.201530612245,High Value,Priority Retain,Priority retention offer
16216.0,176,1,914.9300000000001,254,37,914.9300000000001,0,0.0,1,0.6975881684899834,1,MEDIUM,1.0,914.9300000000001,Low Value,Automated Campaign,Low-cost automated campaign
16217.0,144,2,304.25,91,13,152.125,46,46.0,1,0.6594186765197991,1,MEDIUM,15.869565217391303,2414.157608695652,High Value,Priority Retain,Priority retention offer
16218.0,24,6,2635.48,1752,51,439.24666666666667,258,51.0,0,0.17329992491499657,0,LOW,8.488372093023257,3728.489147286822,High Value,VIP Loyal,Loyalty program
16221.0,185,2,315.37,267,29,157.685,91,91.0,0,0.667233805837151,1,MEDIUM,8.021978021978022,1264.9456043956045,Low Value,Automated Campaign,Low-cost automated campaign
16222.0,227,1,773.5500000000001,325,120,773.5500000000001,0,0.0,1,0.5644757187494829,1,MEDIUM,1.0,773.5500000000001,Low Value,Automated Campaign,Low-cost automated campaign
16224.0,50,3,865.88,798,63,288.62666666666667,108,54.0,0,0.38499822752556195,0,LOW,10.13888888888889,2926.353703703704,High Value,VIP Loyal,Loyalty program
16225.0,59,4,953.64,451,108,238.41,128,42.0,0,0.2497171919807405,0,LOW,11.40625,2719.3640625,High Value,VIP Loyal,Loyalty program
16226.0,112,3,255.12,192,6,85.04,32,16.0,1,0.5969926308369321,1,MEDIUM,34.21875,2909.9625,High Value,Priority Retain,Priority retention offer
16227.0,134,1,314.22,90,6,314.22,0,0.0,1,0.6956797873564081,1,MEDIUM,1.0,314.22,Low Value,Automated Campaign,Low-cost automated campaign
16229.0,122,1,358.2,92,12,358.2,0,0.0,0,0.6769353105715228,1,MEDIUM,1.0,358.2,Low Value,Automated Campaign,Low-cost automated campaign
16230.0,99,2,542.03,365,32,271.015,30,30.0,1,0.5811631142777807,1,MEDIUM,24.333333333333336,6594.698333333334,High Value,Priority Retain,Priority retention offer
16232.0,52,3,725.04,438,23,241.67999999999998,71,35.0,0,0.48828486707327523,1,MEDIUM,15.422535211267606,3727.318309859155,High Value,Priority Retain,Priority retention offer
16233.0,239,2,326.5,90,9,163.25,36,36.0,0,0.7383601999399702,1,HIGH,20.27777777777778,3310.347222222222,High Value,Priority Retain,Priority retention offer
16235.0,96,3,665.29,251,34,221.76333333333332,145,72.0,0,0.47546894192311023,1,MEDIUM,7.551724137931035,1674.6955172413793,High Value,Priority Retain,Priority retention offer
16239.0,99,1,347.9,182,15,347.9,0,0.0,0,0.6516107899662382,1,MEDIUM,1.0,347.9,Low Value,Automated Campaign,Low-cost automated campaign
16241.0,5,10,1778.43,951,273,177.84300000000002,273,30.0,0,0.015163032841765229,0,LOW,13.369963369963369,2377.7543956043955,High Value,VIP Loyal,Loyalty program
16242.0,74,3,846.59,375,60,282.19666666666666,111,55.0,0,0.4118220261920776,0,MEDIUM,9.864864864864863,2783.8319819819812,High Value,Priority Retain,Priority retention offer
16244.0,121,2,1522.75,855,88,761.375,160,160.0,1,0.5090159497592734,1,MEDIUM,4.5625,3473.7734375,High Value,Priority Retain,Priority retention offer
16245.0,31,2,769.7,430,49,384.85,135,135.0,0,0.5011571942730323,1,MEDIUM,5.407407407407407,2081.040740740741,High Value,Priority Retain,Priority retention offer
16247.0,79,1,114.56,182,16,114.56,0,0.0,1,0.6209519138067282,1,MEDIUM,1.0,114.56,Low Value,Automated Campaign,Low-cost automated campaign
16249.0,22,4,1440.77,762,48,360.1925,126,42.0,0,0.3272346410601574,0,LOW,11.587301587301587,4173.6591269841265,High Value,VIP Loyal,Loyalty program
16250.0,170,2,389.44,208,22,194.72,112,112.0,1,0.6725579171105648,1,MEDIUM,6.517857142857142,1269.1571428571428,Low Value,Automated Campaign,Low-cost automated campaign
16253.0,164,1,1700.4,1340,53,1700.4,0,0.0,0,0.6920594938528191,1,MEDIUM,1.0,1700.4,High Value,Priority Retain,Priority retention offer
16255.0,5,7,2182.79,1461,132,311.82714285714286,269,44.0,0,0.07460682889295074,0,LOW,9.498141263940521,2961.7782527881045,High Value,VIP Loyal,Loyalty program
16256.0,176,1,752.4300000000001,581,13,752.4300000000001,0,0.0,1,0.732666592271731,1,HIGH,1.0,752.4300000000001,Low Value,Automated Campaign,Low-cost automated campaign
16257.0,86,1,46.95,2,2,46.95,0,0.0,1,0.652434188265834,1,MEDIUM,1.0,46.95,Low Value,Automated Campaign,Low-cost automated campaign
16258.0,36,4,3741.06,2345,72,935.265,92,30.0,0,0.287331438434614,0,LOW,15.869565217391303,14842.248913043477,High Value,VIP Loyal,Loyalty program
16261.0,22,2,409.99,194,66,204.995,132,132.0,0,0.4515813117332497,1,MEDIUM,5.53030303030303,1133.6844696969697,Low Value,Automated Campaign,Low-cost automated campaign
16265.0,20,7,4062.02,1871,132,580.2885714285715,254,42.0,0,0.07188243092664225,0,LOW,10.059055118110235,5837.154724409448,High Value,VIP Loyal,Loyalty program
16266.0,25,6,761.12,353,37,126.85333333333334,90,18.0,0,0.30901656847917236,0,LOW,24.333333333333336,3086.764444444445,High Value,VIP Loyal,Loyalty program
16270.0,262,1,1141.24,688,54,1141.24,0,0.0,1,0.7396676787809816,1,HIGH,1.0,1141.24,Low Value,Automated Campaign,Low-cost automated campaign
16271.0,35,3,868.4300000000001,672,51,289.4766666666667,232,116.0,0,0.35134209749384154,0,LOW,4.719827586206896,1366.2799568965515,High Value,VIP Loyal,Loyalty program
16272.0,26,1,411.7,224,25,411.7,0,0.0,1,0.5707963876566317,1,MEDIUM,1.0,411.7,Low Value,Automated Campaign,Low-cost automated campaign
16274.0,282,1,351.75,153,64,351.75,0,0.0,1,0.7033778447124688,1,HIGH,1.0,351.75,Low Value,Automated Campaign,Low-cost automated campaign
16275.0,106,1,559.87,336,33,559.87,0,0.0,1,0.6312321231172301,1,MEDIUM,1.0,559.87,Low Value,Automated Campaign,Low-cost automated campaign
16276.0,86,1,810.6000000000001,420,6,810.6000000000001,0,0.0,1,0.6804689657984173,1,MEDIUM,1.0,810.6000000000001,Low Value,Automated Campaign,Low-cost automated campaign
16278.0,9,1,566.38,114,23,566.38,0,0.0,1,0.5684601063479395,1,MEDIUM,1.0,566.38,Low Value,Automated Campaign,Low-cost automated campaign
16279.0,86,1,359.08000000000004,156,16,359.08000000000004,0,0.0,0,0.6393653923746797,1,MEDIUM,1.0,359.08000000000004,Low Value,Automated Campaign,Low-cost automated campaign
16282.0,249,1,168.3,114,11,168.3,0,0.0,1,0.763210573037846,1,HIGH,1.0,168.3,Low Value,Automated Campaign,Low-cost automated campaign
16283.0,30,3,586.35,441,59,195.45000000000002,87,43.0,0,0.38498543198390406,0,LOW,12.586206896551724,2459.974137931035,High Value,VIP Loyal,Loyalty program
16287.0,79,1,142.5,298,8,142.5,0,0.0,1,0.6384915205172749,1,MEDIUM,1.0,142.5,Low Value,Automated Campaign,Low-cost automated campaign
16292.0,31,1,302.25,191,17,302.25,0,0.0,1,0.5867071164548814,1,MEDIUM,1.0,302.25,Low Value,Automated Campaign,Low-cost automated campaign
16293.0,1,6,1454.3300000000002,643,74,242.38833333333335,275,55.0,0,0.14113481214470672,0,LOW,7.963636363636364,1930.2925454545457,High Value,VIP Loyal,Loyalty program
16297.0,178,1,301.9,206,20,301.9,0,0.0,1,0.7026735132938838,1,HIGH,1.0,301.9,Low Value,Automated Campaign,Low-cost automated campaign
16298.0,96,1,114.3,50,7,114.3,0,0.0,0,0.6539200208871041,1,MEDIUM,1.0,114.3,Low Value,Automated Campaign,Low-cost automated campaign
16302.0,36,1,233.22,158,11,233.22,0,0.0,1,0.6003237491214636,1,MEDIUM,1.0,233.22,Low Value,Automated Campaign,Low-cost automated campaign
16303.0,25,2,4036.33,2025,112,2018.165,217,217.0,0,0.40522587141352645,0,MEDIUM,3.3640552995391704,6789.21866359447,High Value,Priority Retain,Priority retention offer
16305.0,48,1,361.21999999999997,256,22,361.21999999999997,0,0.0,1,0.5939828454602385,1,MEDIUM,1.0,361.21999999999997,Low Value,Automated Campaign,Low-cost automated campaign
16306.0,123,6,632.27,487,36,105.37833333333333,153,30.0,1,0.35032498379863397,0,LOW,14.313725490196079,1508.3565359477125,High Value,VIP Loyal,Loyalty program
16308.0,17,3,1600.0,5000,1,533.3333333333334,153,76.0,0,0.45752544737400347,1,MEDIUM,7.1568627450980395,3816.993464052288,High Value,Priority Retain,Priority retention offer
16309.0,15,2,706.57,467,39,353.285,134,134.0,1,0.5075697829590824,1,MEDIUM,5.447761194029851,1924.612313432836,High Value,Priority Retain,Priority retention offer
16315.0,240,1,226.37,75,14,226.37,0,0.0,1,0.7547617057790448,1,HIGH,1.0,226.37,Low Value,Automated Campaign,Low-cost automated campaign
16316.0,66,7,2212.81,1185,103,316.11571428571426,201,33.0,0,0.13829807515413317,0,LOW,12.711442786069652,4018.2868159203977,High Value,VIP Loyal,Loyalty program
16317.0,29,3,1341.65,890,64,447.2166666666667,177,88.0,1,0.3382744120478391,0,LOW,6.186440677966101,2766.6793785310733,High Value,VIP Loyal,Loyalty program
16319.0,127,1,404.40000000000003,72,3,404.40000000000003,0,0.0,1,0.7000442733387355,1,HIGH,1.0,404.40000000000003,Low Value,Automated Campaign,Low-cost automated campaign
16320.0,81,2,1038.46,732,56,519.23,40,40.0,1,0.5190414249667223,1,MEDIUM,18.25,9475.9475,High Value,Priority Retain,Priority retention offer
16321.0,214,3,223.65,63,5,74.55,18,9.0,0,0.6895278708880115,1,MEDIUM,60.833333333333336,4535.125,High Value,Priority Retain,Priority retention offer
16323.0,105,1,207.50000000000003,50,1,207.50000000000003,0,0.0,1,0.6774922810599243,1,MEDIUM,1.0,207.50000000000003,Low Value,Automated Campaign,Low-cost automated campaign
16324.0,37,3,408.59000000000003,270,100,136.1966666666667,48,24.0,1,0.3238150993067576,0,LOW,22.812500000000004,3106.986458333334,High Value,VIP Loyal,Loyalty program
16325.0,64,2,416.02000000000004,120,11,208.01000000000002,90,90.0,0,0.6031430074591284,1,MEDIUM,8.11111111111111,1687.1922222222222,High Value,Priority Retain,Priority retention offer
16326.0,6,8,1524.67,317,92,190.58375,238,34.0,0,0.10415643253946902,0,LOW,12.268907563025211,2338.254411764706,High Value,VIP Loyal,Loyalty program
16327.0,108,4,2469.64,1618,119,617.41,170,56.0,0,0.234071176559319,0,LOW,8.588235294117647,5302.462352941176,High Value,VIP Loyal,Loyalty program
16330.0,21,2,48.96,23,17,24.48,0,0.0,0,0.5341693017949346,1,MEDIUM,2.0,48.96,Low Value,Automated Campaign,Low-cost automated campaign
16332.0,39,3,651.77,269,43,217.25666666666666,174,87.0,0,0.39426453451588084,0,LOW,6.293103448275862,1367.2186781609196,High Value,VIP Loyal,Loyalty program
16333.0,8,18,15619.6,24352,8,867.7555555555556,210,12.0,0,0.01322252394554125,0,LOW,31.28571428571429,27148.352380952383,High Value,VIP Loyal,Loyalty program
16338.0,66,1,214.79999999999998,94,11,214.79999999999998,0,0.0,1,0.625506897387566,1,MEDIUM,1.0,214.79999999999998,Low Value,Automated Campaign,Low-cost automated campaign
16339.0,193,1,94.05,21,17,94.05,0,0.0,1,0.710556013062562,1,HIGH,1.0,94.05,Low Value,Automated Campaign,Low-cost automated campaign
16340.0,16,1,534.31,486,124,534.31,0,0.0,1,0.35443286495155263,0,LOW,1.0,534.31,Low Value,Normal Marketing,Normal marketing
16341.0,110,1,797.65,534,29,797.65,0,0.0,0,0.6540351506038586,1,MEDIUM,1.0,797.65,Low Value,Automated Campaign,Low-cost automated campaign
16342.0,17,3,283.71,145,10,94.57,71,35.0,0,0.486794083015763,1,MEDIUM,15.422535211267606,1458.5091549295773,High Value,Priority Retain,Priority retention offer
16344.0,67,1,101.10000000000001,18,1,101.10000000000001,0,0.0,1,0.6412599186362493,1,MEDIUM,1.0,101.10000000000001,Low Value,Automated Campaign,Low-cost automated campaign
16348.0,37,4,738.29,400,116,184.5725,111,37.0,0,0.2315128147289428,0,LOW,13.153153153153152,2427.71036036036,High Value,VIP Loyal,Loyalty program
16349.0,200,1,53.5,9,9,53.5,0,0.0,1,0.7281787720899794,1,HIGH,1.0,53.5,Low Value,Automated Campaign,Low-cost automated campaign
16350.0,243,1,376.7,196,22,376.7,0,0.0,0,0.7495089434439167,1,HIGH,1.0,376.7,Low Value,Automated Campaign,Low-cost automated campaign
16351.0,242,1,153.9,90,8,153.9,0,0.0,1,0.7628524698809481,1,HIGH,1.0,153.9,Low Value,Automated Campaign,Low-cost automated campaign
16353.0,1,14,3467.81,1260,46,247.70071428571427,278,21.0,0,0.05237078691804982,0,LOW,18.38129496402878,4553.059892086331,High Value,VIP Loyal,Loyalty program
16356.0,107,3,211.77,93,20,70.59,79,39.0,1,0.543882592532367,1,MEDIUM,13.860759493670885,978.4310126582278,Low Value,Automated Campaign,Low-cost automated campaign
16357.0,71,2,257.95,55,9,128.975,51,51.0,0,0.6060795806902519,1,MEDIUM,14.313725490196077,1846.1127450980389,High Value,Priority Retain,Priority retention offer
16358.0,93,1,462.15000000000003,221,22,462.15000000000003,0,0.0,0,0.6380693668078105,1,MEDIUM,1.0,462.15000000000003,Low Value,Automated Campaign,Low-cost automated campaign
16359.0,4,7,1411.23,876,38,201.6042857142857,237,39.0,0,0.1778597626832327,0,LOW,10.780590717299578,2173.4132911392403,High Value,VIP Loyal,Loyalty program
16362.0,0,3,360.65,145,34,120.21666666666665,0,0.0,0,0.44723172062123645,0,MEDIUM,3.0,360.65,Low Value,Automated Campaign,Low-cost automated campaign
16364.0,46,1,346.3,114,28,346.3,0,0.0,0,0.5789988594303737,1,MEDIUM,1.0,346.3,Low Value,Automated Campaign,Low-cost automated campaign
16365.0,32,7,862.56,325,34,123.22285714285714,243,40.0,0,0.20338262913612826,0,LOW,10.51440329218107,1295.6148148148147,Low Value,Normal Marketing,Normal marketing
16367.0,272,1,167.09,87,33,167.09,0,0.0,0,0.7427971440809435,1,HIGH,1.0,167.09,Low Value,Automated Campaign,Low-cost automated campaign
16369.0,106,1,354.45,199,15,354.45,0,0.0,0,0.6576640186052747,1,MEDIUM,1.0,354.45,Low Value,Automated Campaign,Low-cost automated campaign
16370.0,26,3,944.49,519,133,314.83,107,53.0,0,0.23673524375352784,0,LOW,10.233644859813083,3221.858411214953,High Value,VIP Loyal,Loyalty program
16374.0,171,1,154.2,51,26,154.2,0,0.0,0,0.6794602860954562,1,MEDIUM,1.0,154.2,Low Value,Automated Campaign,Low-cost automated campaign
16377.0,176,1,676.2,1500,5,676.2,0,0.0,1,0.7411073782156637,1,HIGH,1.0,676.2,Low Value,Automated Campaign,Low-cost automated campaign
16378.0,156,3,362.95,267,22,120.98333333333333,63,31.0,1,0.5888661472140314,1,MEDIUM,17.38095238095238,2102.805555555555,High Value,Priority Retain,Priority retention offer
16383.0,177,1,309.46,298,48,309.46,0,0.0,0,0.6480345794175979,1,MEDIUM,1.0,309.46,Low Value,Automated Campaign,Low-cost automated campaign
16384.0,173,1,409.1,200,24,409.1,0,0.0,0,0.6963492216352184,1,MEDIUM,1.0,409.1,Low Value,Automated Campaign,Low-cost automated campaign
16385.0,67,2,273.82,152,36,136.91,208,208.0,0,0.5683234306277084,1,MEDIUM,3.5096153846153846,480.5014423076923,Low Value,Automated Campaign,Low-cost automated campaign
16386.0,163,1,61.10000000000001,26,4,61.10000000000001,0,0.0,0,0.7101060857634608,1,HIGH,1.0,61.10000000000001,Low Value,Automated Campaign,Low-cost automated campaign
16387.0,232,1,94.36,44,4,94.36,0,0.0,1,0.7603668978028361,1,HIGH,1.0,94.36,Low Value,Automated Campaign,Low-cost automated campaign
16389.0,114,2,670.17,307,16,335.085,77,77.0,0,0.6362134511162142,1,MEDIUM,9.480519480519481,3176.7798701298702,High Value,Priority Retain,Priority retention offer
16392.0,179,1,217.89,201,41,217.89,0,0.0,1,0.6593805399788232,1,MEDIUM,1.0,217.89,Low Value,Automated Campaign,Low-cost automated campaign
16393.0,3,9,1761.97,1013,96,195.77444444444444,274,34.0,0,0.07689897593181762,0,LOW,11.989051094890511,2347.1498175182483,High Value,VIP Loyal,Loyalty program
16394.0,80,3,933.1,1404,49,311.03333333333336,118,59.0,0,0.43562536784640316,0,MEDIUM,9.279661016949152,2886.2838983050847,High Value,Priority Retain,Priority retention offer
16395.0,77,3,964.3,896,87,321.43333333333334,162,81.0,0,0.3387042360166016,0,LOW,6.7592592592592595,2172.651234567901,High Value,VIP Loyal,Loyalty program
16398.0,63,2,1705.8,758,75,852.9,99,99.0,1,0.47779374912903433,1,MEDIUM,7.373737373737374,6289.060606060606,High Value,Priority Retain,Priority retention offer
16399.0,144,1,178.41,159,31,178.41,0,0.0,0,0.6485771208083233,1,MEDIUM,1.0,178.41,Low Value,Automated Campaign,Low-cost automated campaign
16400.0,4,1,303.93,172,28,303.93,0,0.0,1,0.5388094154611341,1,MEDIUM,1.0,303.93,Low Value,Automated Campaign,Low-cost automated campaign
16401.0,41,7,2455.42,2320,52,350.7742857142857,196,32.0,0,0.18428232807239006,0,LOW,13.035714285714285,4572.593367346939,High Value,VIP Loyal,Loyalty program
16402.0,174,2,293.45,146,55,146.725,104,104.0,1,0.6070449355808303,1,MEDIUM,7.019230769230769,1029.8966346153845,Low Value,Automated Campaign,Low-cost automated campaign
16403.0,221,1,177.5,114,10,177.5,0,0.0,1,0.7463061378162466,1,HIGH,1.0,177.5,Low Value,Automated Campaign,Low-cost automated campaign
16405.0,211,2,167.25,187,3,83.625,7,7.0,1,0.7234348995377478,1,HIGH,104.28571428571428,8720.892857142857,High Value,Priority Retain,Priority retention offer
16407.0,19,8,1482.37,746,76,185.29625,201,28.0,0,0.1357567017320459,0,LOW,14.527363184079602,2691.8659203980096,High Value,VIP Loyal,Loyalty program
16409.0,59,3,1033.3700000000001,675,106,344.4566666666667,167,83.0,0,0.2869223160338736,0,LOW,6.5568862275449105,2258.563173652695,High Value,VIP Loyal,Loyalty program
16411.0,278,1,128.55,69,19,128.55,0,0.0,0,0.7680931253643196,1,HIGH,1.0,128.55,Low Value,Automated Campaign,Low-cost automated campaign
16414.0,189,1,50.8,16,3,50.8,0,0.0,0,0.7305560073462227,1,HIGH,1.0,50.8,Low Value,Automated Campaign,Low-cost automated campaign
16418.0,2,2,368.36,174,44,184.18,133,133.0,0,0.4813499855141777,1,MEDIUM,5.488721804511278,1010.9127819548872,Low Value,Automated Campaign,Low-cost automated campaign
16419.0,22,6,958.71,428,36,159.785,199,39.0,1,0.24199470887790056,0,LOW,11.00502512562814,1758.4379396984923,High Value,VIP Loyal,Loyalty program
16422.0,9,39,29117.7,27606,68,746.6076923076923,269,7.0,0,9.75567514223533e-05,0,LOW,52.9182156133829,39509.1468401487,High Value,VIP Loyal,Loyalty program
16424.0,100,1,133.56,88,5,133.56,0,0.0,1,0.6620150179988503,1,MEDIUM,1.0,133.56,Low Value,Automated Campaign,Low-cost automated campaign
16425.0,211,1,302.7,199,21,302.7,0,0.0,1,0.725500854517505,1,HIGH,1.0,302.7,Low Value,Automated Campaign,Low-cost automated campaign
16426.0,2,4,689.83,414,64,172.4575,183,61.0,0,0.2620638795493601,0,LOW,7.978142076502731,1375.89043715847,High Value,VIP Loyal,Loyalty program
16427.0,172,2,241.06,156,8,120.53,21,21.0,1,0.6873446694610394,1,MEDIUM,34.76190476190476,4189.85238095238,High Value,Priority Retain,Priority retention offer
16429.0,15,1,284.55,9,2,284.55,0,0.0,1,0.6040336974310903,1,MEDIUM,1.0,284.55,Low Value,Automated Campaign,Low-cost automated campaign
16431.0,122,3,623.28,442,51,207.76,84,42.0,1,0.48608738601625795,1,MEDIUM,13.035714285714286,2708.3,High Value,Priority Retain,Priority retention offer
16434.0,5,4,898.84,442,49,224.71,203,67.0,0,0.2789341237747461,0,LOW,7.192118226600985,1616.1408866995073,High Value,VIP Loyal,Loyalty program
16440.0,124,1,272.46,115,35,272.46,0,0.0,0,0.628442002297155,1,MEDIUM,1.0,272.46,Low Value,Automated Campaign,Low-cost automated campaign
16441.0,200,1,211.0,110,12,211.0,0,0.0,0,0.7295028041637635,1,HIGH,1.0,211.0,Low Value,Automated Campaign,Low-cost automated campaign
16442.0,137,2,432.43,352,99,216.215,133,133.0,0,0.48365037595565347,1,MEDIUM,5.488721804511278,1186.743984962406,Low Value,Automated Campaign,Low-cost automated campaign
16444.0,4,3,541.4,337,58,180.46666666666667,169,84.0,0,0.33553037614755676,0,LOW,6.479289940828402,1169.2958579881656,Low Value,Normal Marketing,Normal marketing
16446.0,115,1,2.9,2,2,2.9,0,0.0,0,0.6739240718556938,1,MEDIUM,1.0,2.9,Low Value,Automated Campaign,Low-cost automated campaign
16447.0,45,1,255.91,221,34,255.91,0,0.0,1,0.560035434991116,1,MEDIUM,1.0,255.91,Low Value,Automated Campaign,Low-cost automated campaign
16448.0,107,1,182.99,76,19,182.99,0,0.0,1,0.6423110810208502,1,MEDIUM,1.0,182.99,Low Value,Automated Campaign,Low-cost automated campaign
16449.0,107,2,707.69,367,40,353.845,82,82.0,1,0.5808452888215759,1,MEDIUM,8.902439024390244,3150.083536585366,High Value,Priority Retain,Priority retention offer
16450.0,59,1,311.92,200,11,311.92,0,0.0,1,0.6241921564942701,1,MEDIUM,1.0,311.92,Low Value,Automated Campaign,Low-cost automated campaign
16455.0,4,6,1323.3799999999999,756,48,220.5633333333333,276,55.0,0,0.1732969393127798,0,LOW,7.934782608695652,1750.122101449275,High Value,VIP Loyal,Loyalty program
16456.0,8,5,2158.18,1147,80,431.63599999999997,273,68.0,1,0.157078125225749,0,LOW,6.684981684981684,2885.478754578754,High Value,VIP Loyal,Loyalty program
16457.0,127,1,208.36,140,9,208.36,0,0.0,1,0.6794524668317793,1,MEDIUM,1.0,208.36,Low Value,Automated Campaign,Low-cost automated campaign
16458.0,15,11,2151.5,1360,43,195.5909090909091,254,25.0,0,0.09788462273321896,0,LOW,15.807086614173228,3091.722440944882,High Value,VIP Loyal,Loyalty program
16461.0,87,1,142.92,48,31,142.92,0,0.0,1,0.5982896775289415,1,MEDIUM,1.0,142.92,Low Value,Automated Campaign,Low-cost automated campaign
16462.0,95,2,68.0,8,1,34.0,98,98.0,0,0.6477965576361602,1,MEDIUM,7.448979591836735,253.26530612244898,Low Value,Automated Campaign,Low-cost automated campaign
16463.0,113,1,319.37,179,19,319.37,0,0.0,0,0.6538050082170793,1,MEDIUM,1.0,319.37,Low Value,Automated Campaign,Low-cost automated campaign
16464.0,51,1,380.33,310,88,380.33,0,0.0,0,0.453547622088181,1,MEDIUM,1.0,380.33,Low Value,Automated Campaign,Low-cost automated campaign
16466.0,12,5,999.63,529,68,199.926,189,47.0,0,0.22031022842716885,0,LOW,9.656084656084657,1930.502380952381,High Value,VIP Loyal,Loyalty program
16469.0,155,2,268.3,111,52,134.15,0,0.0,0,0.5810343810207121,1,MEDIUM,2.0,268.3,Low Value,Automated Campaign,Low-cost automated campaign
16470.0,25,3,539.13,358,83,179.71,242,121.0,0,0.28071978298333106,0,LOW,4.524793388429751,813.1506198347106,Low Value,Normal Marketing,Normal marketing
16471.0,184,1,223.95000000000002,141,13,223.95000000000002,0,0.0,1,0.7165439777397482,1,HIGH,1.0,223.95000000000002,Low Value,Automated Campaign,Low-cost automated campaign
16473.0,74,3,316.11,196,18,105.37,171,85.0,1,0.48122238647909743,1,MEDIUM,6.4035087719298245,674.7377192982457,Low Value,Automated Campaign,Low-cost automated campaign
16474.0,54,1,341.35,193,82,341.35,0,0.0,0,0.4676159566777339,1,MEDIUM,1.0,341.35,Low Value,Automated Campaign,Low-cost automated campaign
16475.0,53,3,459.3,318,22,153.1,130,65.0,0,0.4694706450390111,1,MEDIUM,8.423076923076923,1289.573076923077,Low Value,Automated Campaign,Low-cost automated campaign
16477.0,41,6,1999.26,1099,96,333.21,239,47.0,0,0.14268055682140862,0,LOW,9.163179916317992,3053.2631799163178,High Value,VIP Loyal,Loyalty program
16483.0,101,1,139.35,44,19,139.35,0,0.0,1,0.635152243380045,1,MEDIUM,1.0,139.35,Low Value,Automated Campaign,Low-cost automated campaign
16484.0,83,2,404.3,200,25,202.15,17,17.0,1,0.578858947694005,1,MEDIUM,42.94117647058823,8680.55882352941,High Value,Priority Retain,Priority retention offer
16488.0,24,2,354.57,619,22,177.285,33,33.0,0,0.532959059778578,1,MEDIUM,22.12121212121212,3921.759090909091,High Value,Priority Retain,Priority retention offer
16493.0,82,3,782.29,706,25,260.7633333333333,156,78.0,0,0.4771505385876176,1,MEDIUM,7.019230769230769,1830.3580128205126,High Value,Priority Retain,Priority retention offer
16494.0,206,1,826.53,675,47,826.53,0,0.0,1,0.6970436638189558,1,MEDIUM,1.0,826.53,Low Value,Automated Campaign,Low-cost automated campaign
16495.0,185,2,246.51,166,32,123.255,0,0.0,0,0.6481632035481596,1,MEDIUM,2.0,246.51,Low Value,Automated Campaign,Low-cost automated campaign
16496.0,117,2,1185.04,784,71,592.52,109,109.0,0,0.5310665320989446,1,MEDIUM,6.697247706422019,3968.2532110091743,High Value,Priority Retain,Priority retention offer
16497.0,112,5,1550.7,789,82,310.14,130,32.0,0,0.28960189923839114,0,LOW,14.03846153846154,4353.888461538462,High Value,VIP Loyal,Loyalty program
16498.0,70,2,100.97,45,15,50.485,0,0.0,1,0.5831029436547358,1,MEDIUM,2.0,100.97,Low Value,Automated Campaign,Low-cost automated campaign
16499.0,269,2,365.45,127,18,182.725,4,4.0,1,0.7406500518870875,1,HIGH,182.5,33347.3125,High Value,Priority Retain,Priority retention offer
16500.0,240,1,165.0,1,1,165.0,0,0.0,0,0.7731446245753072,1,HIGH,1.0,165.0,Low Value,Automated Campaign,Low-cost automated campaign
16503.0,16,4,1431.93,569,71,357.9825,253,84.0,1,0.22453082964813378,0,LOW,5.770750988142292,2065.827865612648,High Value,VIP Loyal,Loyalty program
16509.0,206,1,363.7,64,13,363.7,0,0.0,1,0.7386412437064467,1,HIGH,1.0,363.7,Low Value,Automated Campaign,Low-cost automated campaign
16510.0,281,1,248.1,92,13,248.1,0,0.0,1,0.7836578801345067,1,HIGH,1.0,248.1,Low Value,Automated Campaign,Low-cost automated campaign
16511.0,54,2,565.7,267,83,282.85,121,121.0,0,0.4433841911733504,0,MEDIUM,6.033057851239669,1706.4504132231407,High Value,Priority Retain,Priority retention offer
16515.0,1,4,1247.3600000000001,688,79,311.84000000000003,219,73.0,0,0.21779140549926396,0,LOW,6.666666666666667,2078.933333333334,High Value,VIP Loyal,Loyalty program
16517.0,186,1,162.7,96,17,162.7,0,0.0,1,0.7081949564935394,1,HIGH,1.0,162.7,Low Value,Automated Campaign,Low-cost automated campaign
16518.0,193,1,190.7,124,11,190.7,0,0.0,0,0.7252779257280876,1,HIGH,1.0,190.7,Low Value,Automated Campaign,Low-cost automated campaign
16519.0,274,1,103.7,24,5,103.7,0,0.0,0,0.7860682926934082,1,HIGH,1.0,103.7,Low Value,Automated Campaign,Low-cost automated campaign
16520.0,95,3,1046.57,558,129,348.8566666666666,179,89.0,1,0.2690445458625946,0,LOW,6.11731843575419,2134.067318435754,High Value,VIP Loyal,Loyalty program
16523.0,5,13,5245.95,2325,88,403.5346153846154,219,18.0,0,0.04306660352624514,0,LOW,21.666666666666668,8743.25,High Value,VIP Loyal,Loyalty program
16525.0,8,21,10372.35,5825,67,493.9214285714286,267,13.0,0,0.009303011896650731,0,LOW,28.707865168539325,14179.429775280898,High Value,VIP Loyal,Loyalty program
16526.0,81,1,290.36,106,15,290.36,0,0.0,1,0.6338547778480241,1,MEDIUM,1.0,290.36,Low Value,Automated Campaign,Low-cost automated campaign
16529.0,99,1,455.25,198,30,455.25,0,0.0,1,0.6264891421017953,1,MEDIUM,1.0,455.25,Low Value,Automated Campaign,Low-cost automated campaign
16531.0,36,4,684.53,567,41,171.1325,233,77.0,0,0.3037790821041344,0,LOW,6.266094420600858,1072.3324034334762,Low Value,Normal Marketing,Normal marketing
16532.0,45,2,4516.8,1536,2,2258.4,202,202.0,0,0.6631178159493328,1,MEDIUM,3.6138613861386144,8161.544554455447,High Value,Priority Retain,Priority retention offer
16536.0,19,1,548.12,250,49,548.12,0,0.0,1,0.5193803453192722,1,MEDIUM,1.0,548.12,Low Value,Automated Campaign,Low-cost automated campaign
16539.0,129,3,1053.61,421,34,351.2033333333333,153,76.0,0,0.5010262341896943,1,MEDIUM,7.1568627450980395,2513.5140522875818,High Value,Priority Retain,Priority retention offer
16545.0,74,1,339.3,78,3,339.3,0,0.0,1,0.6547307480218207,1,MEDIUM,1.0,339.3,Low Value,Automated Campaign,Low-cost automated campaign
16546.0,200,2,787.15,549,25,393.575,81,81.0,1,0.6897199647549047,1,MEDIUM,9.012345679012345,3547.0339506172836,High Value,Priority Retain,Priority retention offer
16549.0,33,2,780.36,513,131,390.18,210,210.0,0,0.3397441362443809,0,LOW,3.4761904761904763,1356.3400000000001,Low Value,Normal Marketing,Normal marketing
16550.0,18,5,2298.97,1540,162,459.794,259,64.0,1,0.08766992731663589,0,LOW,7.046332046332046,3239.8611969111967,High Value,VIP Loyal,Loyalty program
16551.0,5,3,922.12,970,26,307.37333333333333,240,120.0,1,0.3730936026634876,0,LOW,4.5625,1402.3908333333334,High Value,VIP Loyal,Loyalty program
16552.0,152,2,379.73,219,17,189.865,130,130.0,1,0.6701047914708733,1,MEDIUM,5.615384615384616,1066.1650000000002,Low Value,Automated Campaign,Low-cost automated campaign
16553.0,72,12,5719.82,4600,62,476.65166666666664,197,17.0,1,0.07644921398025611,0,LOW,22.233502538071065,10597.636040609135,High Value,VIP Loyal,Loyalty program
16554.0,131,2,314.11,129,21,157.055,109,109.0,0,0.6414656328878791,1,MEDIUM,6.697247706422019,1051.8362385321102,Low Value,Automated Campaign,Low-cost automated campaign
16555.0,19,1,151.98,90,9,151.98,0,0.0,0,0.585524840480129,1,MEDIUM,1.0,151.98,Low Value,Automated Campaign,Low-cost automated campaign
16556.0,15,6,2556.37,1342,111,426.06166666666667,254,50.0,0,0.10879223835851402,0,LOW,8.622047244094487,3673.5238188976373,High Value,VIP Loyal,Loyalty program
16557.0,46,1,101.15,13,6,101.15,0,0.0,0,0.6130719140344326,1,MEDIUM,1.0,101.15,Low Value,Automated Campaign,Low-cost automated campaign
16558.0,1,14,4685.17,3252,171,334.65500000000003,274,21.0,0,0.015938344076302773,0,LOW,18.64963503649635,6241.1936131386865,High Value,VIP Loyal,Loyalty program
16560.0,267,1,332.18,173,21,332.18,0,0.0,0,0.7654771892592542,1,HIGH,1.0,332.18,Low Value,Automated Campaign,Low-cost automated campaign
16565.0,273,1,173.7,46,3,173.7,0,0.0,1,0.7908954935272334,1,HIGH,1.0,173.7,Low Value,Automated Campaign,Low-cost automated campaign
16566.0,79,3,463.88,216,9,154.62666666666667,122,61.0,0,0.5252082593321217,1,MEDIUM,8.975409836065573,1387.8377049180326,High Value,Priority Retain,Priority retention offer
16567.0,103,2,865.6,996,34,432.8,142,142.0,1,0.5991612872296156,1,MEDIUM,5.140845070422535,2224.957746478873,High Value,Priority Retain,Priority retention offer
16570.0,36,6,2134.07,1427,52,355.67833333333334,184,36.0,0,0.2181994099885274,0,LOW,11.902173913043477,4233.345380434782,High Value,VIP Loyal,Loyalty program
16571.0,85,2,896.79,891,54,448.395,105,105.0,0,0.5349380281350773,1,MEDIUM,6.9523809523809526,3117.4128571428573,High Value,Priority Retain,Priority retention offer
16572.0,36,3,1009.6,532,40,336.53333333333336,148,74.0,1,0.4064233706245932,0,MEDIUM,7.398648648648648,2489.891891891892,High Value,Priority Retain,Priority retention offer
16573.0,199,1,292.63,111,16,292.63,0,0.0,0,0.7253122267182444,1,HIGH,1.0,292.63,Low Value,Automated Campaign,Low-cost automated campaign
16581.0,92,1,105.84,134,9,105.84,0,0.0,1,0.6459582135103396,1,MEDIUM,1.0,105.84,Low Value,Automated Campaign,Low-cost automated campaign
16582.0,22,1,313.62,164,6,313.62,0,0.0,1,0.6028108143940019,1,MEDIUM,1.0,313.62,Low Value,Automated Campaign,Low-cost automated campaign
16583.0,283,1,233.45,111,14,233.45,0,0.0,1,0.7828242012204241,1,HIGH,1.0,233.45,Low Value,Automated Campaign,Low-cost automated campaign
16584.0,163,1,611.94,488,14,611.94,0,0.0,0,0.7155392660767113,1,HIGH,1.0,611.94,Low Value,Automated Campaign,Low-cost automated campaign
16586.0,158,1,463.95,95,8,463.95,0,0.0,1,0.7169282027054644,1,HIGH,1.0,463.95,Low Value,Automated Campaign,Low-cost automated campaign
16587.0,141,1,225.15,71,13,225.15,0,0.0,1,0.6838532763760491,1,MEDIUM,1.0,225.15,Low Value,Automated Campaign,Low-cost automated campaign
16589.0,16,2,214.68,156,13,107.34,54,54.0,0,0.5482506747194932,1,MEDIUM,13.518518518518519,1451.0777777777778,High Value,Priority Retain,Priority retention offer
16592.0,46,10,2214.33,1785,102,221.433,151,16.0,0,0.10299401067737421,0,LOW,24.172185430463575,5352.519536423841,High Value,VIP Loyal,Loyalty program
16593.0,99,2,255.5,85,20,127.75,138,138.0,0,0.6199595699770805,1,MEDIUM,5.2898550724637685,675.7789855072464,Low Value,Automated Campaign,Low-cost automated campaign
16596.0,275,1,120.65,47,6,120.65,0,0.0,0,0.785777096020055,1,HIGH,1.0,120.65,Low Value,Automated Campaign,Low-cost automated campaign
16598.0,195,1,145.04999999999998,73,10,145.04999999999998,0,0.0,1,0.7266206698746858,1,HIGH,1.0,145.04999999999998,Low Value,Automated Campaign,Low-cost automated campaign
16600.0,162,2,237.46,368,18,118.73,85,85.0,0,0.6682120043759936,1,MEDIUM,8.588235294117647,1019.6811764705882,Low Value,Automated Campaign,Low-cost automated campaign
16603.0,0,1,296.62,363,23,296.62,0,0.0,0,0.5451898758272314,1,MEDIUM,1.0,296.62,Low Value,Automated Campaign,Low-cost automated campaign
16607.0,37,10,2267.58,2070,94,226.75799999999998,230,25.0,0,0.08356521507282526,0,LOW,15.869565217391305,3598.550869565217,High Value,VIP Loyal,Loyalty program
16609.0,44,5,2710.04,1245,103,542.008,117,29.0,0,0.20387135094022393,0,LOW,15.598290598290598,8454.39829059829,High Value,VIP Loyal,Loyalty program
16610.0,128,1,75.66,66,6,75.66,0,0.0,1,0.6798965576054706,1,MEDIUM,1.0,75.66,Low Value,Automated Campaign,Low-cost automated campaign
16611.0,95,1,129.49,47,9,129.49,0,0.0,1,0.6498521062030779,1,MEDIUM,1.0,129.49,Low Value,Automated Campaign,Low-cost automated campaign
16612.0,28,3,870.3000000000001,394,42,290.1,192,96.0,0,0.37925260689211054,0,LOW,5.703125000000001,1654.4765625000005,High Value,VIP Loyal,Loyalty program
16614.0,92,1,506.19,223,26,506.19,0,0.0,1,0.6312708040126046,1,MEDIUM,1.0,506.19,Low Value,Automated Campaign,Low-cost automated campaign
16616.0,66,1,210.10000000000002,110,11,210.10000000000002,0,0.0,0,0.6252252042030757,1,MEDIUM,1.0,210.10000000000002,Low Value,Automated Campaign,Low-cost automated campaign
16617.0,145,1,151.85,91,5,151.85,0,0.0,1,0.6985543289479027,1,MEDIUM,1.0,151.85,Low Value,Automated Campaign,Low-cost automated campaign
16618.0,120,4,1441.29,771,44,360.3225,111,37.0,0,0.42723080302342137,0,MEDIUM,13.153153153153152,4739.377027027026,High Value,Priority Retain,Priority retention offer
16619.0,173,1,226.21,133,14,226.21,0,0.0,1,0.7066192948520823,1,HIGH,1.0,226.21,Low Value,Automated Campaign,Low-cost automated campaign
16620.0,170,1,95.75999999999999,48,5,95.75999999999999,0,0.0,0,0.715026671911494,1,HIGH,1.0,95.75999999999999,Low Value,Automated Campaign,Low-cost automated campaign
16621.0,57,3,609.41,187,17,203.13666666666666,130,65.0,0,0.48412931576546603,1,MEDIUM,8.423076923076923,1711.0357692307691,High Value,Priority Retain,Priority retention offer
16623.0,155,1,129.45,39,5,129.45,0,0.0,1,0.7052911989890486,1,HIGH,1.0,129.45,Low Value,Automated Campaign,Low-cost automated campaign
16624.0,106,1,426.43,196,21,426.43,0,0.0,0,0.6492506132695572,1,MEDIUM,1.0,426.43,Low Value,Automated Campaign,Low-cost automated campaign
16625.0,184,1,333.08,164,23,333.08,0,0.0,1,0.7032423824797014,1,HIGH,1.0,333.08,Low Value,Automated Campaign,Low-cost automated campaign
16626.0,22,7,2165.34,1108,74,309.3342857142857,153,25.0,0,0.17032245387615025,0,LOW,16.69934640522876,5165.6803921568635,High Value,VIP Loyal,Loyalty program
16628.0,16,4,1619.8400000000001,844,64,404.96000000000004,128,42.0,0,0.28931444210313595,0,LOW,11.40625,4619.075000000001,High Value,VIP Loyal,Loyalty program
16629.0,5,1,227.68,212,46,227.68,0,0.0,0,0.4959071069502653,1,MEDIUM,1.0,227.68,Low Value,Automated Campaign,Low-cost automated campaign
16633.0,23,3,1168.26,463,51,389.42,119,59.0,0,0.3822909378167866,0,LOW,9.201680672268909,3583.3184873949585,High Value,VIP Loyal,Loyalty program
16634.0,132,2,217.9,82,9,108.95,149,149.0,1,0.6707757933735736,1,MEDIUM,4.899328859060403,533.781879194631,Low Value,Automated Campaign,Low-cost automated campaign
16637.0,33,2,530.55,351,29,265.275,102,102.0,0,0.5392190912473535,1,MEDIUM,7.156862745098039,1898.536764705882,High Value,Priority Retain,Priority retention offer
16638.0,8,9,1550.94,1199,85,172.32666666666668,269,33.0,0,0.08787755401464982,0,LOW,12.211895910780669,2104.4353159851303,High Value,VIP Loyal,Loyalty program
16639.0,116,2,471.15000000000003,159,19,235.57500000000002,29,29.0,0,0.6230225505552781,1,MEDIUM,25.172413793103445,5929.991379310344,High Value,Priority Retain,Priority retention offer
16641.0,15,1,231.10000000000002,256,12,231.10000000000002,0,0.0,1,0.5792803839132292,1,MEDIUM,1.0,231.10000000000002,Low Value,Automated Campaign,Low-cost automated campaign
16642.0,117,1,307.73,131,15,307.73,0,0.0,0,0.664550663015091,1,MEDIUM,1.0,307.73,Low Value,Automated Campaign,Low-cost automated campaign
16643.0,155,1,487.51,269,27,487.51,0,0.0,1,0.6800828589448876,1,MEDIUM,1.0,487.51,Low Value,Automated Campaign,Low-cost automated campaign
16644.0,87,2,833.78,826,62,416.89,34,34.0,1,0.5076820249526034,1,MEDIUM,21.470588235294116,8950.873529411763,High Value,Priority Retain,Priority retention offer
16647.0,79,2,214.06,146,12,107.03,35,35.0,1,0.6036362123785973,1,MEDIUM,20.857142857142858,2232.34,High Value,Priority Retain,Priority retention offer
16652.0,19,5,4525.87,2077,53,905.174,163,40.0,0,0.22321629531558115,0,LOW,11.196319018404909,10134.616871165645,High Value,VIP Loyal,Loyalty program
16654.0,50,4,601.27,282,29,150.3175,227,75.0,1,0.34246349826226913,0,LOW,6.431718061674009,966.7997797356828,Low Value,Normal Marketing,Normal marketing
16655.0,40,3,1867.19,1033,125,622.3966666666666,200,100.0,0,0.22991764768953094,0,LOW,5.4750000000000005,3407.6217500000002,High Value,VIP Loyal,Loyalty program
16656.0,5,11,7116.68,7142,13,646.9709090909091,268,26.0,0,0.07174218679318664,0,LOW,14.98134328358209,9692.493283582091,High Value,VIP Loyal,Loyalty program
16657.0,58,2,414.79,597,111,207.395,105,105.0,0,0.382196230066628,0,LOW,6.9523809523809526,1441.8890476190477,High Value,VIP Loyal,Loyalty program
16658.0,277,1,123.24,40,8,123.24,0,0.0,1,0.7841438986120579,1,HIGH,1.0,123.24,Low Value,Automated Campaign,Low-cost automated campaign
16659.0,98,1,39.12,72,2,39.12,0,0.0,1,0.6617382081127373,1,MEDIUM,1.0,39.12,Low Value,Automated Campaign,Low-cost automated campaign
16660.0,120,2,384.36,228,5,192.18,108,108.0,0,0.664660762736991,1,MEDIUM,6.7592592592592595,1298.9944444444445,Low Value,Automated Campaign,Low-cost automated campaign
16665.0,271,1,135.39999999999998,59,9,135.39999999999998,0,0.0,1,0.7793206735476292,1,HIGH,1.0,135.39999999999998,Low Value,Automated Campaign,Low-cost automated campaign
16667.0,193,1,200.4,77,20,200.4,0,0.0,0,0.7097491311707971,1,HIGH,1.0,200.4,Low Value,Automated Campaign,Low-cost automated campaign
16668.0,26,5,266.52,258,9,53.303999999999995,167,41.0,0,0.35587976147163697,0,LOW,10.92814371257485,582.5137724550897,Low Value,Normal Marketing,Normal marketing
16670.0,15,8,3239.9700000000003,2152,150,404.99625000000003,252,36.0,0,0.05564291545800945,0,LOW,11.587301587301587,4692.8136904761905,High Value,VIP Loyal,Loyalty program
16671.0,74,1,1382.88,656,3,1382.88,0,0.0,0,0.7027420821114891,1,HIGH,1.0,1382.88,High Value,Priority Retain,Priority retention offer
16672.0,8,17,6911.84,2474,22,406.57882352941175,167,10.0,0,0.046856496280003115,0,LOW,37.15568862275449,15106.71616766467,High Value,VIP Loyal,Loyalty program
16674.0,7,1,115.1,61,33,115.1,0,0.0,0,0.5206469264961888,1,MEDIUM,1.0,115.1,Low Value,Automated Campaign,Low-cost automated campaign
16676.0,122,3,1098.5,412,58,366.1666666666667,124,62.0,0,0.45392838006598063,1,MEDIUM,8.830645161290322,3233.4879032258063,High Value,Priority Retain,Priority retention offer
16678.0,8,8,2137.3,1638,76,267.1625,184,26.0,0,0.13037471510622328,0,LOW,15.869565217391303,4239.752717391304,High Value,VIP Loyal,Loyalty program
16679.0,275,1,129.75,29,3,129.75,0,0.0,1,0.790552773201421,1,HIGH,1.0,129.75,Low Value,Automated Campaign,Low-cost automated campaign
16681.0,54,4,1332.68,1050,15,333.17,108,36.0,0,0.4327416808742768,0,MEDIUM,13.518518518518519,4503.964814814815,High Value,Priority Retain,Priority retention offer
16682.0,1,3,810.22,762,15,270.0733333333333,95,47.0,0,0.44891618282095425,0,MEDIUM,11.526315789473685,3112.9505263157894,High Value,Priority Retain,Priority retention offer
16684.0,42,18,33883.5,24485,88,1882.4166666666667,224,13.0,0,0.0010799665205823358,0,LOW,29.330357142857142,55211.953125,High Value,VIP Loyal,Loyalty program
16686.0,7,6,2399.94,1644,327,399.99,257,51.0,0,0.01738047467087462,0,LOW,8.521400778210117,3408.4750972762645,High Value,VIP Loyal,Loyalty program
16690.0,111,1,86.5,46,5,86.5,0,0.0,0,0.6687770213315619,1,MEDIUM,1.0,86.5,Low Value,Automated Campaign,Low-cost automated campaign
16692.0,165,2,1276.0,152,2,638.0,32,32.0,1,0.7049986030754614,1,HIGH,22.8125,14554.375,High Value,Priority Retain,Priority retention offer
16693.0,181,1,153.41,50,21,153.41,0,0.0,0,0.6967051254428149,1,MEDIUM,1.0,153.41,Low Value,Automated Campaign,Low-cost automated campaign
16696.0,44,4,657.9000000000001,146,7,164.47500000000002,112,37.0,1,0.4471552976744394,0,MEDIUM,13.035714285714285,2144.0491071428573,High Value,Priority Retain,Priority retention offer
16697.0,150,1,112.75,27,20,112.75,0,0.0,1,0.6723358922207215,1,MEDIUM,1.0,112.75,Low Value,Automated Campaign,Low-cost automated campaign
16698.0,136,2,1998.0,840,4,999.0,26,26.0,1,0.6836868667474052,1,MEDIUM,28.076923076923077,28048.846153846152,High Value,Priority Retain,Priority retention offer
16700.0,31,10,4095.95,3240,142,409.59499999999997,244,27.0,0,0.04486256771636815,0,LOW,14.959016393442623,6127.138319672131,High Value,VIP Loyal,Loyalty program
16701.0,39,10,4050.42,4958,80,405.04200000000003,232,25.0,0,0.07859568860808323,0,LOW,15.732758620689653,6372.428017241379,High Value,VIP Loyal,Loyalty program
16705.0,8,10,9780.35,3926,88,978.0350000000001,259,28.0,0,0.03812069530968446,0,LOW,14.092664092664092,13783.118725868726,High Value,VIP Loyal,Loyalty program
16706.0,7,2,411.55,220,98,205.775,15,15.0,0,0.35359499426620616,0,LOW,48.66666666666667,10014.383333333335,High Value,VIP Loyal,Loyalty program
16709.0,109,4,1984.5900000000001,521,42,496.14750000000004,82,27.0,0,0.43360958089012036,0,MEDIUM,17.804878048780488,8833.845731707317,High Value,Priority Retain,Priority retention offer
16710.0,47,7,1835.08,1385,215,262.1542857142857,230,38.0,0,0.049843873829814214,0,LOW,11.108695652173914,2912.192173913044,High Value,VIP Loyal,Loyalty program
16711.0,49,3,909.87,253,9,303.29,217,108.0,0,0.4585541653709104,1,MEDIUM,5.046082949308755,1530.4264976958525,High Value,Priority Retain,Priority retention offer
16712.0,4,8,2489.81,1157,170,311.22625,181,25.0,0,0.059756588006643706,0,LOW,16.132596685082873,5020.887569060774,High Value,VIP Loyal,Loyalty program
16713.0,25,11,3970.77,2144,237,360.9790909090909,250,25.0,0,0.017076540907966807,0,LOW,16.060000000000002,5797.324200000001,High Value,VIP Loyal,Loyalty program
16714.0,128,3,1129.06,589,77,376.3533333333333,98,49.0,1,0.4277110763040534,0,MEDIUM,11.173469387755102,4205.1724489795915,High Value,Priority Retain,Priority retention offer
16716.0,176,2,901.2,120,1,450.6,44,44.0,1,0.7130113322180164,1,HIGH,16.59090909090909,7475.863636363636,High Value,Priority Retain,Priority retention offer
16717.0,5,4,1559.66,756,78,389.915,270,90.0,0,0.2000211962254229,0,LOW,5.407407407407407,2108.429259259259,High Value,VIP Loyal,Loyalty program
16718.0,278,1,606.0500000000001,407,41,606.0500000000001,0,0.0,1,0.7509844126908388,1,HIGH,1.0,606.0500000000001,Low Value,Automated Campaign,Low-cost automated campaign
16719.0,58,5,1283.88,737,85,256.776,219,54.0,0,0.20644364937964027,0,LOW,8.333333333333334,2139.8,High Value,VIP Loyal,Loyalty program
16721.0,171,1,292.47,172,37,292.47,0,0.0,1,0.6644355808708127,1,MEDIUM,1.0,292.47,Low Value,Automated Campaign,Low-cost automated campaign
16722.0,9,10,3656.58,3724,89,365.658,268,29.0,0,0.06176249232206922,0,LOW,13.619402985074627,4980.043656716418,High Value,VIP Loyal,Loyalty program
16723.0,0,2,576.4,398,37,288.2,16,16.0,1,0.47874239592340273,1,MEDIUM,45.625,13149.125,High Value,Priority Retain,Priority retention offer
16725.0,211,7,758.27,288,110,108.32428571428571,69,11.0,1,0.3013518042401719,0,LOW,37.028985507246375,4011.138405797101,High Value,VIP Loyal,Loyalty program
16726.0,105,4,777.16,512,71,194.29,164,54.0,0,0.335319333675986,0,LOW,8.902439024390244,1729.6548780487803,High Value,VIP Loyal,Loyalty program
16727.0,273,1,256.32,167,41,256.32,0,0.0,1,0.7334612226541737,1,HIGH,1.0,256.32,Low Value,Automated Campaign,Low-cost automated campaign
16728.0,76,3,548.31,320,113,182.76999999999998,97,48.0,0,0.3120824601181644,0,LOW,11.288659793814432,2063.2283505154637,High Value,VIP Loyal,Loyalty program
16729.0,8,17,5343.27,3989,140,314.31,142,8.0,0,0.021401572807144522,0,LOW,43.697183098591545,13734.461619718308,High Value,VIP Loyal,Loyalty program
16730.0,144,2,480.94,750,35,240.47,84,84.0,0,0.620435618658996,1,MEDIUM,8.69047619047619,2089.7988095238093,High Value,Priority Retain,Priority retention offer
16734.0,23,2,302.40999999999997,108,27,151.20499999999998,0,0.0,0,0.5168037186803985,1,MEDIUM,2.0,302.40999999999997,Low Value,Automated Campaign,Low-cost automated campaign
16735.0,8,4,1941.15,1326,71,485.2875,235,78.0,0,0.22196133766098028,0,LOW,6.212765957446808,3014.977659574468,High Value,VIP Loyal,Loyalty program
16738.0,207,1,3.75,3,1,3.75,0,0.0,1,0.744720381100706,1,HIGH,1.0,3.75,Low Value,Automated Campaign,Low-cost automated campaign
16739.0,86,1,323.0,172,13,323.0,0,0.0,1,0.6435958088608495,1,MEDIUM,1.0,323.0,Low Value,Automated Campaign,Low-cost automated campaign
16743.0,22,6,1860.9,1666,82,310.15000000000003,245,49.0,0,0.14798607572889183,0,LOW,8.938775510204081,2772.3612244897963,High Value,VIP Loyal,Loyalty program
16744.0,6,3,399.11,240,74,133.03666666666666,76,38.0,0,0.33973055676784236,0,LOW,14.407894736842104,1916.778289473684,High Value,VIP Loyal,Loyalty program
16745.0,7,16,6359.1,5771,144,397.44375,213,14.0,0,0.016222033871746935,0,LOW,27.417840375586852,10897.049295774648,High Value,VIP Loyal,Loyalty program
16746.0,10,12,4403.53,2575,174,366.9608333333333,257,23.0,0,0.022770871759820534,0,LOW,17.042801556420233,6254.040661478599,High Value,VIP Loyal,Loyalty program
16748.0,127,3,910.2,492,27,303.40000000000003,116,58.0,0,0.5299554403455454,1,MEDIUM,9.439655172413792,2863.9913793103447,High Value,Priority Retain,Priority retention offer
16750.0,30,3,416.12,138,44,138.70666666666668,110,55.0,0,0.4095679521670921,0,MEDIUM,9.954545454545455,1380.7618181818184,High Value,Priority Retain,Priority retention offer
16752.0,282,1,207.5,54,9,207.5,0,0.0,1,0.7887799377818724,1,HIGH,1.0,207.5,Low Value,Automated Campaign,Low-cost automated campaign
16754.0,281,1,2002.4,4280,2,2002.4,0,0.0,1,0.847929731533645,1,HIGH,1.0,2002.4,High Value,Priority Retain,Priority retention offer
16755.0,23,3,1475.43,1058,133,491.81,201,100.0,1,0.207207287640057,0,LOW,5.447761194029852,2679.2634328358213,High Value,VIP Loyal,Loyalty program
16756.0,124,1,239.4,106,13,239.4,0,0.0,1,0.6708903442811203,1,MEDIUM,1.0,239.4,Low Value,Automated Campaign,Low-cost automated campaign
16757.0,228,1,106.83000000000001,81,7,106.83000000000001,0,0.0,1,0.7532405598381924,1,HIGH,1.0,106.83000000000001,Low Value,Automated Campaign,Low-cost automated campaign
16761.0,6,1,316.62,341,13,316.62,0,0.0,1,0.5734202469426132,1,MEDIUM,1.0,316.62,Low Value,Automated Campaign,Low-cost automated campaign
16762.0,53,1,314.15000000000003,143,13,314.15000000000003,0,0.0,0,0.6151469143494902,1,MEDIUM,1.0,314.15000000000003,Low Value,Automated Campaign,Low-cost automated campaign
16763.0,108,1,611.85,319,23,611.85,0,0.0,1,0.6557421541361851,1,MEDIUM,1.0,611.85,Low Value,Automated Campaign,Low-cost automated campaign
16764.0,8,4,782.5500000000001,363,110,195.63750000000002,43,14.0,0,0.25023761203296485,0,LOW,33.95348837209302,6642.575581395348,High Value,VIP Loyal,Loyalty program
16765.0,203,1,34.0,4,1,34.0,0,0.0,1,0.7431915001655762,1,HIGH,1.0,34.0,Low Value,Automated Campaign,Low-cost automated campaign
16766.0,182,2,1145.6,536,17,572.8,0,0.0,1,0.6837037333996503,1,MEDIUM,2.0,1145.6,Low Value,Automated Campaign,Low-cost automated campaign
16767.0,3,7,4820.46,3913,137,688.6371428571429,222,37.0,0,0.06638450681707343,0,LOW,11.509009009009008,7925.53108108108,High Value,VIP Loyal,Loyalty program
16768.0,13,2,286.49,88,40,143.245,168,168.0,0,0.5048483558441483,1,MEDIUM,4.345238095238095,622.4336309523809,Low Value,Automated Campaign,Low-cost automated campaign
16769.0,169,1,361.54,80,33,361.54,0,0.0,1,0.6741720115509781,1,MEDIUM,1.0,361.54,Low Value,Automated Campaign,Low-cost automated campaign
16770.0,146,4,649.38,365,82,162.345,135,45.0,0,0.3647692156518952,0,LOW,10.814814814814815,1755.7311111111112,High Value,VIP Loyal,Loyalty program
16771.0,184,3,1651.75,1050,154,550.5833333333334,62,31.0,0,0.32790423145219527,0,LOW,17.661290322580644,9724.012096774193,High Value,VIP Loyal,Loyalty program
16774.0,25,3,542.2,226,20,180.73333333333335,62,31.0,0,0.4754125599778498,1,MEDIUM,17.661290322580644,3191.983870967742,High Value,Priority Retain,Priority retention offer
16775.0,31,8,1174.55,283,65,146.81875,244,34.0,0,0.13975312508992965,0,LOW,11.967213114754097,1757.011270491803,High Value,VIP Loyal,Loyalty program
16777.0,166,1,173.52,48,35,173.52,0,0.0,0,0.6588148916108353,1,MEDIUM,1.0,173.52,Low Value,Automated Campaign,Low-cost automated campaign
16778.0,183,1,93.18,66,5,93.18,0,0.0,0,0.7244400299413453,1,HIGH,1.0,93.18,Low Value,Automated Campaign,Low-cost automated campaign
16779.0,16,15,6376.7300000000005,3590,130,425.11533333333335,260,18.0,0,0.018662492624884456,0,LOW,21.05769230769231,8951.947884615385,High Value,VIP Loyal,Loyalty program
16780.0,9,2,422.24,270,51,211.12,158,158.0,1,0.47655961577462275,1,MEDIUM,4.620253164556962,975.4278481012658,Low Value,Automated Campaign,Low-cost automated campaign
16781.0,281,1,311.25,113,17,311.25,0,0.0,1,0.7799510501730266,1,HIGH,1.0,311.25,Low Value,Automated Campaign,Low-cost automated campaign
16782.0,47,9,1630.4,501,89,181.15555555555557,227,28.0,0,0.10965846316581078,0,LOW,14.47136563876652,2621.568281938326,High Value,VIP Loyal,Loyalty program
16788.0,32,2,594.39,304,138,297.195,131,131.0,1,0.31324287217078856,0,LOW,5.572519083969465,1656.1248091603052,High Value,VIP Loyal,Loyalty program
16791.0,31,5,791.87,335,111,158.374,209,52.0,0,0.16607983916921187,0,LOW,8.732057416267942,1382.930861244019,High Value,VIP Loyal,Loyalty program
16792.0,191,2,110.38000000000001,44,11,55.190000000000005,0,0.0,1,0.6926862431344011,1,MEDIUM,2.0,110.38000000000001,Low Value,Automated Campaign,Low-cost automated campaign
16794.0,17,4,607.05,617,100,151.7625,71,23.0,0,0.26127910726600706,0,LOW,20.56338028169014,3120.7499999999995,High Value,VIP Loyal,Loyalty program
16795.0,274,1,414.88,239,64,414.88,0,0.0,1,0.699939429178548,1,MEDIUM,1.0,414.88,Low Value,Automated Campaign,Low-cost automated campaign
16801.0,72,4,1594.23,493,72,398.5575,110,36.0,1,0.32781334653613525,0,LOW,13.272727272727273,5289.945000000001,High Value,VIP Loyal,Loyalty program
16804.0,179,1,118.05,34,19,118.05,0,0.0,0,0.6972978026353811,1,MEDIUM,1.0,118.05,Low Value,Automated Campaign,Low-cost automated campaign
16805.0,83,2,460.59,539,94,230.295,186,186.0,1,0.45351720566126774,1,MEDIUM,3.924731182795699,903.8459677419354,Low Value,Automated Campaign,Low-cost automated campaign
16806.0,12,4,762.16,356,68,190.54,135,45.0,1,0.284053387440184,0,LOW,10.814814814814815,2060.654814814815,High Value,VIP Loyal,Loyalty program
16807.0,52,3,1121.59,778,57,373.8633333333333,128,64.0,1,0.39124168560509404,0,LOW,8.5546875,3198.283984375,High Value,VIP Loyal,Loyalty program
16808.0,8,2,288.42,196,21,144.21,175,175.0,1,0.5428173847799977,1,MEDIUM,4.171428571428572,601.5617142857144,Low Value,Automated Campaign,Low-cost automated campaign
16809.0,45,3,470.69,371,61,156.89666666666668,125,62.0,0,0.37991484937222453,0,LOW,8.76,1374.4148,High Value,VIP Loyal,Loyalty program
16810.0,101,1,309.54,114,15,309.54,0,0.0,1,0.6515469313750839,1,MEDIUM,1.0,309.54,Low Value,Automated Campaign,Low-cost automated campaign
16812.0,270,1,479.35,81,15,479.35,0,0.0,1,0.7824131383864908,1,HIGH,1.0,479.35,Low Value,Automated Campaign,Low-cost automated campaign
16813.0,6,7,1146.84,1163,200,163.8342857142857,107,17.0,0,0.07325240501519974,0,LOW,23.878504672897193,3912.117757009345,High Value,VIP Loyal,Loyalty program
16814.0,18,16,5131.69,2129,110,320.730625,261,17.0,0,0.02254235466229599,0,LOW,22.375478927203066,7176.501340996168,High Value,VIP Loyal,Loyalty program
16816.0,12,4,417.06,274,28,104.265,254,84.0,1,0.3019543137444611,0,LOW,5.748031496062992,599.3185039370078,Low Value,Normal Marketing,Normal marketing
16817.0,95,7,1179.43,574,52,168.49,182,30.0,0,0.24367350066229027,0,LOW,14.038461538461538,2365.3403846153847,High Value,VIP Loyal,Loyalty program
16818.0,2,9,2528.47,1583,132,280.94111111111107,112,14.0,0,0.08703826290419073,0,LOW,29.330357142857142,8240.103124999998,High Value,VIP Loyal,Loyalty program
16820.0,5,1,497.61,307,26,497.61,0,0.0,1,0.554142754837415,1,MEDIUM,1.0,497.61,Low Value,Automated Campaign,Low-cost automated campaign
16823.0,136,1,358.38,136,34,358.38,0,0.0,1,0.6448742444247008,1,MEDIUM,1.0,358.38,Low Value,Automated Campaign,Low-cost automated campaign
16824.0,73,1,222.9,134,13,222.9,0,0.0,0,0.6276682769626949,1,MEDIUM,1.0,222.9,Low Value,Automated Campaign,Low-cost automated campaign
16825.0,95,1,318.7,358,11,318.7,0,0.0,0,0.6543986044091277,1,MEDIUM,1.0,318.7,Low Value,Automated Campaign,Low-cost automated campaign
16828.0,2,2,128.5,59,8,64.25,19,19.0,1,0.540398013167199,1,MEDIUM,38.421052631578945,2468.552631578947,High Value,Priority Retain,Priority retention offer
16829.0,66,1,197.22,99,11,197.22,0,0.0,1,0.6245975323325723,1,MEDIUM,1.0,197.22,Low Value,Automated Campaign,Low-cost automated campaign
16832.0,93,3,199.15,33,11,66.38333333333334,33,16.0,1,0.5690753744401329,1,MEDIUM,33.18181818181818,2202.719696969697,High Value,Priority Retain,Priority retention offer
16833.0,169,3,671.29,306,32,223.76333333333332,74,37.0,0,0.5744828860271369,1,MEDIUM,14.797297297297296,3311.092567567567,High Value,Priority Retain,Priority retention offer
16834.0,137,1,413.46,358,24,413.46,0,0.0,1,0.6676976134347666,1,MEDIUM,1.0,413.46,Low Value,Automated Campaign,Low-cost automated campaign
16835.0,37,2,180.85,61,10,90.425,244,244.0,1,0.6018922268514135,1,MEDIUM,2.9918032786885242,270.5338114754098,Low Value,Automated Campaign,Low-cost automated campaign
16836.0,26,1,91.32000000000001,84,2,91.32000000000001,0,0.0,0,0.6033785053697625,1,MEDIUM,1.0,91.32000000000001,Low Value,Automated Campaign,Low-cost automated campaign
16837.0,67,9,1911.74,727,77,212.41555555555556,88,11.0,0,0.18404197608311676,0,LOW,37.32954545454545,7929.376136363636,High Value,VIP Loyal,Loyalty program
16838.0,106,2,588.85,185,24,294.425,90,90.0,1,0.6141605105051096,1,MEDIUM,8.11111111111111,2388.113888888889,High Value,Priority Retain,Priority retention offer
16839.0,19,22,10869.28,5724,97,494.0581818181818,259,12.0,0,0.00642446159498426,0,LOW,31.003861003861005,15317.711196911197,High Value,VIP Loyal,Loyalty program
16841.0,46,5,1561.06,1878,89,312.212,150,37.0,0,0.2198636409682771,0,LOW,12.166666666666668,3798.5793333333336,High Value,VIP Loyal,Loyalty program
16842.0,10,3,1264.19,693,45,421.3966666666667,201,100.0,1,0.35246579837958264,0,LOW,5.447761194029852,2295.6684079601996,High Value,VIP Loyal,Loyalty program
16843.0,3,13,8809.24,9034,188,677.6338461538461,233,19.0,0,0.011481747168415556,0,LOW,20.364806866952787,13799.882403433474,High Value,VIP Loyal,Loyalty program
16849.0,96,1,124.57,33,8,124.57,0,0.0,1,0.6524742223208129,1,MEDIUM,1.0,124.57,Low Value,Automated Campaign,Low-cost automated campaign
16850.0,243,1,332.41,249,19,332.41,0,0.0,1,0.7525367053264609,1,HIGH,1.0,332.41,Low Value,Automated Campaign,Low-cost automated campaign
16852.0,85,1,113.06,51,7,113.06,0,0.0,0,0.6447173674525318,1,MEDIUM,1.0,113.06,Low Value,Automated Campaign,Low-cost automated campaign
16858.0,278,1,375.69000000000005,91,9,375.69000000000005,0,0.0,1,0.7923516868058121,1,HIGH,1.0,375.69000000000005,Low Value,Automated Campaign,Low-cost automated campaign
16859.0,54,2,747.81,827,50,373.905,116,116.0,1,0.5156213290868402,1,MEDIUM,6.293103448275861,2353.0228448275857,High Value,Priority Retain,Priority retention offer
16861.0,67,1,70.80000000000001,24,2,70.80000000000001,0,0.0,0,0.6376943719185815,1,MEDIUM,1.0,70.80000000000001,Low Value,Automated Campaign,Low-cost automated campaign
16863.0,276,1,164.25,105,9,164.25,0,0.0,0,0.783420718595813,1,HIGH,1.0,164.25,Low Value,Automated Campaign,Low-cost automated campaign
16866.0,50,3,207.73999999999998,60,10,69.24666666666666,20,10.0,1,0.5380473444834017,1,MEDIUM,54.75,3791.254999999999,High Value,Priority Retain,Priority retention offer
16869.0,75,2,387.68,242,56,193.84,9,9.0,0,0.5024164959471668,1,MEDIUM,81.11111111111111,15722.577777777778,High Value,Priority Retain,Priority retention offer
16871.0,120,4,2037.82,861,104,509.455,60,20.0,0,0.3260175356069449,0,LOW,24.333333333333336,12396.738333333335,High Value,VIP Loyal,Loyalty program
16872.0,14,2,464.68000000000006,454,3,232.34000000000003,79,79.0,0,0.5740456725414108,1,MEDIUM,9.240506329113924,2146.9392405063295,High Value,Priority Retain,Priority retention offer
16873.0,36,4,3871.4700000000003,2055,97,967.8675000000001,236,78.0,0,0.18770523809604406,0,LOW,6.186440677966101,5987.654872881356,High Value,VIP Loyal,Loyalty program
16875.0,54,4,1138.2,488,53,284.55,195,65.0,0,0.31129200712235217,0,LOW,7.487179487179487,2130.476923076923,High Value,VIP Loyal,Loyalty program
16877.0,61,2,188.98,104,46,94.49,56,56.0,0,0.516929130731548,1,MEDIUM,13.035714285714285,1231.7446428571427,Low Value,Automated Campaign,Low-cost automated campaign
16880.0,9,6,1093.12,605,92,182.18666666666664,89,17.0,0,0.2021793400756985,0,LOW,24.60674157303371,4483.020224719101,High Value,VIP Loyal,Loyalty program
16882.0,148,2,215.70000000000002,102,15,107.85000000000001,77,77.0,0,0.6620557695230981,1,MEDIUM,9.480519480519481,1022.4740259740262,Low Value,Automated Campaign,Low-cost automated campaign
16883.0,96,2,272.48,103,33,136.24,184,184.0,1,0.5969869272763101,1,MEDIUM,3.9673913043478257,540.5173913043478,Low Value,Automated Campaign,Low-cost automated campaign
16885.0,266,1,177.95,35,27,177.95,0,0.0,0,0.7492202974761073,1,HIGH,1.0,177.95,Low Value,Automated Campaign,Low-cost automated campaign
16889.0,104,3,1578.67,925,112,526.2233333333334,142,71.0,1,0.31761156202722474,0,LOW,7.711267605633803,4057.848943661972,High Value,VIP Loyal,Loyalty program
16891.0,5,3,515.79,178,111,171.92999999999998,275,137.0,0,0.21200039767655568,0,LOW,3.981818181818182,684.5939999999999,Low Value,Normal Marketing,Normal marketing
16892.0,93,1,102.97999999999999,77,20,102.97999999999999,0,0.0,0,0.6243621437973467,1,MEDIUM,1.0,102.97999999999999,Low Value,Automated Campaign,Low-cost automated campaign
16893.0,276,1,145.93,62,44,145.93,0,0.0,1,0.7259058296381456,1,HIGH,1.0,145.93,Low Value,Automated Campaign,Low-cost automated campaign
16897.0,208,2,289.78,73,37,144.89,14,14.0,1,0.6598456818730487,1,MEDIUM,52.14285714285714,7554.97857142857,High Value,Priority Retain,Priority retention offer
16898.0,86,2,313.77,244,99,156.885,191,191.0,0,0.44518217404413585,0,MEDIUM,3.821989528795812,599.6128272251309,Low Value,Automated Campaign,Low-cost automated campaign
16899.0,59,3,510.18,225,58,170.06,210,105.0,0,0.367251411622942,0,LOW,5.214285714285714,886.7414285714286,Low Value,Normal Marketing,Normal marketing
16902.0,25,1,1706.88,629,43,1706.88,0,0.0,1,0.5987070107212055,1,MEDIUM,1.0,1706.88,High Value,Priority Retain,Priority retention offer
16904.0,4,14,2948.55,1602,335,210.6107142857143,272,20.0,0,0.004657097050592614,0,LOW,18.78676470588235,3956.6939338235293,High Value,VIP Loyal,Loyalty program
16905.0,146,3,822.18,260,44,274.06,135,67.0,0,0.5026375244734506,1,MEDIUM,8.11111111111111,2222.931111111111,High Value,Priority Retain,Priority retention offer
16906.0,96,3,392.99,183,33,130.99666666666667,61,30.0,0,0.5118305213114842,1,MEDIUM,17.950819672131146,2351.4975409836065,High Value,Priority Retain,Priority retention offer
16907.0,57,4,658.99,217,74,164.7475,217,72.0,0,0.26897521128983176,0,LOW,6.728110599078341,1108.439400921659,Low Value,Normal Marketing,Normal marketing
16910.0,0,1,111.78,93,52,111.78,0,0.0,0,0.4721958163922772,1,MEDIUM,1.0,111.78,Low Value,Automated Campaign,Low-cost automated campaign
16912.0,43,7,1538.58,585,50,219.79714285714286,188,31.0,0,0.20592012682950622,0,LOW,13.590425531914894,2987.1367021276596,High Value,VIP Loyal,Loyalty program
16913.0,199,1,113.44,82,8,113.44,0,0.0,1,0.7316042622170944,1,HIGH,1.0,113.44,Low Value,Automated Campaign,Low-cost automated campaign
16915.0,36,4,382.39000000000004,59,29,95.59750000000001,156,52.0,0,0.37174801340009667,0,LOW,9.358974358974358,894.6945512820513,Low Value,Normal Marketing,Normal marketing
16916.0,281,1,196.43,102,48,196.43,0,0.0,0,0.7246201890915851,1,HIGH,1.0,196.43,Low Value,Automated Campaign,Low-cost automated campaign
16917.0,186,1,391.52,232,9,391.52,0,0.0,1,0.7321062427694646,1,HIGH,1.0,391.52,Low Value,Automated Campaign,Low-cost automated campaign
16918.0,4,3,822.7,562,78,274.23333333333335,221,110.0,0,0.2794617965457253,0,LOW,4.95475113122172,1358.7579185520362,Low Value,Normal Marketing,Normal marketing
16919.0,65,11,2592.25,1403,141,235.6590909090909,212,21.0,1,0.057292941859768194,0,LOW,18.93867924528302,4463.071933962264,High Value,VIP Loyal,Loyalty program
16923.0,8,14,4763.9400000000005,2158,221,340.2814285714286,263,20.0,0,0.01103211791805259,0,LOW,19.429657794676807,6611.551711026616,High Value,VIP Loyal,Loyalty program
16926.0,280,1,230.25,35,14,230.25,0,0.0,1,0.7809847089292021,1,HIGH,1.0,230.25,Low Value,Automated Campaign,Low-cost automated campaign
16927.0,25,3,543.05,993,5,181.01666666666665,245,122.0,1,0.4333827949771663,0,MEDIUM,4.469387755102041,809.0336734693876,Low Value,Automated Campaign,Low-cost automated campaign
16928.0,3,15,2370.65,1751,66,158.04333333333335,278,19.0,0,0.04349173864540536,0,LOW,19.694244604316548,3112.544064748202,High Value,VIP Loyal,Loyalty program
16929.0,37,2,428.88,326,23,214.44,27,27.0,0,0.5433386480686112,1,MEDIUM,27.037037037037038,5797.822222222222,High Value,Priority Retain,Priority retention offer
16931.0,12,14,2897.33,1967,345,206.95214285714286,266,20.0,0,0.004496740932034257,0,LOW,19.210526315789473,3975.6595864661654,High Value,VIP Loyal,Loyalty program
16933.0,148,1,224.73,127,19,224.73,0,0.0,0,0.677763185225675,1,MEDIUM,1.0,224.73,Low Value,Automated Campaign,Low-cost automated campaign
16938.0,89,3,2386.05,2318,205,795.35,129,64.0,0,0.16205309029055567,0,LOW,8.488372093023257,6751.226744186048,High Value,VIP Loyal,Loyalty program
16940.0,78,2,1868.36,1236,162,934.18,120,120.0,0,0.3132266570150453,0,LOW,6.083333333333334,5682.928333333333,High Value,VIP Loyal,Loyalty program
16942.0,45,7,1439.44,593,115,205.6342857142857,91,15.0,0,0.16658207902057426,0,LOW,28.076923076923077,5773.578021978022,High Value,VIP Loyal,Loyalty program
16943.0,121,3,816.73,145,23,272.24333333333334,106,53.0,1,0.538409004123347,1,MEDIUM,10.330188679245284,2812.3250000000003,High Value,Priority Retain,Priority retention offer
16945.0,8,13,3007.06,1921,102,231.31230769230768,259,21.0,0,0.041789912812138855,0,LOW,18.320463320463322,4237.748648648649,High Value,VIP Loyal,Loyalty program
16947.0,145,1,406.48,312,21,406.48,0,0.0,1,0.6797017810707512,1,MEDIUM,1.0,406.48,Low Value,Automated Campaign,Low-cost automated campaign
16948.0,48,3,435.02,1614,15,145.00666666666666,187,93.0,1,0.4536231714523166,1,MEDIUM,5.855614973262032,849.1032085561496,Low Value,Automated Campaign,Low-cost automated campaign
16949.0,95,4,893.75,386,32,223.4375,130,43.0,0,0.42565213531443485,0,MEDIUM,11.230769230769232,2509.375,High Value,Priority Retain,Priority retention offer
16950.0,33,2,778.41,337,26,389.205,242,242.0,0,0.5700342501656076,1,MEDIUM,3.0165289256198347,1174.0481404958678,Low Value,Automated Campaign,Low-cost automated campaign
16951.0,44,3,1277.75,1318,73,425.9166666666667,169,84.0,1,0.33468765339908607,0,LOW,6.479289940828402,2759.6375739644973,High Value,VIP Loyal,Loyalty program
16952.0,18,2,167.61,92,16,83.805,0,0.0,1,0.5348515324295693,1,MEDIUM,2.0,167.61,Low Value,Automated Campaign,Low-cost automated campaign
16954.0,34,4,1245.3799999999999,744,34,311.34499999999997,235,78.0,0,0.3097970643755368,0,LOW,6.212765957446808,1934.3136170212763,High Value,VIP Loyal,Loyalty program
16955.0,94,4,518.67,266,18,129.6675,188,62.0,1,0.42532028261127747,0,MEDIUM,7.76595744680851,1006.9922872340425,Low Value,Automated Campaign,Low-cost automated campaign
16957.0,148,2,416.64,172,15,208.32,42,42.0,1,0.6591847178450031,1,MEDIUM,17.38095238095238,3620.7999999999997,High Value,Priority Retain,Priority retention offer
16960.0,162,1,201.53,95,45,201.53,0,0.0,0,0.6366633043311977,1,MEDIUM,1.0,201.53,Low Value,Automated Campaign,Low-cost automated campaign
16961.0,25,1,234.17,125,14,234.17,0,0.0,1,0.5843930618181271,1,MEDIUM,1.0,234.17,Low Value,Automated Campaign,Low-cost automated campaign
16963.0,96,1,110.55000000000001,35,7,110.55000000000001,0,0.0,1,0.6537736089489492,1,MEDIUM,1.0,110.55000000000001,Low Value,Automated Campaign,Low-cost automated campaign
16965.0,136,1,201.19,291,26,201.19,0,0.0,1,0.652740722861618,1,MEDIUM,1.0,201.19,Low Value,Automated Campaign,Low-cost automated campaign
16966.0,79,4,1486.56,1320,8,371.64,70,23.0,0,0.49007986694813355,1,MEDIUM,20.857142857142858,7751.348571428572,High Value,Priority Retain,Priority retention offer
16967.0,98,1,319.02,333,21,319.02,0,0.0,1,0.6368347633651286,1,MEDIUM,1.0,319.02,Low Value,Automated Campaign,Low-cost automated campaign
16968.0,17,1,253.31,98,15,253.31,0,0.0,0,0.5762269953747632,1,MEDIUM,1.0,253.31,Low Value,Automated Campaign,Low-cost automated campaign
16969.0,43,2,478.96000000000004,740,32,239.48000000000002,57,57.0,0,0.5331157750071228,1,MEDIUM,12.807017543859649,3067.024561403509,High Value,Priority Retain,Priority retention offer
16976.0,176,1,251.51999999999998,88,2,251.51999999999998,0,0.0,1,0.7313866191058445,1,HIGH,1.0,251.51999999999998,Low Value,Automated Campaign,Low-cost automated campaign
16979.0,57,2,555.65,135,19,277.825,149,149.0,0,0.5903650138550236,1,MEDIUM,4.899328859060403,1361.1560402684563,Low Value,Automated Campaign,Low-cost automated campaign
16980.0,164,2,1028.46,739,71,514.23,36,36.0,1,0.5606765488648752,1,MEDIUM,20.27777777777778,10427.441666666668,High Value,Priority Retain,Priority retention offer
16983.0,6,5,1185.35,731,87,237.07,272,68.0,0,0.1560584164256677,0,LOW,6.709558823529411,1590.6351102941176,High Value,VIP Loyal,Loyalty program
16984.0,39,1,3213.19,1594,262,3213.19,0,0.0,0,0.23850362852039692,0,LOW,1.0,3213.19,High Value,VIP Loyal,Loyalty program
16985.0,67,7,3578.54,1287,50,511.21999999999997,200,33.0,0,0.1889318358565987,0,LOW,12.775,6530.8355,High Value,VIP Loyal,Loyalty program
16987.0,79,3,629.45,103,29,209.8166666666667,35,17.0,0,0.5151580781276407,1,MEDIUM,31.28571428571429,6564.264285714287,High Value,Priority Retain,Priority retention offer
16989.0,7,2,890.7,1086,7,445.35,52,52.0,0,0.5582700890553763,1,MEDIUM,14.038461538461538,6252.028846153847,High Value,Priority Retain,Priority retention offer
16990.0,128,1,179.0,100,1,179.0,0,0.0,1,0.69411523158975,1,MEDIUM,1.0,179.0,Low Value,Automated Campaign,Low-cost automated campaign
16992.0,8,3,972.35,630,57,324.1166666666667,185,92.0,0,0.333487050462505,0,LOW,5.918918918918918,1918.42027027027,High Value,VIP Loyal,Loyalty program
16996.0,30,5,1041.78,390,11,208.356,232,58.0,0,0.3075560542834432,0,LOW,7.8663793103448265,1639.0073275862067,High Value,VIP Loyal,Loyalty program
16997.0,197,3,702.0,360,7,234.0,37,18.0,1,0.6633467978199298,1,MEDIUM,29.594594594594593,6925.135135135135,High Value,Priority Retain,Priority retention offer
16998.0,59,4,295.0,76,1,73.75,154,51.0,1,0.45314994595908026,1,MEDIUM,9.480519480519481,699.1883116883117,Low Value,Automated Campaign,Low-cost automated campaign
17001.0,1,8,2793.49,1566,60,349.18625,267,38.0,0,0.10949657620363502,0,LOW,10.936329588014981,3818.815917602996,High Value,VIP Loyal,Loyalty program
17002.0,125,2,993.52,422,24,496.76,74,74.0,0,0.6320249402537452,1,MEDIUM,9.864864864864865,4900.47027027027,High Value,Priority Retain,Priority retention offer
17004.0,2,1,905.6,554,25,905.6,0,0.0,0,0.5747479281574895,1,MEDIUM,1.0,905.6,Low Value,Automated Campaign,Low-cost automated campaign
17007.0,64,5,575.44,346,33,115.08800000000001,202,50.0,0,0.3149852095795854,0,LOW,9.034653465346535,1039.7801980198021,Low Value,Normal Marketing,Normal marketing
17015.0,94,1,520.55,546,116,520.55,0,0.0,0,0.43826189347862815,0,MEDIUM,1.0,520.55,Low Value,Automated Campaign,Low-cost automated campaign
17017.0,71,14,5431.28,4311,81,387.9485714285714,210,16.0,0,0.05026221659132311,0,LOW,24.333333333333336,9440.081904761906,High Value,VIP Loyal,Loyalty program
17018.0,235,1,405.0,60,6,405.0,0,0.0,0,0.7712551238434486,1,HIGH,1.0,405.0,Low Value,Automated Campaign,Low-cost automated campaign
17019.0,171,3,995.93,658,114,331.97666666666663,106,53.0,0,0.3840283921194798,0,LOW,10.330188679245284,3429.3816037735846,High Value,VIP Loyal,Loyalty program
17024.0,8,2,56.25,45,1,28.125,58,58.0,0,0.5661768980343679,1,MEDIUM,12.586206896551722,353.9870689655172,Low Value,Automated Campaign,Low-cost automated campaign
17025.0,282,2,160.97,139,5,80.485,0,0.0,0,0.7683340986550358,1,HIGH,2.0,160.97,Low Value,Automated Campaign,Low-cost automated campaign
17026.0,94,2,154.82999999999998,97,4,77.41499999999999,184,184.0,1,0.6537367501153905,1,MEDIUM,3.9673913043478257,307.1355978260869,Low Value,Automated Campaign,Low-cost automated campaign
17027.0,88,4,645.23,284,95,161.3075,137,45.0,0,0.2916522293371382,0,LOW,10.656934306569342,1719.043430656934,High Value,VIP Loyal,Loyalty program
17029.0,20,2,716.0,400,1,358.0,126,126.0,1,0.5937471765325084,1,MEDIUM,5.7936507936507935,2074.126984126984,High Value,Priority Retain,Priority retention offer
17031.0,64,1,225.95,125,13,225.95,0,0.0,0,0.6201424645038752,1,MEDIUM,1.0,225.95,Low Value,Automated Campaign,Low-cost automated campaign
17033.0,123,2,608.1,190,12,304.05,145,145.0,0,0.6609107108787777,1,MEDIUM,5.0344827586206895,1530.7344827586207,High Value,Priority Retain,Priority retention offer
17034.0,197,1,141.79999999999998,98,6,141.79999999999998,0,0.0,0,0.7347940479028601,1,HIGH,1.0,141.79999999999998,Low Value,Automated Campaign,Low-cost automated campaign
17035.0,155,2,433.53000000000003,229,27,216.76500000000001,65,65.0,1,0.6442528173952665,1,MEDIUM,11.230769230769232,2434.4376923076925,High Value,Priority Retain,Priority retention offer
17040.0,47,1,449.73,181,15,449.73,0,0.0,1,0.6126713814098577,1,MEDIUM,1.0,449.73,Low Value,Automated Campaign,Low-cost automated campaign
17041.0,18,2,750.89,539,45,375.445,251,251.0,0,0.5154665578654206,1,MEDIUM,2.908366533864542,1091.9316733067728,Low Value,Automated Campaign,Low-cost automated campaign
17042.0,30,4,915.02,888,69,228.755,125,41.0,0,0.2975601368954315,0,LOW,11.680000000000001,2671.8584,High Value,VIP Loyal,Loyalty program
17043.0,87,2,324.96999999999997,357,27,162.48499999999999,87,87.0,0,0.5872767309845119,1,MEDIUM,8.39080459770115,1363.3798850574713,High Value,Priority Retain,Priority retention offer
17045.0,22,3,339.44,106,20,113.14666666666666,134,67.0,1,0.44505615961208383,0,MEDIUM,8.171641791044776,924.5940298507462,Low Value,Automated Campaign,Low-cost automated campaign
17046.0,66,1,642.02,510,22,642.02,0,0.0,1,0.6234814695055819,1,MEDIUM,1.0,642.02,Low Value,Automated Campaign,Low-cost automated campaign
17047.0,114,2,749.4300000000001,352,40,374.71500000000003,0,0.0,0,0.575259283293251,1,MEDIUM,2.0,749.4300000000001,Low Value,Automated Campaign,Low-cost automated campaign
17048.0,27,3,925.35,485,41,308.45,213,106.0,1,0.3717614492874905,0,LOW,5.140845070422535,1585.6936619718308,High Value,VIP Loyal,Loyalty program
17049.0,27,5,2606.65,1083,105,521.33,158,39.0,0,0.17566454086989292,0,LOW,11.550632911392405,6021.691455696203,High Value,VIP Loyal,Loyalty program
17050.0,5,6,3185.64,1595,169,530.9399999999999,203,40.0,1,0.07275801245214925,0,LOW,10.788177339901477,5727.87487684729,High Value,VIP Loyal,Loyalty program
17051.0,103,1,240.89000000000001,179,40,240.89000000000001,0,0.0,1,0.5980366617993256,1,MEDIUM,1.0,240.89000000000001,Low Value,Automated Campaign,Low-cost automated campaign
17053.0,40,1,498.48,122,13,498.48,0,0.0,1,0.6134641260576901,1,MEDIUM,1.0,498.48,Low Value,Automated Campaign,Low-cost automated campaign
17054.0,47,4,1207.32,739,58,301.83,107,35.0,0,0.33908201773286994,0,LOW,13.64485981308411,4118.428037383177,High Value,VIP Loyal,Loyalty program
17058.0,108,2,819.66,455,42,409.83,40,40.0,0,0.5721694723866229,1,MEDIUM,18.25,7479.3975,High Value,Priority Retain,Priority retention offer
17059.0,19,4,2237.1,1279,232,559.275,259,86.0,0,0.0630650510955822,0,LOW,5.637065637065637,3152.6698841698844,High Value,VIP Loyal,Loyalty program
17060.0,175,1,234.24,216,5,234.24,0,0.0,1,0.7244011251910465,1,HIGH,1.0,234.24,Low Value,Automated Campaign,Low-cost automated campaign
17061.0,20,10,4658.83,1408,48,465.883,121,13.0,0,0.1307500715390129,0,LOW,30.165289256198346,14053.495454545453,High Value,VIP Loyal,Loyalty program
17062.0,223,4,533.33,418,52,133.3325,55,18.0,1,0.5445622055191741,1,MEDIUM,26.545454545454547,3539.3718181818185,High Value,Priority Retain,Priority retention offer
17063.0,72,4,671.87,309,35,167.9675,126,42.0,0,0.40370421438494075,0,MEDIUM,11.587301587301587,1946.2900793650792,High Value,Priority Retain,Priority retention offer
17064.0,92,2,457.40000000000003,187,36,228.70000000000002,144,144.0,0,0.582998842549926,1,MEDIUM,5.069444444444445,1159.3819444444446,Low Value,Automated Campaign,Low-cost automated campaign
17068.0,4,16,3539.29,1648,89,221.205625,273,18.0,0,0.029009501981198428,0,LOW,21.39194139194139,4732.017765567765,High Value,VIP Loyal,Loyalty program
17069.0,64,5,1495.79,712,68,299.158,217,54.0,0,0.23532319574558727,0,LOW,8.410138248847927,2515.960138248848,High Value,VIP Loyal,Loyalty program
17070.0,23,1,304.24,131,62,304.24,0,0.0,1,0.48149562102767585,1,MEDIUM,1.0,304.24,Low Value,Automated Campaign,Low-cost automated campaign
17071.0,43,6,1402.42,622,65,233.73666666666668,175,35.0,0,0.21782642262341353,0,LOW,12.514285714285714,2925.0474285714286,High Value,VIP Loyal,Loyalty program
17073.0,18,1,453.79,307,56,453.79,0,0.0,0,0.4977748222375314,1,MEDIUM,1.0,453.79,Low Value,Automated Campaign,Low-cost automated campaign
17075.0,162,3,696.07,241,49,232.02333333333334,64,32.0,0,0.5352669468821877,1,MEDIUM,17.109375,3969.7742187500003,High Value,Priority Retain,Priority retention offer
17076.0,183,2,334.2,112,11,167.1,90,90.0,0,0.7003496427962573,1,HIGH,8.11111111111111,1355.3666666666666,Low Value,Automated Campaign,Low-cost automated campaign
17080.0,179,1,76.32000000000001,72,1,76.32000000000001,0,0.0,0,0.727800989080352,1,HIGH,1.0,76.32000000000001,Low Value,Automated Campaign,Low-cost automated campaign
17082.0,227,1,636.94,316,24,636.94,0,0.0,0,0.7455952604440682,1,HIGH,1.0,636.94,Low Value,Automated Campaign,Low-cost automated campaign
17083.0,18,3,1405.78,772,24,468.5933333333333,194,97.0,1,0.40543004031103236,0,MEDIUM,5.644329896907216,2644.895360824742,High Value,Priority Retain,Priority retention offer
17085.0,32,5,1562.4,785,115,312.48,239,59.0,1,0.14491026252051062,0,LOW,7.635983263598327,2386.0920502092054,High Value,VIP Loyal,Loyalty program
17088.0,92,2,1399.1100000000001,525,72,699.5550000000001,70,70.0,0,0.5033637426769336,1,MEDIUM,10.428571428571429,7295.359285714287,High Value,Priority Retain,Priority retention offer
17090.0,7,4,811.77,361,14,202.9425,256,85.0,0,0.32042828117406835,0,LOW,5.703125,1157.4064453125,Low Value,Normal Marketing,Normal marketing
17091.0,7,7,2692.0,1290,108,384.57142857142856,269,44.0,0,0.08827516081140556,0,LOW,9.498141263940521,3652.7137546468402,High Value,VIP Loyal,Loyalty program
17092.0,35,2,629.32,390,42,314.66,151,151.0,0,0.5211141843384919,1,MEDIUM,4.834437086092715,1521.2039735099338,High Value,Priority Retain,Priority retention offer
17094.0,231,1,302.0,152,14,302.0,0,0.0,1,0.751554002993546,1,HIGH,1.0,302.0,Low Value,Automated Campaign,Low-cost automated campaign
17095.0,208,2,543.96,234,33,271.98,35,35.0,0,0.6728498520758183,1,MEDIUM,20.857142857142858,5672.725714285715,High Value,Priority Retain,Priority retention offer
17096.0,52,2,443.94,178,22,221.97,118,118.0,0,0.5734321859413344,1,MEDIUM,6.186440677966101,1373.2042372881356,High Value,Priority Retain,Priority retention offer
17097.0,9,6,639.53,250,103,106.58833333333332,265,53.0,0,0.1250821791262856,0,LOW,8.264150943396226,880.862075471698,Low Value,Normal Marketing,Normal marketing
17101.0,87,1,230.57999999999998,158,17,230.57999999999998,0,0.0,0,0.6316911726741676,1,MEDIUM,1.0,230.57999999999998,Low Value,Automated Campaign,Low-cost automated campaign
17102.0,171,1,25.5,2,1,25.5,0,0.0,1,0.7199146143580243,1,HIGH,1.0,25.5,Low Value,Automated Campaign,Low-cost automated campaign
17105.0,68,2,665.78,693,80,332.89,147,147.0,1,0.46657206366327475,1,MEDIUM,4.965986394557823,1653.1272108843536,High Value,Priority Retain,Priority retention offer
17107.0,64,3,6332.61,2431,179,2110.87,123,61.0,0,0.17766531351556594,0,LOW,8.902439024390244,18791.89146341463,High Value,VIP Loyal,Loyalty program
17109.0,141,2,464.59000000000003,248,52,232.29500000000002,0,0.0,0,0.5704668899114949,1,MEDIUM,2.0,464.59000000000003,Low Value,Automated Campaign,Low-cost automated campaign
17110.0,74,1,163.29999999999998,50,12,163.29999999999998,0,0.0,1,0.6277705302751999,1,MEDIUM,1.0,163.29999999999998,Low Value,Automated Campaign,Low-cost automated campaign
17114.0,48,6,601.9399999999999,156,66,100.32333333333332,196,39.0,0,0.2186929879257511,0,LOW,11.173469387755102,1120.9596938775508,Low Value,Normal Marketing,Normal marketing
17115.0,92,2,612.82,260,28,306.41,50,50.0,0,0.5876206104879261,1,MEDIUM,14.600000000000001,4473.586000000001,High Value,Priority Retain,Priority retention offer
17117.0,197,1,116.19999999999999,68,9,116.19999999999999,0,0.0,1,0.7285800301483557,1,HIGH,1.0,116.19999999999999,Low Value,Automated Campaign,Low-cost automated campaign
17118.0,227,1,157.02,154,10,157.02,0,0.0,1,0.7495089457486546,1,HIGH,1.0,157.02,Low Value,Automated Campaign,Low-cost automated campaign
17120.0,142,1,307.46,120,18,307.46,0,0.0,1,0.6788518320466059,1,MEDIUM,1.0,307.46,Low Value,Automated Campaign,Low-cost automated campaign
17122.0,28,1,138.32,80,7,138.32,0,0.0,1,0.597026393688431,1,MEDIUM,1.0,138.32,Low Value,Automated Campaign,Low-cost automated campaign
17123.0,71,1,345.29999999999995,246,9,345.29999999999995,0,0.0,1,0.6400365706298274,1,MEDIUM,1.0,345.29999999999995,Low Value,Automated Campaign,Low-cost automated campaign
17124.0,94,1,294.24,129,31,294.24,0,0.0,1,0.6120381611049786,1,MEDIUM,1.0,294.24,Low Value,Automated Campaign,Low-cost automated campaign
17126.0,61,5,989.45,780,187,197.89000000000001,210,52.0,1,0.10037204050182245,0,LOW,8.690476190476192,1719.7583333333337,High Value,VIP Loyal,Loyalty program
17128.0,244,1,157.09,76,14,157.09,0,0.0,1,0.7546717634030337,1,HIGH,1.0,157.09,Low Value,Automated Campaign,Low-cost automated campaign
17133.0,99,3,2478.79,1125,9,826.2633333333333,76,38.0,0,0.5544791516719013,1,MEDIUM,14.407894736842104,11904.715131578947,High Value,Priority Retain,Priority retention offer
17134.0,16,2,413.2,98,21,206.6,157,157.0,1,0.5490477399987608,1,MEDIUM,4.649681528662421,960.6242038216561,Low Value,Automated Campaign,Low-cost automated campaign
17135.0,199,2,500.55,420,19,250.275,82,82.0,0,0.6977088096758599,1,MEDIUM,8.902439024390244,2228.057926829268,High Value,Priority Retain,Priority retention offer
17138.0,185,1,380.5,126,24,380.5,0,0.0,1,0.7044062578709546,1,HIGH,1.0,380.5,Low Value,Automated Campaign,Low-cost automated campaign
17139.0,32,7,6851.82,3200,208,978.8314285714285,166,27.0,0,0.041637842392114544,0,LOW,15.39156626506024,15065.748795180722,High Value,VIP Loyal,Loyalty program
17140.0,156,1,454.12,296,16,454.12,0,0.0,1,0.6999621290922327,1,MEDIUM,1.0,454.12,Low Value,Automated Campaign,Low-cost automated campaign
17142.0,148,1,579.0,81,15,579.0,0,0.0,1,0.7018908002941147,1,HIGH,1.0,579.0,Low Value,Automated Campaign,Low-cost automated campaign
17146.0,15,3,749.78,212,33,249.92666666666665,253,126.0,1,0.3642566488844193,0,LOW,4.328063241106719,1081.6984189723319,Low Value,Normal Marketing,Normal marketing
17147.0,116,2,973.11,517,42,486.555,105,105.0,0,0.5906438752833489,1,MEDIUM,6.9523809523809526,3382.7157142857145,High Value,Priority Retain,Priority retention offer
17152.0,104,3,1689.5,517,9,563.1666666666666,68,34.0,1,0.5655306208196543,1,MEDIUM,16.102941176470587,9068.639705882351,High Value,Priority Retain,Priority retention offer
17155.0,87,1,143.3,154,9,143.3,0,0.0,0,0.6435944207153398,1,MEDIUM,1.0,143.3,Low Value,Automated Campaign,Low-cost automated campaign
17157.0,85,1,161.46,102,8,161.46,0,0.0,0,0.6449798940164729,1,MEDIUM,1.0,161.46,Low Value,Automated Campaign,Low-cost automated campaign
17158.0,142,2,698.55,461,36,349.275,127,127.0,0,0.6260844212500332,1,MEDIUM,5.748031496062992,2007.6437007874013,High Value,Priority Retain,Priority retention offer
17159.0,81,1,528.45,305,30,528.45,0,0.0,0,0.6144900477694611,1,MEDIUM,1.0,528.45,Low Value,Automated Campaign,Low-cost automated campaign
17160.0,18,5,3001.18,2417,85,600.236,132,33.0,0,0.20312623100167362,0,LOW,13.825757575757576,8298.717424242424,High Value,VIP Loyal,Loyalty program
17162.0,40,9,1463.66,865,75,162.6288888888889,174,21.0,0,0.1398931416752013,0,LOW,18.879310344827587,3070.321264367816,High Value,VIP Loyal,Loyalty program
17164.0,61,3,1270.42,802,53,423.47333333333336,121,60.0,0,0.4093370971049835,0,MEDIUM,9.049586776859503,3832.25867768595,High Value,Priority Retain,Priority retention offer
17165.0,193,1,158.68,100,10,158.68,0,0.0,1,0.7256986935329888,1,HIGH,1.0,158.68,Low Value,Automated Campaign,Low-cost automated campaign
17166.0,113,1,127.59,57,10,127.59,0,0.0,0,0.6625620485566889,1,MEDIUM,1.0,127.59,Low Value,Automated Campaign,Low-cost automated campaign
17169.0,92,1,308.68,102,18,308.68,0,0.0,0,0.6379627736274041,1,MEDIUM,1.0,308.68,Low Value,Automated Campaign,Low-cost automated campaign
17171.0,198,1,224.91,185,16,224.91,0,0.0,1,0.7214681124023887,1,HIGH,1.0,224.91,Low Value,Automated Campaign,Low-cost automated campaign
17173.0,26,2,961.26,238,13,480.63,14,14.0,0,0.5597336113443672,1,MEDIUM,52.14285714285714,25061.421428571426,High Value,Priority Retain,Priority retention offer
17174.0,127,1,59.9,41,4,59.9,0,0.0,1,0.6822467159855604,1,MEDIUM,1.0,59.9,Low Value,Automated Campaign,Low-cost automated campaign
17175.0,50,3,1132.6299999999999,644,42,377.5433333333333,155,77.0,0,0.4107180812571394,0,MEDIUM,7.064516129032259,2667.1609677419356,High Value,Priority Retain,Priority retention offer
17176.0,111,1,306.13,170,15,306.13,0,0.0,1,0.6594762461602296,1,MEDIUM,1.0,306.13,Low Value,Automated Campaign,Low-cost automated campaign
17179.0,87,3,711.79,290,56,237.26333333333332,183,91.0,1,0.40466440548374905,0,MEDIUM,5.9836065573770485,1419.6904371584696,High Value,Priority Retain,Priority retention offer
17180.0,150,3,552.8,516,77,184.26666666666665,74,37.0,0,0.45839551180376464,1,MEDIUM,14.797297297297296,2726.6486486486483,High Value,Priority Retain,Priority retention offer
17181.0,283,1,155.52,216,2,155.52,0,0.0,0,0.7973412005886725,1,HIGH,1.0,155.52,Low Value,Automated Campaign,Low-cost automated campaign
17183.0,14,1,329.67,141,9,329.67,0,0.0,0,0.5903296696897603,1,MEDIUM,1.0,329.67,Low Value,Automated Campaign,Low-cost automated campaign
17187.0,136,1,203.95,144,10,203.95,0,0.0,1,0.6844467232771235,1,MEDIUM,1.0,203.95,Low Value,Automated Campaign,Low-cost automated campaign
17188.0,73,5,1815.09,971,51,363.018,198,49.0,0,0.2756601808890355,0,LOW,9.217171717171718,3345.9992424242423,High Value,VIP Loyal,Loyalty program
17189.0,15,2,383.75,226,52,191.875,253,253.0,1,0.49413498656350746,1,MEDIUM,2.885375494071146,553.6314229249011,Low Value,Automated Campaign,Low-cost automated campaign
17190.0,116,1,195.0,1,1,195.0,0,0.0,0,0.685731685525515,1,MEDIUM,1.0,195.0,Low Value,Automated Campaign,Low-cost automated campaign
17191.0,4,6,1561.51,859,130,260.25166666666667,273,54.0,0,0.09158376418423216,0,LOW,8.021978021978022,2087.73315018315,High Value,VIP Loyal,Loyalty program
17193.0,86,2,448.56000000000006,144,4,224.28000000000003,0,0.0,0,0.623925798177875,1,MEDIUM,2.0,448.56000000000006,Low Value,Automated Campaign,Low-cost automated campaign
17194.0,183,2,262.62,119,26,131.31,86,86.0,1,0.6705978847072839,1,MEDIUM,8.488372093023255,1114.6081395348835,Low Value,Automated Campaign,Low-cost automated campaign
17198.0,274,2,521.66,242,73,260.83,5,5.0,0,0.6433536880435269,1,MEDIUM,146.0,38081.18,High Value,Priority Retain,Priority retention offer
17204.0,84,4,1564.56,646,44,391.14,88,29.0,1,0.4071674436460737,0,MEDIUM,16.59090909090909,6489.368181818181,High Value,Priority Retain,Priority retention offer
17211.0,89,6,1464.89,793,106,244.14833333333334,189,37.0,0,0.1791690564807656,0,LOW,11.587301587301587,2829.0203703703705,High Value,VIP Loyal,Loyalty program
17212.0,162,1,226.85,147,4,226.85,0,0.0,1,0.716454505462267,1,HIGH,1.0,226.85,Low Value,Automated Campaign,Low-cost automated campaign
17213.0,50,5,1780.01,758,67,356.002,225,56.0,0,0.2212768702819627,0,LOW,8.11111111111111,2887.5717777777777,High Value,VIP Loyal,Loyalty program
17214.0,158,4,611.97,177,56,152.9925,110,36.0,0,0.44441893682529093,0,MEDIUM,13.272727272727273,2030.6277272727275,High Value,Priority Retain,Priority retention offer
17217.0,143,1,113.5,24,9,113.5,0,0.0,1,0.6878974248359874,1,MEDIUM,1.0,113.5,Low Value,Automated Campaign,Low-cost automated campaign
17218.0,123,5,943.58,394,85,188.716,154,38.0,0,0.2868215288747559,0,LOW,11.85064935064935,2236.407142857143,High Value,VIP Loyal,Loyalty program
17220.0,8,10,2288.08,1341,233,228.808,265,29.0,0,0.021170552467992855,0,LOW,13.773584905660377,3151.5064150943394,High Value,VIP Loyal,Loyalty program
17223.0,219,2,416.89,110,43,208.445,58,58.0,1,0.6643396127330313,1,MEDIUM,12.586206896551722,2623.5318965517235,High Value,Priority Retain,Priority retention offer
17226.0,218,1,393.49,406,21,393.49,0,0.0,1,0.7339729043283273,1,HIGH,1.0,393.49,Low Value,Automated Campaign,Low-cost automated campaign
17227.0,82,3,473.75,296,17,157.91666666666666,195,97.0,0,0.4805515012196381,1,MEDIUM,5.615384615384615,886.7628205128204,Low Value,Automated Campaign,Low-cost automated campaign
17228.0,117,4,687.58,611,69,171.895,164,54.0,0,0.34964457548005057,0,LOW,8.902439024390244,1530.284756097561,High Value,VIP Loyal,Loyalty program
17229.0,5,2,318.76,185,39,159.38,46,46.0,1,0.4810522750653094,1,MEDIUM,15.869565217391303,2529.2913043478256,High Value,Priority Retain,Priority retention offer
17230.0,173,8,3638.41,1651,51,454.80125,95,13.0,1,0.28603724558746835,0,LOW,30.73684210526316,13979.154210526316,High Value,VIP Loyal,Loyalty program
17231.0,35,7,1905.82,1033,209,272.26,235,39.0,0,0.049524905727072216,0,LOW,10.872340425531915,2960.103404255319,High Value,VIP Loyal,Loyalty program
17234.0,92,1,149.89000000000001,55,14,149.89000000000001,0,0.0,1,0.6382444596231138,1,MEDIUM,1.0,149.89000000000001,Low Value,Automated Campaign,Low-cost automated campaign
17235.0,281,1,341.9,126,10,341.9,0,0.0,0,0.7914279686591399,1,HIGH,1.0,341.9,Low Value,Automated Campaign,Low-cost automated campaign
17236.0,88,5,697.73,400,62,139.546,183,45.0,0,0.28865208687035904,0,LOW,9.972677595628415,1391.6472677595627,High Value,VIP Loyal,Loyalty program
17238.0,45,11,1943.57,898,212,176.68818181818182,235,23.0,0,0.028959144678157023,0,LOW,17.085106382978722,3018.736382978723,High Value,VIP Loyal,Loyalty program
17239.0,222,1,382.5,150,15,382.5,0,0.0,1,0.7470242718515816,1,HIGH,1.0,382.5,Low Value,Automated Campaign,Low-cost automated campaign
17242.0,17,2,1135.04,611,30,567.52,72,72.0,1,0.5243294428732589,1,MEDIUM,10.13888888888889,5754.022222222222,High Value,Priority Retain,Priority retention offer
17243.0,2,16,4332.36,1495,127,270.7725,277,18.0,0,0.018961807094988486,0,LOW,21.08303249097473,5708.705415162455,High Value,VIP Loyal,Loyalty program
17245.0,114,1,171.45,75,9,171.45,0,0.0,1,0.6674171947879072,1,MEDIUM,1.0,171.45,Low Value,Automated Campaign,Low-cost automated campaign
17248.0,29,1,318.65,213,68,318.65,0,0.0,1,0.4743244514264218,1,MEDIUM,1.0,318.65,Low Value,Automated Campaign,Low-cost automated campaign
17250.0,170,1,162.65,70,23,162.65,0,0.0,0,0.6847506182021929,1,MEDIUM,1.0,162.65,Low Value,Automated Campaign,Low-cost automated campaign
17251.0,272,1,269.83,108,37,269.83,0,0.0,1,0.7402828022321886,1,HIGH,1.0,269.83,Low Value,Automated Campaign,Low-cost automated campaign
17252.0,26,2,348.91,192,86,174.455,69,69.0,1,0.40188757394559127,0,MEDIUM,10.579710144927537,1845.6833333333336,High Value,Priority Retain,Priority retention offer
17255.0,208,1,108.26,73,36,108.26,0,0.0,0,0.6873972664346606,1,MEDIUM,1.0,108.26,Low Value,Automated Campaign,Low-cost automated campaign
17256.0,16,2,240.0,141,12,120.0,204,204.0,1,0.5735509088176687,1,MEDIUM,3.5784313725490193,429.4117647058823,Low Value,Automated Campaign,Low-cost automated campaign
17259.0,57,2,581.23,388,104,290.615,220,220.0,1,0.4155717142095536,0,MEDIUM,3.3181818181818183,964.3134090909092,Low Value,Automated Campaign,Low-cost automated campaign
17262.0,136,4,955.3600000000001,327,7,238.84000000000003,139,46.0,0,0.5119015404832621,1,MEDIUM,10.503597122302159,2508.6791366906477,High Value,Priority Retain,Priority retention offer
17263.0,117,1,63.440000000000005,36,23,63.440000000000005,0,0.0,1,0.6367098421367237,1,MEDIUM,1.0,63.440000000000005,Low Value,Automated Campaign,Low-cost automated campaign
17265.0,48,2,550.01,389,106,275.005,41,41.0,1,0.3767436428108995,0,LOW,17.804878048780488,4896.430487804878,High Value,VIP Loyal,Loyalty program
17266.0,57,1,113.06,27,17,113.06,0,0.0,0,0.6001114193385462,1,MEDIUM,1.0,113.06,Low Value,Automated Campaign,Low-cost automated campaign
17267.0,36,2,317.2,158,37,158.6,0,0.0,1,0.5066847490207916,1,MEDIUM,2.0,317.2,Low Value,Automated Campaign,Low-cost automated campaign
17268.0,17,4,763.64,844,3,190.91,137,45.0,1,0.41414665249126026,0,MEDIUM,10.656934306569342,2034.515328467153,High Value,Priority Retain,Priority retention offer
17272.0,108,2,1409.44,1161,59,704.72,63,63.0,0,0.5437251657683676,1,MEDIUM,11.587301587301587,8165.803174603175,High Value,Priority Retain,Priority retention offer
17277.0,137,2,1065.3500000000001,430,67,532.6750000000001,95,95.0,1,0.5553393808060152,1,MEDIUM,7.68421052631579,4093.186842105264,High Value,Priority Retain,Priority retention offer
17278.0,150,1,246.04,179,15,246.04,0,0.0,1,0.6878504119245101,1,MEDIUM,1.0,246.04,Low Value,Automated Campaign,Low-cost automated campaign
17282.0,39,3,1685.46,1866,79,561.82,169,84.0,1,0.3169212962824644,0,LOW,6.479289940828402,3640.194674556213,High Value,VIP Loyal,Loyalty program
17284.0,30,5,1489.04,1238,219,297.808,215,53.0,0,0.06692828957048819,0,LOW,8.488372093023255,2527.9051162790693,High Value,VIP Loyal,Loyalty program
17287.0,52,5,702.41,350,61,140.482,229,57.0,0,0.24124841615734754,0,LOW,7.969432314410481,1119.561790393013,Low Value,Normal Marketing,Normal marketing
17288.0,116,5,663.7,662,13,132.74,151,37.0,0,0.4296855978400353,0,MEDIUM,12.086092715231787,1604.3079470198675,High Value,Priority Retain,Priority retention offer
17289.0,89,1,164.45,132,30,164.45,0,0.0,0,0.6030492461978407,1,MEDIUM,1.0,164.45,Low Value,Automated Campaign,Low-cost automated campaign
17291.0,217,1,550.8000000000001,72,1,550.8000000000001,0,0.0,1,0.7730039437482682,1,HIGH,1.0,550.8000000000001,Low Value,Automated Campaign,Low-cost automated campaign
17293.0,28,5,867.03,517,45,173.406,241,60.0,0,0.2431259770489637,0,LOW,7.572614107883818,1313.1367219917015,Low Value,Normal Marketing,Normal marketing
17298.0,10,2,498.42,387,30,249.21,23,23.0,1,0.5034458521607738,1,MEDIUM,31.739130434782606,7909.708695652173,High Value,Priority Retain,Priority retention offer
17299.0,9,2,268.19,280,24,134.095,72,72.0,0,0.520849183640456,1,MEDIUM,10.13888888888889,1359.5743055555556,Low Value,Automated Campaign,Low-cost automated campaign
17302.0,32,3,661.61,345,48,220.53666666666666,182,91.0,0,0.37457017044842594,0,LOW,6.016483516483516,1326.8552197802198,Low Value,Normal Marketing,Normal marketing
17303.0,270,1,250.04,144,53,250.04,0,0.0,1,0.7098202692970436,1,HIGH,1.0,250.04,Low Value,Automated Campaign,Low-cost automated campaign
17306.0,9,15,6700.06,9258,9,446.6706666666667,253,18.0,0,0.04780629488374172,0,LOW,21.640316205533594,9666.094466403161,High Value,VIP Loyal,Loyalty program
17309.0,4,1,82.75,41,11,82.75,0,0.0,1,0.5643026140324929,1,MEDIUM,1.0,82.75,Low Value,Automated Campaign,Low-cost automated campaign
17311.0,226,1,556.46,410,24,556.46,0,0.0,0,0.7413590782984213,1,HIGH,1.0,556.46,Low Value,Automated Campaign,Low-cost automated campaign
17312.0,48,3,644.3,372,11,214.76666666666665,20,10.0,1,0.5321974008815743,1,MEDIUM,54.75,11758.474999999999,High Value,Priority Retain,Priority retention offer
17314.0,58,5,1506.92,1018,57,301.384,164,41.0,0,0.27613442942151517,0,LOW,11.128048780487806,3353.815853658537,High Value,VIP Loyal,Loyalty program
17315.0,9,30,4368.09,2998,233,145.603,257,8.0,0,0.0014969041025705743,0,LOW,42.60700389105058,6203.707587548638,High Value,VIP Loyal,Loyalty program
17320.0,9,3,1200.6200000000001,634,57,400.2066666666667,267,133.0,1,0.30550039909046034,0,LOW,4.1011235955056184,1641.2970037453188,High Value,VIP Loyal,Loyalty program
17323.0,34,4,530.95,495,98,132.7375,167,55.0,0,0.23528597279570154,0,LOW,8.74251497005988,1160.4595808383233,Low Value,Normal Marketing,Normal marketing
17324.0,241,2,702.23,606,17,351.115,34,34.0,0,0.728133591648987,1,HIGH,21.470588235294116,7538.645588235294,High Value,Priority Retain,Priority retention offer
17325.0,189,1,96.8,60,6,96.8,0,0.0,1,0.7272140272250844,1,HIGH,1.0,96.8,Low Value,Automated Campaign,Low-cost automated campaign
17329.0,224,1,243.36,67,16,243.36,0,0.0,0,0.7411516604458798,1,HIGH,1.0,243.36,Low Value,Automated Campaign,Low-cost automated campaign
17331.0,33,1,175.2,16,1,175.2,0,0.0,1,0.616074906581333,1,MEDIUM,1.0,175.2,Low Value,Automated Campaign,Low-cost automated campaign
17334.0,211,2,307.02,315,11,153.51,6,6.0,1,0.7100672326305996,1,HIGH,121.66666666666669,18677.050000000003,High Value,Priority Retain,Priority retention offer
17337.0,60,4,1981.06,1247,421,495.265,158,52.0,1,0.018520106776970743,0,LOW,9.240506329113924,4576.499367088607,High Value,VIP Loyal,Loyalty program
17338.0,23,7,5163.92,2339,320,737.7028571428572,247,41.0,0,0.013826585995254255,0,LOW,10.34412955465587,7630.893927125506,High Value,VIP Loyal,Loyalty program
17339.0,3,2,243.36,152,9,121.68,270,270.0,1,0.578375483878741,1,MEDIUM,2.7037037037037037,328.9866666666667,Low Value,Automated Campaign,Low-cost automated campaign
17340.0,29,7,7593.65,4008,157,1084.8071428571427,245,40.0,0,0.04723509230381983,0,LOW,10.428571428571429,11312.988775510203,High Value,VIP Loyal,Loyalty program
17341.0,66,3,682.29,443,147,227.42999999999998,209,104.0,1,0.21299536340690053,0,LOW,5.239234449760766,1191.5590909090909,Low Value,Normal Marketing,Normal marketing
17343.0,264,1,193.64,56,17,193.64,0,0.0,1,0.7646622650112412,1,HIGH,1.0,193.64,Low Value,Automated Campaign,Low-cost automated campaign
17345.0,2,3,281.18,177,32,93.72666666666667,103,51.0,0,0.4127671642849874,0,MEDIUM,10.631067961165048,996.4145631067961,Low Value,Automated Campaign,Low-cost automated campaign
17346.0,12,8,1228.78,923,170,153.5975,270,38.0,0,0.05195454459737892,0,LOW,10.814814814814815,1661.1285185185186,High Value,VIP Loyal,Loyalty program
17348.0,207,1,160.15,199,36,160.15,0,0.0,0,0.688732342419103,1,MEDIUM,1.0,160.15,Low Value,Automated Campaign,Low-cost automated campaign
17349.0,88,1,98.25,102,8,98.25,0,0.0,1,0.6443378003331173,1,MEDIUM,1.0,98.25,Low Value,Automated Campaign,Low-cost automated campaign
17351.0,78,2,427.3,92,17,213.65,104,104.0,0,0.6049915439331405,1,MEDIUM,7.019230769230769,1499.6586538461538,High Value,Priority Retain,Priority retention offer
17353.0,38,2,1740.0,1200,5,870.0,25,25.0,1,0.5956609003380274,1,MEDIUM,29.200000000000003,25404.000000000004,High Value,Priority Retain,Priority retention offer
17356.0,221,1,178.22,166,19,178.22,0,0.0,1,0.7309231515128432,1,HIGH,1.0,178.22,Low Value,Automated Campaign,Low-cost automated campaign
17358.0,212,2,360.81,190,55,180.405,52,52.0,1,0.6327855731579071,1,MEDIUM,14.038461538461538,2532.6086538461536,High Value,Priority Retain,Priority retention offer
17360.0,93,1,320.9,164,53,320.9,0,0.0,0,0.5655894367814329,1,MEDIUM,1.0,320.9,Low Value,Automated Campaign,Low-cost automated campaign
17361.0,95,2,263.92,63,16,131.96,105,105.0,0,0.6201763091292009,1,MEDIUM,6.9523809523809526,917.4361904761905,Low Value,Automated Campaign,Low-cost automated campaign
17362.0,148,2,312.23,191,30,156.115,70,70.0,1,0.6317279978848541,1,MEDIUM,10.428571428571429,1628.0564285714288,High Value,Priority Retain,Priority retention offer
17364.0,46,6,2617.41,1494,153,436.23499999999996,193,38.0,0,0.10092040376547905,0,LOW,11.347150259067357,4950.024093264248,High Value,VIP Loyal,Loyalty program
17365.0,79,5,2336.81,2534,172,467.36199999999997,162,40.0,0,0.12359254363310349,0,LOW,11.265432098765432,5265.034876543209,High Value,VIP Loyal,Loyalty program
17367.0,147,1,167.55,149,33,167.55,0,0.0,1,0.646541659432176,1,MEDIUM,1.0,167.55,Low Value,Automated Campaign,Low-cost automated campaign
17368.0,2,6,1605.07,1280,56,267.51166666666666,244,48.0,0,0.1716514839308863,0,LOW,8.975409836065573,2401.0268442622946,High Value,VIP Loyal,Loyalty program
17370.0,1,2,228.06,218,16,114.03,77,77.0,0,0.5316042006335202,1,MEDIUM,9.480519480519481,1081.0636363636365,Low Value,Automated Campaign,Low-cost automated campaign
17371.0,270,1,92.14,39,7,92.14,0,0.0,0,0.7801419339391367,1,HIGH,1.0,92.14,Low Value,Automated Campaign,Low-cost automated campaign
17372.0,75,6,1055.63,592,177,175.93833333333336,196,39.0,0,0.10091815583625671,0,LOW,11.173469387755102,1965.8415816326533,High Value,VIP Loyal,Loyalty program
17373.0,43,2,287.3,200,26,143.65,178,178.0,0,0.5639257331027728,1,MEDIUM,4.1011235955056184,589.1264044943821,Low Value,Automated Campaign,Low-cost automated campaign
17374.0,128,2,495.77,85,24,247.885,62,62.0,1,0.6282029126085322,1,MEDIUM,11.774193548387098,2918.6459677419357,High Value,Priority Retain,Priority retention offer
17375.0,108,3,400.1,367,63,133.36666666666667,162,81.0,1,0.4173673907687101,0,MEDIUM,6.7592592592592595,901.4598765432099,Low Value,Automated Campaign,Low-cost automated campaign
17376.0,220,1,105.85,35,13,105.85,0,0.0,0,0.7377371442984392,1,HIGH,1.0,105.85,Low Value,Automated Campaign,Low-cost automated campaign
17377.0,35,9,2040.34,1082,91,226.70444444444445,247,30.0,0,0.09415909030813481,0,LOW,13.299595141700404,3015.0773279352225,High Value,VIP Loyal,Loyalty program
17381.0,8,24,18261.65,22851,40,760.9020833333334,273,11.0,0,0.0028066945614776367,0,LOW,32.08791208791209,24415.75915750916,High Value,VIP Loyal,Loyalty program
17384.0,128,1,227.65,43,3,227.65,0,0.0,0,0.6927564975799361,1,MEDIUM,1.0,227.65,Low Value,Automated Campaign,Low-cost automated campaign
17386.0,8,5,1697.3400000000001,1022,8,339.468,66,16.0,0,0.38621548111982035,0,LOW,27.651515151515152,9386.804545454546,High Value,VIP Loyal,Loyalty program
17388.0,41,3,953.0300000000001,779,12,317.6766666666667,156,78.0,0,0.4678176864712772,1,MEDIUM,7.019230769230769,2229.8458333333333,High Value,Priority Retain,Priority retention offer
17389.0,5,25,9504.08,1942,37,380.1632,235,9.0,0,0.00936161936292122,0,LOW,38.82978723404255,14761.656170212766,High Value,VIP Loyal,Loyalty program
17391.0,73,2,508.8,480,2,254.4,0,0.0,1,0.6166889884322447,1,MEDIUM,2.0,508.8,Low Value,Automated Campaign,Low-cost automated campaign
17392.0,216,2,417.27,277,53,208.635,51,51.0,1,0.6404899709489962,1,MEDIUM,14.313725490196077,2986.3441176470583,High Value,Priority Retain,Priority retention offer
17394.0,128,1,203.86999999999998,241,4,203.86999999999998,0,0.0,1,0.689295961898616,1,MEDIUM,1.0,203.86999999999998,Low Value,Automated Campaign,Low-cost automated campaign
17396.0,58,6,4801.8,1105,18,800.3000000000001,223,44.0,0,0.23497130421381882,0,LOW,9.820627802690582,7859.448430493274,High Value,VIP Loyal,Loyalty program
17398.0,24,3,653.38,310,30,217.79333333333332,140,70.0,1,0.4216307816217653,0,MEDIUM,7.821428571428572,1703.4550000000002,High Value,Priority Retain,Priority retention offer
17400.0,35,5,2097.84,1088,175,419.56800000000004,226,56.0,1,0.09204404776804985,0,LOW,8.075221238938052,3388.1044247787613,High Value,VIP Loyal,Loyalty program
17402.0,11,8,1732.45,420,29,216.55625,267,38.0,0,0.15591882054967487,0,LOW,10.936329588014981,2368.3305243445693,High Value,VIP Loyal,Loyalty program
17404.0,32,10,21004.3,21623,93,2100.43,236,26.0,0,0.013451730510409888,0,LOW,15.466101694915254,32485.463983050846,High Value,VIP Loyal,Loyalty program
17405.0,59,1,393.31,334,41,393.31,0,0.0,0,0.5644765115271928,1,MEDIUM,1.0,393.31,Low Value,Automated Campaign,Low-cost automated campaign
17406.0,242,3,2184.42,780,99,728.14,33,16.0,1,0.505132705075689,1,MEDIUM,33.18181818181818,24161.00909090909,High Value,Priority Retain,Priority retention offer
17408.0,72,1,32.65,3,2,32.65,0,0.0,1,0.6400434272724689,1,MEDIUM,1.0,32.65,Low Value,Automated Campaign,Low-cost automated campaign
17409.0,94,2,771.85,105,13,385.925,63,63.0,1,0.6250166868663893,1,MEDIUM,11.587301587301587,4471.829365079365,High Value,Priority Retain,Priority retention offer
17410.0,5,2,419.55,149,22,209.775,119,119.0,0,0.5310001091144632,1,MEDIUM,6.1344537815126055,1286.855042016807,Low Value,Automated Campaign,Low-cost automated campaign
17411.0,170,1,285.58,126,16,285.58,0,0.0,0,0.7033814518770569,1,HIGH,1.0,285.58,Low Value,Automated Campaign,Low-cost automated campaign
17412.0,105,4,709.82,358,30,177.455,175,58.0,0,0.4150857846655455,0,MEDIUM,8.342857142857143,1480.4817142857146,High Value,Priority Retain,Priority retention offer
17414.0,94,1,598.0,1380,5,598.0,0,0.0,0,0.6763129730275398,1,MEDIUM,1.0,598.0,Low Value,Automated Campaign,Low-cost automated campaign
17416.0,19,5,5294.49,3283,153,1058.898,171,42.0,0,0.09934119963340918,0,LOW,10.67251461988304,11301.10438596491,High Value,VIP Loyal,Loyalty program
17418.0,233,1,167.39000000000001,139,12,167.39000000000001,0,0.0,0,0.7507650330090513,1,HIGH,1.0,167.39000000000001,Low Value,Automated Campaign,Low-cost automated campaign
17419.0,53,8,2660.0,1213,107,332.5,223,31.0,0,0.10253605602228014,0,LOW,13.094170403587443,4353.811659192825,High Value,VIP Loyal,Loyalty program
17420.0,80,2,391.51,169,19,195.755,202,202.0,0,0.6163046701879654,1,MEDIUM,3.6138613861386144,707.4314356435644,Low Value,Automated Campaign,Low-cost automated campaign
17422.0,2,5,1698.97,1749,80,339.794,203,50.0,0,0.18278455072144356,0,LOW,8.990147783251231,3054.7982758620687,High Value,VIP Loyal,Loyalty program
17423.0,127,1,449.42,314,11,449.42,0,0.0,0,0.6865669237069476,1,MEDIUM,1.0,449.42,Low Value,Automated Campaign,Low-cost automated campaign
17426.0,0,4,4280.59,2541,153,1070.1475,190,63.0,0,0.11900988566097838,0,LOW,7.68421052631579,8223.238684210528,High Value,VIP Loyal,Loyalty program
17428.0,20,20,10661.09,6739,205,533.0545,258,13.0,0,0.0032613403649419475,0,LOW,28.294573643410853,15082.54980620155,High Value,VIP Loyal,Loyalty program
17429.0,37,3,524.9200000000001,624,36,174.97333333333336,90,45.0,1,0.4392026172924502,0,MEDIUM,12.166666666666668,2128.8422222222225,High Value,Priority Retain,Priority retention offer
17430.0,274,1,112.6,60,5,112.6,0,0.0,0,0.7863256052651751,1,HIGH,1.0,112.6,Low Value,Automated Campaign,Low-cost automated campaign
17431.0,222,1,403.3,292,41,403.3,0,0.0,1,0.7019779979380456,1,HIGH,1.0,403.3,Low Value,Automated Campaign,Low-cost automated campaign
17436.0,136,1,122.39999999999999,48,4,122.39999999999999,0,0.0,0,0.6922097286572655,1,MEDIUM,1.0,122.39999999999999,Low Value,Automated Campaign,Low-cost automated campaign
17438.0,163,1,388.45000000000005,103,17,388.45000000000005,0,0.0,1,0.7009317011819899,1,HIGH,1.0,388.45000000000005,Low Value,Automated Campaign,Low-cost automated campaign
17440.0,66,3,186.42000000000002,246,3,62.14000000000001,90,45.0,1,0.5397509146802133,1,MEDIUM,12.166666666666668,756.0366666666669,Low Value,Automated Campaign,Low-cost automated campaign
17442.0,3,5,1921.69,1260,86,384.338,196,49.0,0,0.1778175356863979,0,LOW,9.311224489795919,3578.657397959184,High Value,VIP Loyal,Loyalty program
17443.0,129,1,534.24,504,1,534.24,0,0.0,1,0.710086090643803,1,HIGH,1.0,534.24,Low Value,Automated Campaign,Low-cost automated campaign
17444.0,57,3,2940.04,2119,132,980.0133333333333,25,12.0,1,0.2780351808595765,0,LOW,43.800000000000004,42924.584,High Value,VIP Loyal,Loyalty program
17446.0,86,2,120.9,198,6,60.45,133,133.0,1,0.6351730586747615,1,MEDIUM,5.488721804511278,331.79323308270676,Low Value,Automated Campaign,Low-cost automated campaign
17449.0,4,4,1497.55,708,119,374.3875,264,88.0,0,0.1500619721409611,0,LOW,5.53030303030303,2070.4763257575755,High Value,VIP Loyal,Loyalty program
17450.0,4,23,86301.54,32160,107,3752.240869565217,272,12.0,0,1.0631216640718282e-06,0,LOW,30.863970588235293,115809.05183823527,High Value,VIP Loyal,Loyalty program
17451.0,15,1,346.01,267,23,346.01,0,0.0,0,0.5616369039736876,1,MEDIUM,1.0,346.01,Low Value,Automated Campaign,Low-cost automated campaign
17454.0,101,4,517.53,243,57,129.3825,167,55.0,1,0.3612846542934443,0,LOW,8.74251497005988,1131.1284431137724,Low Value,Normal Marketing,Normal marketing
17455.0,113,1,131.7,66,8,131.7,0,0.0,1,0.6666651472096605,1,MEDIUM,1.0,131.7,Low Value,Automated Campaign,Low-cost automated campaign
17456.0,274,1,249.86,222,17,249.86,0,0.0,1,0.772987961672244,1,HIGH,1.0,249.86,Low Value,Automated Campaign,Low-cost automated campaign
17457.0,36,5,1737.7,826,14,347.54,212,53.0,1,0.30898211943466103,0,LOW,8.608490566037737,2991.7948113207553,High Value,VIP Loyal,Loyalty program
17460.0,3,6,622.4300000000001,236,18,103.73833333333334,278,55.0,1,0.22137726678118885,0,LOW,7.877697841726619,817.2192446043166,Low Value,Normal Marketing,Normal marketing
17462.0,193,1,463.40999999999997,155,14,463.40999999999997,0,0.0,0,0.7317151577789568,1,HIGH,1.0,463.40999999999997,Low Value,Automated Campaign,Low-cost automated campaign
17463.0,85,3,1227.59,718,103,409.19666666666666,136,68.0,0,0.3230426571926862,0,LOW,8.051470588235293,3294.6349264705877,High Value,VIP Loyal,Loyalty program
17464.0,67,1,289.96000000000004,220,9,289.96000000000004,0,0.0,1,0.6339460990858407,1,MEDIUM,1.0,289.96000000000004,Low Value,Automated Campaign,Low-cost automated campaign
17469.0,18,3,1050.27,443,44,350.09,95,47.0,0,0.4020342382586914,0,MEDIUM,11.526315789473685,4035.247894736842,High Value,Priority Retain,Priority retention offer
17470.0,36,4,816.47,1275,54,204.1175,240,80.0,0,0.2748648330283574,0,LOW,6.083333333333334,1241.7147916666668,Low Value,Normal Marketing,Normal marketing
17472.0,100,3,697.54,455,142,232.51333333333332,108,54.0,1,0.2736101624839741,0,LOW,10.13888888888889,2357.426851851852,High Value,VIP Loyal,Loyalty program
17481.0,3,1,260.63,149,19,260.63,0,0.0,0,0.5552756586528979,1,MEDIUM,1.0,260.63,Low Value,Automated Campaign,Low-cost automated campaign
17483.0,43,2,274.74,98,13,137.37,48,48.0,0,0.5724695035496814,1,MEDIUM,15.208333333333336,2089.1687500000003,High Value,Priority Retain,Priority retention offer
17486.0,170,1,396.87,191,24,396.87,0,0.0,1,0.6934860701490798,1,MEDIUM,1.0,396.87,Low Value,Automated Campaign,Low-cost automated campaign
17489.0,122,1,208.56,232,16,208.56,0,0.0,0,0.6615857159028818,1,MEDIUM,1.0,208.56,Low Value,Automated Campaign,Low-cost automated campaign
17490.0,86,1,305.2,140,18,305.2,0,0.0,0,0.6326160288333895,1,MEDIUM,1.0,305.2,Low Value,Automated Campaign,Low-cost automated campaign
17491.0,5,6,2118.11,1247,58,353.0183333333334,271,54.0,0,0.155787127279476,0,LOW,8.08118081180812,2852.804981549816,High Value,VIP Loyal,Loyalty program
17492.0,157,1,374.57,155,12,374.57,0,0.0,1,0.7048038865420942,1,HIGH,1.0,374.57,Low Value,Automated Campaign,Low-cost automated campaign
17496.0,268,1,271.05,79,10,271.05,0,0.0,1,0.7809547996028429,1,HIGH,1.0,271.05,Low Value,Automated Campaign,Low-cost automated campaign
17499.0,199,1,622.88,711,40,622.88,0,0.0,1,0.6952265685279785,1,MEDIUM,1.0,622.88,Low Value,Automated Campaign,Low-cost automated campaign
17501.0,130,2,288.6,160,18,144.3,0,0.0,1,0.630805970127779,1,MEDIUM,2.0,288.6,Low Value,Automated Campaign,Low-cost automated campaign
17504.0,115,9,2997.0299999999997,1664,112,333.00333333333333,116,14.0,1,0.13972893838324307,0,LOW,28.318965517241377,9430.309913793102,High Value,VIP Loyal,Loyalty program
17505.0,71,2,1145.84,556,48,572.92,44,44.0,1,0.5299003469284082,1,MEDIUM,16.59090909090909,9505.263636363636,High Value,Priority Retain,Priority retention offer
17507.0,171,2,605.58,359,79,302.79,47,47.0,1,0.5473305921881558,1,MEDIUM,15.53191489361702,4702.908510638298,High Value,Priority Retain,Priority retention offer
17508.0,190,1,387.31,289,22,387.31,0,0.0,1,0.7117451538704237,1,HIGH,1.0,387.31,Low Value,Automated Campaign,Low-cost automated campaign
17511.0,3,21,59375.75,40277,357,2827.4166666666665,280,14.0,0,2.5826742580384878e-06,0,LOW,27.375,77400.53125,High Value,VIP Loyal,Loyalty program
17512.0,30,8,1891.9,1834,40,236.4875,180,25.0,0,0.18661114783794405,0,LOW,16.22222222222222,3836.3527777777776,High Value,VIP Loyal,Loyalty program
17514.0,37,1,208.65,135,40,208.65,0,0.0,1,0.5374196508140512,1,MEDIUM,1.0,208.65,Low Value,Automated Campaign,Low-cost automated campaign
17515.0,115,3,571.37,220,47,190.45666666666668,111,55.0,0,0.47797915626654225,1,MEDIUM,9.864864864864863,1878.829279279279,High Value,Priority Retain,Priority retention offer
17516.0,28,4,605.65,373,95,151.4125,166,55.0,0,0.23653292184423294,0,LOW,8.795180722891565,1331.7003012048192,Low Value,Normal Marketing,Normal marketing
17517.0,218,1,153.94,102,11,153.94,0,0.0,1,0.7415929290780532,1,HIGH,1.0,153.94,Low Value,Automated Campaign,Low-cost automated campaign
17519.0,43,5,1488.0,1042,50,297.6,234,58.0,0,0.24108215935796276,0,LOW,7.799145299145299,2321.025641025641,High Value,VIP Loyal,Loyalty program
17521.0,108,1,159.56,116,8,159.56,0,0.0,0,0.663826661803575,1,MEDIUM,1.0,159.56,Low Value,Automated Campaign,Low-cost automated campaign
17522.0,48,4,912.25,932,54,228.0625,79,26.0,0,0.36514192191050715,0,LOW,18.481012658227847,4214.8259493670885,High Value,VIP Loyal,Loyalty program
17524.0,270,1,145.0,90,6,145.0,0,0.0,1,0.78350757576733,1,HIGH,1.0,145.0,Low Value,Automated Campaign,Low-cost automated campaign
17525.0,269,1,422.70000000000005,82,9,422.70000000000005,0,0.0,1,0.7886234452877744,1,HIGH,1.0,422.70000000000005,Low Value,Automated Campaign,Low-cost automated campaign
17526.0,200,3,872.8,140,9,290.93333333333334,74,37.0,0,0.649289103584745,1,MEDIUM,14.797297297297296,4305.027027027027,High Value,Priority Retain,Priority retention offer
17527.0,19,2,606.62,206,25,303.31,108,108.0,0,0.5375065664027701,1,MEDIUM,6.7592592592592595,2050.150925925926,High Value,Priority Retain,Priority retention offer
17530.0,115,6,1365.26,792,216,227.54333333333332,158,31.0,0,0.09127200385039642,0,LOW,13.860759493670885,3153.9234177215185,High Value,VIP Loyal,Loyalty program
17531.0,99,1,296.7,136,14,296.7,0,0.0,1,0.6511994149626573,1,MEDIUM,1.0,296.7,Low Value,Automated Campaign,Low-cost automated campaign
17535.0,189,1,164.4,136,13,164.4,0,0.0,1,0.7176286968922275,1,HIGH,1.0,164.4,Low Value,Automated Campaign,Low-cost automated campaign
17536.0,86,1,76.5,6,3,76.5,0,0.0,1,0.6518840883330761,1,MEDIUM,1.0,76.5,Low Value,Automated Campaign,Low-cost automated campaign
17537.0,212,1,620.75,369,60,620.75,0,0.0,0,0.6680407044686115,1,MEDIUM,1.0,620.75,Low Value,Automated Campaign,Low-cost automated campaign
17540.0,225,1,268.8,64,8,268.8,0,0.0,0,0.756141289038005,1,HIGH,1.0,268.8,Low Value,Automated Campaign,Low-cost automated campaign
17542.0,179,1,170.75,134,24,170.75,0,0.0,1,0.690137719416461,1,MEDIUM,1.0,170.75,Low Value,Automated Campaign,Low-cost automated campaign
17548.0,143,1,103.3,58,5,103.3,0,0.0,1,0.6948593690871178,1,MEDIUM,1.0,103.3,Low Value,Automated Campaign,Low-cost automated campaign
17550.0,106,3,267.16,86,42,89.05333333333334,45,22.0,1,0.5080492767966402,1,MEDIUM,24.333333333333336,2166.964444444445,High Value,Priority Retain,Priority retention offer
17551.0,268,1,290.34,142,39,290.34,0,0.0,1,0.734837724975396,1,HIGH,1.0,290.34,Low Value,Automated Campaign,Low-cost automated campaign
17552.0,281,2,298.52,144,13,149.26,0,0.0,0,0.7560826576657131,1,HIGH,2.0,298.52,Low Value,Automated Campaign,Low-cost automated campaign
17553.0,39,1,1487.6,1048,2,1487.6,0,0.0,1,0.6813232815514165,1,MEDIUM,1.0,1487.6,High Value,Priority Retain,Priority retention offer
17554.0,32,2,1249.89,1409,51,624.945,25,25.0,0,0.4836707317392428,1,MEDIUM,29.200000000000003,18248.394000000004,High Value,Priority Retain,Priority retention offer
17555.0,244,1,195.45,156,48,195.45,0,0.0,0,0.6967086516423385,1,MEDIUM,1.0,195.45,Low Value,Automated Campaign,Low-cost automated campaign
17556.0,115,1,157.9,101,6,157.9,0,0.0,1,0.6733460140954077,1,MEDIUM,1.0,157.9,Low Value,Automated Campaign,Low-cost automated campaign
17560.0,4,5,854.95,651,22,170.99,215,53.0,1,0.2781504313910719,0,LOW,8.488372093023255,1451.4267441860463,High Value,VIP Loyal,Loyalty program
17562.0,19,4,661.1,601,35,165.275,63,21.0,0,0.3917807936019897,0,LOW,23.174603174603174,3830.1825396825398,High Value,VIP Loyal,Loyalty program
17567.0,2,6,2925.45,1761,83,487.575,279,55.0,0,0.11860490820781176,0,LOW,7.849462365591398,3827.201612903226,High Value,VIP Loyal,Loyalty program
17569.0,241,1,344.14,159,29,344.14,0,0.0,1,0.7350464087777819,1,HIGH,1.0,344.14,Low Value,Automated Campaign,Low-cost automated campaign
17571.0,55,3,559.55,485,72,186.51666666666665,152,76.0,0,0.355924967121901,0,LOW,7.203947368421052,1343.6562499999998,Low Value,Normal Marketing,Normal marketing
17572.0,9,3,196.0,80,7,65.33333333333333,273,136.0,0,0.4072870013234126,0,MEDIUM,4.010989010989011,262.05128205128204,Low Value,Automated Campaign,Low-cost automated campaign
17573.0,3,1,174.71,177,11,174.71,0,0.0,0,0.5679436880792913,1,MEDIUM,1.0,174.71,Low Value,Automated Campaign,Low-cost automated campaign
17574.0,152,1,185.65,77,8,185.65,0,0.0,1,0.699948164941229,1,MEDIUM,1.0,185.65,Low Value,Automated Campaign,Low-cost automated campaign
17576.0,8,14,2266.25,1388,173,161.875,265,20.0,0,0.021300319449747016,0,LOW,19.28301886792453,3121.4386792452833,High Value,VIP Loyal,Loyalty program
17578.0,127,1,143.45999999999998,138,5,143.45999999999998,0,0.0,1,0.6840382375461851,1,MEDIUM,1.0,143.45999999999998,Low Value,Automated Campaign,Low-cost automated campaign
17579.0,47,2,270.86,130,15,135.43,41,41.0,0,0.5705385680608582,1,MEDIUM,17.804878048780488,2411.3146341463416,High Value,Priority Retain,Priority retention offer
17580.0,162,3,215.72,88,43,71.90666666666667,105,52.0,1,0.5331461875866739,1,MEDIUM,10.428571428571429,749.8838095238095,Low Value,Automated Campaign,Low-cost automated campaign
17581.0,19,17,6522.29,3495,181,383.66411764705884,262,16.0,0,0.009204683304152899,0,LOW,23.683206106870227,9086.3963740458,High Value,VIP Loyal,Loyalty program
17582.0,145,1,175.27,123,28,175.27,0,0.0,1,0.6553373511200491,1,MEDIUM,1.0,175.27,Low Value,Automated Campaign,Low-cost automated campaign
17584.0,36,1,749.45,245,16,749.45,0,0.0,0,0.6163502450445639,1,MEDIUM,1.0,749.45,Low Value,Automated Campaign,Low-cost automated campaign
17585.0,18,4,1116.68,1650,176,279.17,228,76.0,1,0.10931361044471165,0,LOW,6.4035087719298245,1787.6675438596492,High Value,VIP Loyal,Loyalty program
17588.0,9,3,1240.2,676,19,413.40000000000003,132,66.0,1,0.43276607928099553,0,MEDIUM,8.295454545454545,3429.340909090909,High Value,Priority Retain,Priority retention offer
17589.0,60,3,1843.07,1307,124,614.3566666666667,89,44.0,0,0.2777558638810361,0,LOW,12.303370786516854,7558.6578651685395,High Value,VIP Loyal,Loyalty program
17591.0,31,6,1840.8700000000001,876,81,306.81166666666667,244,48.0,0,0.15456279077270274,0,LOW,8.975409836065573,2753.760450819672,High Value,VIP Loyal,Loyalty program
17593.0,1,4,3245.66,2249,149,811.415,260,86.0,0,0.11052701299758728,0,LOW,5.615384615384616,4556.407307692308,High Value,VIP Loyal,Loyalty program
17594.0,164,1,315.0,220,14,315.0,0,0.0,0,0.7036034706554904,1,HIGH,1.0,315.0,Low Value,Automated Campaign,Low-cost automated campaign
17596.0,45,4,1737.08,2846,112,434.27,232,77.0,0,0.18498853557365083,0,LOW,6.293103448275861,2732.906034482758,High Value,VIP Loyal,Loyalty program
17597.0,123,1,2044.3700000000001,1176,55,2044.3700000000001,0,0.0,1,0.6724346448002452,1,MEDIUM,1.0,2044.3700000000001,High Value,Priority Retain,Priority retention offer
17601.0,148,1,116.00999999999999,103,9,116.00999999999999,0,0.0,1,0.6917275887609878,1,MEDIUM,1.0,116.00999999999999,Low Value,Automated Campaign,Low-cost automated campaign
17602.0,33,2,909.5500000000001,901,108,454.77500000000003,199,199.0,0,0.3853606624144694,0,LOW,3.6683417085427137,1668.2701005025128,High Value,VIP Loyal,Loyalty program
17604.0,126,2,309.36,169,57,154.68,94,94.0,1,0.5588468417390577,1,MEDIUM,7.76595744680851,1201.2382978723404,Low Value,Automated Campaign,Low-cost automated campaign
17609.0,211,2,531.25,267,103,265.625,25,25.0,0,0.5270668962750762,1,MEDIUM,29.200000000000003,7756.250000000001,High Value,Priority Retain,Priority retention offer
17611.0,33,9,2701.15,1861,389,300.1277777777778,237,29.0,0,0.0071973476396649935,0,LOW,13.860759493670885,4159.9989451476795,High Value,VIP Loyal,Loyalty program
17612.0,4,5,1682.94,1341,95,336.588,202,50.0,0,0.16615123975935198,0,LOW,9.034653465346535,3040.95594059406,High Value,VIP Loyal,Loyalty program
17613.0,27,9,2976.69,1667,173,330.74333333333334,188,23.0,0,0.051768266058911924,0,LOW,17.47340425531915,5779.2119680851065,High Value,VIP Loyal,Loyalty program
17615.0,39,3,329.6,140,13,109.86666666666667,91,45.0,1,0.49221731794994183,1,MEDIUM,12.032967032967033,1322.0219780219782,Low Value,Automated Campaign,Low-cost automated campaign
17616.0,83,3,571.1999999999999,224,1,190.39999999999998,194,97.0,1,0.5176106732053064,1,MEDIUM,5.644329896907216,1074.6804123711338,Low Value,Automated Campaign,Low-cost automated campaign
17618.0,157,2,625.48,235,48,312.74,113,113.0,0,0.6118072362031728,1,MEDIUM,6.460176991150442,2020.3557522123895,High Value,Priority Retain,Priority retention offer
17619.0,221,1,214.37,124,71,214.37,0,0.0,1,0.6340556413112047,1,MEDIUM,1.0,214.37,Low Value,Automated Campaign,Low-cost automated campaign
17621.0,221,2,901.78,310,15,450.89,41,41.0,0,0.7205072823062196,1,HIGH,17.804878048780488,8028.041463414634,High Value,Priority Retain,Priority retention offer
17624.0,127,1,400.3,312,25,400.3,0,0.0,0,0.6570443916117149,1,MEDIUM,1.0,400.3,Low Value,Automated Campaign,Low-cost automated campaign
17625.0,49,2,1227.13,838,161,613.565,117,117.0,0,0.286994197691647,0,LOW,6.239316239316239,3828.2260683760687,High Value,VIP Loyal,Loyalty program
17629.0,29,5,798.38,665,66,159.676,239,59.0,0,0.21220414997296422,0,LOW,7.635983263598327,1219.2832635983264,Low Value,Normal Marketing,Normal marketing
17630.0,79,2,503.59999999999997,158,24,251.79999999999998,62,62.0,1,0.5854725877248947,1,MEDIUM,11.774193548387098,2964.741935483871,High Value,Priority Retain,Priority retention offer
17631.0,46,2,416.5,185,29,208.25,95,95.0,0,0.5490277092363399,1,MEDIUM,7.68421052631579,1600.2368421052633,High Value,Priority Retain,Priority retention offer
17633.0,12,2,648.61,275,30,324.305,17,17.0,0,0.5064495149205216,1,MEDIUM,42.94117647058823,13926.038235294116,High Value,Priority Retain,Priority retention offer
17634.0,1,7,2077.07,650,177,296.7242857142857,245,40.0,0,0.05527613571449872,0,LOW,10.428571428571429,3094.4104081632654,High Value,VIP Loyal,Loyalty program
17637.0,24,1,338.95,215,24,338.95,0,0.0,0,0.5673109711578764,1,MEDIUM,1.0,338.95,Low Value,Automated Campaign,Low-cost automated campaign
17639.0,185,1,108.5,49,7,108.5,0,0.0,1,0.7230816944600805,1,HIGH,1.0,108.5,Low Value,Automated Campaign,Low-cost automated campaign
17642.0,29,2,712.29,474,34,356.145,56,56.0,1,0.5193556092186535,1,MEDIUM,13.035714285714285,4642.604464285714,High Value,Priority Retain,Priority retention offer
17643.0,282,1,101.55,71,8,101.55,0,0.0,1,0.7863658824023593,1,HIGH,1.0,101.55,Low Value,Automated Campaign,Low-cost automated campaign
17644.0,29,7,1625.63,898,64,232.23285714285717,140,23.0,0,0.19987149201879123,0,LOW,18.25,4238.249642857143,High Value,VIP Loyal,Loyalty program
17646.0,128,3,1008.39,323,46,336.13,145,72.0,1,0.4772630943713863,1,MEDIUM,7.551724137931035,2538.3610344827584,High Value,Priority Retain,Priority retention offer
17648.0,102,3,1107.39,289,62,369.13000000000005,57,28.0,0,0.4532836120876654,1,MEDIUM,19.210526315789473,7091.181578947369,High Value,Priority Retain,Priority retention offer
17649.0,47,1,868.49,399,52,868.49,0,0.0,1,0.5551027913945162,1,MEDIUM,1.0,868.49,Low Value,Automated Campaign,Low-cost automated campaign
17651.0,65,4,1148.01,682,52,287.0025,21,7.0,0,0.4150551379133447,0,MEDIUM,69.52380952380952,19953.507142857143,High Value,Priority Retain,Priority retention offer
17652.0,53,6,2713.57,1469,101,452.2616666666667,136,27.0,0,0.17629053251433377,0,LOW,16.102941176470587,7282.743014705882,High Value,VIP Loyal,Loyalty program
17653.0,9,2,343.34,687,9,171.67,20,20.0,0,0.5454918732748669,1,MEDIUM,36.5,6265.955,High Value,Priority Retain,Priority retention offer
17654.0,186,1,117.55,41,22,117.55,0,0.0,1,0.6970720799378259,1,MEDIUM,1.0,117.55,Low Value,Automated Campaign,Low-cost automated campaign
17655.0,26,5,1903.3300000000002,833,54,380.66600000000005,249,62.0,0,0.21358085686197825,0,LOW,7.329317269076306,2790.0218875502014,High Value,VIP Loyal,Loyalty program
17656.0,15,3,927.65,463,35,309.21666666666664,22,11.0,0,0.4478021838178551,0,MEDIUM,49.77272727272727,15390.556818181816,High Value,Priority Retain,Priority retention offer
17658.0,120,1,317.59999999999997,216,9,317.59999999999997,0,0.0,0,0.6788783428943742,1,MEDIUM,1.0,317.59999999999997,Low Value,Automated Campaign,Low-cost automated campaign
17659.0,9,9,1653.03,821,68,183.67,271,33.0,0,0.09989331985629833,0,LOW,12.121771217712178,2226.4057195571954,High Value,VIP Loyal,Loyalty program
17660.0,50,1,178.75,121,37,178.75,0,0.0,1,0.554153897063765,1,MEDIUM,1.0,178.75,Low Value,Automated Campaign,Low-cost automated campaign
17663.0,64,4,1016.53,425,33,254.1325,132,44.0,0,0.3941930223798294,0,LOW,11.06060606060606,2810.8594696969694,High Value,VIP Loyal,Loyalty program
17664.0,121,1,326.19,409,23,326.19,0,0.0,0,0.6521859818293678,1,MEDIUM,1.0,326.19,Low Value,Automated Campaign,Low-cost automated campaign
17667.0,71,4,1751.01,907,81,437.7525,137,45.0,0,0.2943633242309117,0,LOW,10.656934306569342,4665.099635036496,High Value,VIP Loyal,Loyalty program
17669.0,31,5,2433.22,1398,38,486.64399999999995,127,31.0,0,0.29879068470631365,0,LOW,14.37007874015748,6993.112598425196,High Value,VIP Loyal,Loyalty program
17670.0,137,1,205.7,110,11,205.7,0,0.0,1,0.6834965981134656,1,MEDIUM,1.0,205.7,Low Value,Automated Campaign,Low-cost automated campaign
17671.0,67,3,1098.55,524,38,366.18333333333334,207,103.0,0,0.41465726469628483,0,MEDIUM,5.2898550724637685,1937.0567632850243,High Value,Priority Retain,Priority retention offer
17672.0,218,1,1177.8400000000001,643,41,1177.8400000000001,0,0.0,0,0.732366836385668,1,HIGH,1.0,1177.8400000000001,Low Value,Automated Campaign,Low-cost automated campaign
17673.0,71,4,1175.62,1062,110,293.905,157,52.0,0,0.23956728019535597,0,LOW,9.299363057324841,2733.1292993630573,High Value,VIP Loyal,Loyalty program
17674.0,278,1,300.66,349,11,300.66,0,0.0,0,0.7862253655971878,1,HIGH,1.0,300.66,Low Value,Automated Campaign,Low-cost automated campaign
17675.0,10,23,14074.19,5555,179,611.9213043478261,266,12.0,0,0.0018552634487167777,0,LOW,31.56015037593985,19312.328383458647,High Value,VIP Loyal,Loyalty program
17676.0,18,4,730.84,468,31,182.71,257,85.0,0,0.29663300893803973,0,LOW,5.680933852140078,1037.9634241245137,Low Value,Normal Marketing,Normal marketing
17677.0,9,20,11666.5,7045,125,583.325,268,14.0,0,0.005482911373622702,0,LOW,27.238805970149254,15889.076492537315,High Value,VIP Loyal,Loyalty program
17678.0,173,1,298.11,207,16,298.11,0,0.0,1,0.7060367458030707,1,HIGH,1.0,298.11,Low Value,Automated Campaign,Low-cost automated campaign
17682.0,24,5,1899.3500000000001,989,39,379.87,253,63.0,0,0.23308542543294625,0,LOW,7.213438735177865,2740.1689723320155,High Value,VIP Loyal,Loyalty program
17685.0,176,5,1512.72,888,39,302.544,105,26.0,0,0.4462821829815659,0,MEDIUM,17.380952380952383,5258.5028571428575,High Value,Priority Retain,Priority retention offer
17686.0,30,5,4589.35,1960,174,917.8700000000001,182,45.0,0,0.08909095048677813,0,LOW,10.027472527472527,9203.91620879121,High Value,VIP Loyal,Loyalty program
17690.0,11,11,3495.53,1250,144,317.7754545454546,271,27.0,0,0.035493600649706906,0,LOW,14.815498154981551,4708.001660516606,High Value,VIP Loyal,Loyalty program
17691.0,267,2,290.40000000000003,134,18,145.20000000000002,10,10.0,1,0.7392546389738218,1,HIGH,73.0,10599.6,High Value,Priority Retain,Priority retention offer
17692.0,36,4,740.9399999999999,672,34,185.23499999999999,232,77.0,1,0.3170852295519746,0,LOW,6.293103448275861,1165.703017241379,Low Value,Normal Marketing,Normal marketing
17693.0,46,1,200.47,231,16,200.47,0,0.0,1,0.5966000843673891,1,MEDIUM,1.0,200.47,Low Value,Automated Campaign,Low-cost automated campaign
17694.0,51,1,283.12,184,15,283.12,0,0.0,1,0.6075144260328439,1,MEDIUM,1.0,283.12,Low Value,Automated Campaign,Low-cost automated campaign
17695.0,41,2,765.34,779,30,382.67,39,39.0,1,0.5362070967989142,1,MEDIUM,18.717948717948715,7162.797435897435,High Value,Priority Retain,Priority retention offer
17696.0,17,7,1915.5900000000001,1323,71,273.6557142857143,256,42.0,0,0.13294242782189872,0,LOW,9.98046875,2731.2123046875,High Value,VIP Loyal,Loyalty program
17697.0,145,1,338.95,93,19,338.95,0,0.0,1,0.6808742135465965,1,MEDIUM,1.0,338.95,Low Value,Automated Campaign,Low-cost automated campaign
17698.0,170,1,154.95,93,8,154.95,0,0.0,1,0.7121542946037237,1,HIGH,1.0,154.95,Low Value,Automated Campaign,Low-cost automated campaign
17700.0,4,3,1681.83,825,78,560.61,186,93.0,0,0.2890660422582603,0,LOW,5.887096774193548,3300.365322580645,High Value,VIP Loyal,Loyalty program
17701.0,162,1,417.95,109,24,417.95,0,0.0,1,0.6884292738749194,1,MEDIUM,1.0,417.95,Low Value,Automated Campaign,Low-cost automated campaign
17702.0,18,3,1338.77,1051,46,446.25666666666666,97,48.0,0,0.39479283841894436,0,LOW,11.288659793814432,5037.639690721649,High Value,VIP Loyal,Loyalty program
17703.0,18,2,490.96,376,32,245.48,29,29.0,0,0.507206729092616,1,MEDIUM,25.172413793103445,6179.324137931033,High Value,Priority Retain,Priority retention offer
17704.0,78,2,885.19,343,27,442.595,71,71.0,1,0.5834311250725798,1,MEDIUM,10.28169014084507,4550.6246478873245,High Value,Priority Retain,Priority retention offer
17705.0,16,6,968.0,551,42,161.33333333333334,194,38.0,0,0.2307756528808835,0,LOW,11.288659793814432,1821.2371134020618,High Value,VIP Loyal,Loyalty program
17706.0,9,12,8027.5,3049,246,668.9583333333334,266,24.0,0,0.00839043746481047,0,LOW,16.466165413533833,11015.17857142857,High Value,VIP Loyal,Loyalty program
17707.0,94,2,152.4,144,3,76.2,151,151.0,1,0.6509696022158975,1,MEDIUM,4.834437086092715,368.3841059602649,Low Value,Automated Campaign,Low-cost automated campaign
17708.0,97,2,263.33,90,28,131.665,137,137.0,1,0.6014040871295857,1,MEDIUM,5.328467153284671,701.5726277372262,Low Value,Automated Campaign,Low-cost automated campaign
17709.0,79,1,137.45,17,7,137.45,0,0.0,1,0.6409969808629464,1,MEDIUM,1.0,137.45,Low Value,Automated Campaign,Low-cost automated campaign
17711.0,199,1,220.53000000000003,107,13,220.53000000000003,0,0.0,0,0.7274556966211367,1,HIGH,1.0,220.53000000000003,Low Value,Automated Campaign,Low-cost automated campaign
17714.0,230,1,153.0,92,10,153.0,0,0.0,1,0.7515254059141525,1,HIGH,1.0,153.0,Low Value,Automated Campaign,Low-cost automated campaign
17715.0,110,1,326.4,384,1,326.4,0,0.0,1,0.6862442483219935,1,MEDIUM,1.0,326.4,Low Value,Automated Campaign,Low-cost automated campaign
17716.0,4,7,4136.66,2323,137,590.9514285714286,173,28.0,0,0.08125549193084725,0,LOW,14.76878612716763,8727.635260115607,High Value,VIP Loyal,Loyalty program
17718.0,141,1,139.35,83,6,139.35,0,0.0,1,0.6930445963540446,1,MEDIUM,1.0,139.35,Low Value,Automated Campaign,Low-cost automated campaign
17719.0,15,12,4477.4,2118,100,373.1166666666666,149,13.0,0,0.06150510205586116,0,LOW,29.395973154362416,10968.127516778522,High Value,VIP Loyal,Loyalty program
17720.0,22,3,887.6,418,32,295.8666666666667,254,127.0,0,0.3715623772120057,0,LOW,4.3110236220472435,1275.4881889763778,Low Value,Normal Marketing,Normal marketing
17722.0,5,4,2424.04,1595,111,606.01,270,90.0,1,0.15207205508132934,0,LOW,5.407407407407407,3276.942962962963,High Value,VIP Loyal,Loyalty program
17723.0,36,6,3276.4000000000005,792,4,546.0666666666667,87,17.0,1,0.3459773114825965,0,LOW,25.17241379310345,13745.816091954024,High Value,VIP Loyal,Loyalty program
17724.0,47,1,373.1,78,11,373.1,0,0.0,0,0.6173407434366059,1,MEDIUM,1.0,373.1,Low Value,Automated Campaign,Low-cost automated campaign
17725.0,10,8,2507.12,1610,94,313.39,166,23.0,0,0.11681395386516323,0,LOW,17.59036144578313,5512.643373493976,High Value,VIP Loyal,Loyalty program
17730.0,15,8,3055.77,2152,86,381.97125,220,31.0,0,0.10397936864051724,0,LOW,13.272727272727273,5069.800227272727,High Value,VIP Loyal,Loyalty program
17731.0,37,3,963.74,350,38,321.24666666666667,54,27.0,0,0.4487741858363096,0,MEDIUM,20.27777777777778,6514.168518518519,High Value,Priority Retain,Priority retention offer
17732.0,282,1,303.97,93,18,303.97,0,0.0,1,0.7788304651915746,1,HIGH,1.0,303.97,Low Value,Automated Campaign,Low-cost automated campaign
17733.0,171,1,216.95000000000002,87,12,216.95000000000002,0,0.0,0,0.7084446409054908,1,HIGH,1.0,216.95000000000002,Low Value,Automated Campaign,Low-cost automated campaign
17734.0,46,2,540.21,343,31,270.105,96,96.0,0,0.5458372884874813,1,MEDIUM,7.604166666666668,2053.9234375000005,High Value,Priority Retain,Priority retention offer
17735.0,3,16,11091.24,6817,270,693.2025,274,18.0,0,0.002644359180758215,0,LOW,21.313868613138684,14774.82700729927,High Value,VIP Loyal,Loyalty program
17736.0,22,1,307.49,213,23,307.49,0,0.0,0,0.5660069695322423,1,MEDIUM,1.0,307.49,Low Value,Automated Campaign,Low-cost automated campaign
17738.0,58,3,1571.49,711,72,523.83,133,66.0,0,0.3622210626016177,0,LOW,8.233082706766917,4312.7357142857145,High Value,VIP Loyal,Loyalty program
17739.0,106,3,1070.77,411,16,356.92333333333335,163,81.0,0,0.5156906558786795,1,MEDIUM,6.717791411042945,2397.7365030674846,High Value,Priority Retain,Priority retention offer
17742.0,22,2,355.11,89,13,177.555,219,219.0,1,0.5804858727276946,1,MEDIUM,3.3333333333333335,591.85,Low Value,Automated Campaign,Low-cost automated campaign
17744.0,160,4,1288.96,1686,50,322.24,107,35.0,0,0.4505818275629044,1,MEDIUM,13.64485981308411,4396.919626168224,High Value,Priority Retain,Priority retention offer
17746.0,149,1,110.25,29,6,110.25,0,0.0,1,0.6980142066904192,1,MEDIUM,1.0,110.25,Low Value,Automated Campaign,Low-cost automated campaign
17747.0,22,1,71.4,12,1,71.4,0,0.0,1,0.6011483706884673,1,MEDIUM,1.0,71.4,Low Value,Automated Campaign,Low-cost automated campaign
17749.0,87,2,674.52,320,33,337.26,78,78.0,1,0.577227420564206,1,MEDIUM,9.358974358974358,3156.407692307692,High Value,Priority Retain,Priority retention offer
17750.0,8,5,1204.5,2616,93,240.9,65,16.0,0,0.23159885684846584,0,LOW,28.07692307692308,6763.73076923077,High Value,VIP Loyal,Loyalty program
17752.0,268,1,80.64,192,1,80.64,0,0.0,1,0.7871478665326259,1,HIGH,1.0,80.64,Low Value,Automated Campaign,Low-cost automated campaign
17754.0,51,2,575.06,844,38,287.53,118,118.0,0,0.5374438785255323,1,MEDIUM,6.186440677966101,1778.787288135593,High Value,Priority Retain,Priority retention offer
17757.0,23,20,3308.55,1801,190,165.4275,257,13.0,0,0.008606232437704586,0,LOW,28.404669260700388,4698.913424124514,High Value,VIP Loyal,Loyalty program
17758.0,61,4,1433.25,906,172,358.3125,97,32.0,0,0.16715385620269582,0,LOW,15.051546391752577,5393.157216494846,High Value,VIP Loyal,Loyalty program
17759.0,78,2,167.15,77,18,83.575,0,0.0,0,0.5844544777774231,1,MEDIUM,2.0,167.15,Low Value,Automated Campaign,Low-cost automated campaign
17760.0,282,1,172.54,165,9,172.54,0,0.0,0,0.7873011431116279,1,HIGH,1.0,172.54,Low Value,Automated Campaign,Low-cost automated campaign
17763.0,172,1,15.0,12,1,15.0,0,0.0,1,0.7201670502714674,1,HIGH,1.0,15.0,Low Value,Automated Campaign,Low-cost automated campaign
17764.0,120,1,230.67000000000002,113,17,230.67000000000002,0,0.0,0,0.6593529506522384,1,MEDIUM,1.0,230.67000000000002,Low Value,Automated Campaign,Low-cost automated campaign
17765.0,68,3,367.63,143,51,122.54333333333334,98,49.0,1,0.43307866921381794,0,MEDIUM,11.173469387755102,1369.2341836734695,High Value,Priority Retain,Priority retention offer
17768.0,75,1,385.83,123,22,385.83,0,0.0,0,0.6191211742619807,1,MEDIUM,1.0,385.83,Low Value,Automated Campaign,Low-cost automated campaign
17769.0,48,4,1817.88,1069,129,454.47,181,60.0,0,0.18450506698204105,0,LOW,8.066298342541437,3665.890607734807,High Value,VIP Loyal,Loyalty program
17770.0,108,5,1143.27,365,33,228.654,83,20.0,1,0.4187240700768013,0,MEDIUM,21.987951807228914,5027.63313253012,High Value,Priority Retain,Priority retention offer
17771.0,232,1,115.8,110,22,115.8,0,0.0,0,0.731073784377855,1,HIGH,1.0,115.8,Low Value,Automated Campaign,Low-cost automated campaign
17774.0,6,4,1213.73,508,123,303.4325,208,69.0,1,0.16513762546099026,0,LOW,7.019230769230769,2129.8627403846153,High Value,VIP Loyal,Loyalty program
17775.0,164,1,56.4,72,3,56.4,0,0.0,1,0.7123481009674901,1,HIGH,1.0,56.4,Low Value,Automated Campaign,Low-cost automated campaign
17777.0,9,1,189.79999999999998,161,63,189.79999999999998,0,0.0,0,0.4602911159301251,1,MEDIUM,1.0,189.79999999999998,Low Value,Automated Campaign,Low-cost automated campaign
17779.0,53,1,323.09,248,34,323.09,0,0.0,0,0.5707236792532259,1,MEDIUM,1.0,323.09,Low Value,Automated Campaign,Low-cost automated campaign
17781.0,68,2,188.02,34,12,94.01,93,93.0,1,0.6026008998223471,1,MEDIUM,7.849462365591398,737.9279569892474,Low Value,Automated Campaign,Low-cost automated campaign
17783.0,157,1,112.41,53,30,112.41,0,0.0,0,0.658331612653224,1,MEDIUM,1.0,112.41,Low Value,Automated Campaign,Low-cost automated campaign
17786.0,226,1,103.35,52,24,103.35,0,0.0,0,0.7228243100787882,1,HIGH,1.0,103.35,Low Value,Automated Campaign,Low-cost automated campaign
17787.0,62,4,1817.54,896,94,454.385,218,72.0,1,0.22929134717819988,0,LOW,6.697247706422019,3043.1288990825688,High Value,VIP Loyal,Loyalty program
17788.0,39,1,16.7,3,3,16.7,0,0.0,0,0.608942308711577,1,MEDIUM,1.0,16.7,Low Value,Automated Campaign,Low-cost automated campaign
17789.0,190,1,225.9,74,14,225.9,0,0.0,1,0.7194319044104687,1,HIGH,1.0,225.9,Low Value,Automated Campaign,Low-cost automated campaign
17790.0,29,12,1363.51,595,79,113.62583333333333,244,22.0,0,0.07581159073535691,0,LOW,17.950819672131146,2039.676844262295,High Value,VIP Loyal,Loyalty program
17795.0,89,2,342.83,305,43,171.415,85,85.0,1,0.5546058814841489,1,MEDIUM,8.588235294117647,1472.1523529411763,High Value,Priority Retain,Priority retention offer
17796.0,223,3,614.1,158,60,204.70000000000002,56,28.0,0,0.5698830364111132,1,MEDIUM,19.553571428571427,4002.6160714285716,High Value,Priority Retain,Priority retention offer
17797.0,92,1,272.41,249,44,272.41,0,0.0,0,0.5812711254404973,1,MEDIUM,1.0,272.41,Low Value,Automated Campaign,Low-cost automated campaign
17799.0,8,9,2514.99,1344,245,279.4433333333333,262,32.0,0,0.02167063900833367,0,LOW,12.538167938931297,3503.707442748091,High Value,VIP Loyal,Loyalty program
17800.0,0,7,904.8000000000001,560,41,129.25714285714287,242,40.0,0,0.1757147035378636,0,LOW,10.557851239669422,1364.6776859504134,High Value,VIP Loyal,Loyalty program
17802.0,89,2,632.4200000000001,407,66,316.21000000000004,192,192.0,0,0.5238354128318267,1,MEDIUM,3.802083333333334,1202.2567708333336,Low Value,Automated Campaign,Low-cost automated campaign
17809.0,38,8,2856.71,743,33,357.08875,244,34.0,0,0.1612166036033082,0,LOW,11.967213114754097,4273.357172131147,High Value,VIP Loyal,Loyalty program
17811.0,1,24,4834.31,2311,244,201.42958333333334,241,10.0,0,0.0027407286440981997,0,LOW,36.34854771784233,7321.672821576765,High Value,VIP Loyal,Loyalty program
17812.0,277,1,193.29999999999998,127,27,193.29999999999998,0,0.0,0,0.7571095747935307,1,HIGH,1.0,193.29999999999998,Low Value,Automated Campaign,Low-cost automated campaign
17816.0,178,2,21.31,22,11,10.655,96,96.0,0,0.6943461161527611,1,MEDIUM,7.604166666666668,81.02239583333333,Low Value,Automated Campaign,Low-cost automated campaign
17817.0,186,2,269.7,26,12,134.85,0,0.0,0,0.6885728023535967,1,MEDIUM,2.0,269.7,Low Value,Automated Campaign,Low-cost automated campaign
17819.0,92,6,3468.47,991,36,578.0783333333333,188,37.0,0,0.26419582364734867,0,LOW,11.648936170212766,6733.997606382978,High Value,VIP Loyal,Loyalty program
17827.0,151,4,1580.47,957,140,395.1175,122,40.0,0,0.2570482647368297,0,LOW,11.967213114754097,4728.455327868852,High Value,VIP Loyal,Loyalty program
17828.0,19,3,1076.66,481,51,358.8866666666667,75,37.0,0,0.39559079370457734,0,LOW,14.600000000000001,5239.745333333334,High Value,VIP Loyal,Loyalty program
17829.0,208,1,889.24,496,30,889.24,0,0.0,1,0.7322247295658378,1,HIGH,1.0,889.24,Low Value,Automated Campaign,Low-cost automated campaign
17830.0,171,2,287.65000000000003,65,15,143.82500000000002,27,27.0,0,0.6746694089864015,1,MEDIUM,27.037037037037038,3888.6018518518526,High Value,Priority Retain,Priority retention offer
17837.0,57,3,376.51,102,23,125.50333333333333,15,7.0,0,0.5168156893319131,1,MEDIUM,73.0,9161.743333333334,High Value,Priority Retain,Priority retention offer
17838.0,201,3,1655.0,1022,64,551.6666666666666,79,39.0,0,0.5269943050573539,1,MEDIUM,13.860759493670885,7646.518987341771,High Value,Priority Retain,Priority retention offer
17841.0,1,81,23327.59,12688,1053,287.99493827160495,281,3.0,0,2.441493955790963e-10,0,LOW,105.2135231316726,30300.96209964413,High Value,VIP Loyal,Loyalty program
17843.0,212,1,205.48,113,36,205.48,0,0.0,1,0.6949301878489709,1,MEDIUM,1.0,205.48,Low Value,Automated Campaign,Low-cost automated campaign
17844.0,16,1,51.559999999999995,52,5,51.559999999999995,0,0.0,1,0.5862208751205652,1,MEDIUM,1.0,51.559999999999995,Low Value,Automated Campaign,Low-cost automated campaign
17848.0,37,8,821.5999999999999,390,41,102.69999999999999,229,32.0,0,0.18108338843257912,0,LOW,12.751091703056769,1309.53711790393,Low Value,Normal Marketing,Normal marketing
17849.0,127,4,605.8000000000001,114,14,151.45000000000002,115,38.0,1,0.5060855557651158,1,MEDIUM,12.695652173913045,1922.756521739131,High Value,Priority Retain,Priority retention offer
17850.0,281,34,5391.21,1733,21,158.565,1,0.0,1,0.03644268967896444,0,LOW,365.0,57876.225,High Value,VIP Loyal,Loyalty program
17854.0,94,2,311.26,84,15,155.63,41,41.0,1,0.6125353023973434,1,MEDIUM,17.804878048780488,2770.9731707317073,High Value,Priority Retain,Priority retention offer
17855.0,282,1,208.97,197,17,208.97,0,0.0,1,0.776578429768873,1,HIGH,1.0,208.97,Low Value,Automated Campaign,Low-cost automated campaign
17856.0,142,3,1142.63,577,6,380.8766666666667,48,24.0,0,0.6141322568115606,1,MEDIUM,22.812500000000004,8688.748958333335,High Value,Priority Retain,Priority retention offer
17857.0,8,14,14254.52,7712,13,1018.1800000000001,267,20.0,0,0.024827547806397853,0,LOW,19.138576779026216,19486.516104868915,High Value,VIP Loyal,Loyalty program
17858.0,25,9,3641.25,2386,65,404.5833333333333,253,31.0,0,0.09625453673737532,0,LOW,12.984189723320158,5253.18675889328,High Value,VIP Loyal,Loyalty program
17859.0,214,1,141.92000000000002,102,23,141.92000000000002,0,0.0,1,0.7173520524442495,1,HIGH,1.0,141.92000000000002,Low Value,Automated Campaign,Low-cost automated campaign
17860.0,278,1,226.45000000000002,93,49,226.45000000000002,0,0.0,1,0.7219939303604355,1,HIGH,1.0,226.45000000000002,Low Value,Automated Campaign,Low-cost automated campaign
17861.0,45,5,1299.49,1052,114,259.898,183,45.0,0,0.17410743887869615,0,LOW,9.972677595628415,2591.878961748634,High Value,VIP Loyal,Loyalty program
17862.0,233,1,330.9,100,11,330.9,0,0.0,1,0.7590556102648386,1,HIGH,1.0,330.9,Low Value,Automated Campaign,Low-cost automated campaign
17863.0,54,4,1785.28,1617,60,446.32,224,74.0,0,0.27629525287188855,0,LOW,6.517857142857142,2909.0499999999997,High Value,VIP Loyal,Loyalty program
17864.0,185,1,200.85,347,29,200.85,0,0.0,0,0.6862764196892671,1,MEDIUM,1.0,200.85,Low Value,Automated Campaign,Low-cost automated campaign
17865.0,17,12,7017.34,3533,145,584.7783333333333,256,23.0,0,0.023417483413195484,0,LOW,17.109375,10005.191796875,High Value,VIP Loyal,Loyalty program
17866.0,52,1,329.65,174,9,329.65,0,0.0,1,0.6233058001701773,1,MEDIUM,1.0,329.65,Low Value,Automated Campaign,Low-cost automated campaign
17867.0,53,4,957.48,374,8,239.37,145,48.0,0,0.43079850582862533,0,MEDIUM,10.068965517241379,2410.208275862069,High Value,Priority Retain,Priority retention offer
17869.0,16,5,428.18,111,37,85.636,260,65.0,1,0.24404302485550247,0,LOW,7.01923076923077,601.0988461538462,Low Value,Normal Marketing,Normal marketing
17870.0,1,7,745.37,515,83,106.48142857142857,275,45.0,0,0.11889991680236428,0,LOW,9.290909090909091,989.3092727272727,Low Value,Normal Marketing,Normal marketing
17871.0,114,1,155.9,182,10,155.9,0,0.0,1,0.6644374909939401,1,MEDIUM,1.0,155.9,Low Value,Automated Campaign,Low-cost automated campaign
17873.0,93,4,1576.92,915,23,394.23,188,62.0,0,0.40242541700767887,0,MEDIUM,7.76595744680851,3061.573404255319,High Value,Priority Retain,Priority retention offer
17874.0,94,6,683.46,221,37,113.91000000000001,70,14.0,1,0.3803385887092757,0,LOW,31.28571428571429,3563.755714285715,High Value,VIP Loyal,Loyalty program
17877.0,79,1,237.61,98,12,237.61,0,0.0,1,0.6356495305300885,1,MEDIUM,1.0,237.61,Low Value,Automated Campaign,Low-cost automated campaign
17879.0,83,1,178.51999999999998,45,6,178.51999999999998,0,0.0,1,0.6483318197961809,1,MEDIUM,1.0,178.51999999999998,Low Value,Automated Campaign,Low-cost automated campaign
17880.0,274,1,458.92,314,26,458.92,0,0.0,1,0.7668181525185696,1,HIGH,1.0,458.92,Low Value,Automated Campaign,Low-cost automated campaign
17881.0,213,1,133.35000000000002,32,8,133.35000000000002,0,0.0,1,0.7424520657107524,1,HIGH,1.0,133.35000000000002,Low Value,Automated Campaign,Low-cost automated campaign
17883.0,155,1,119.35,48,19,119.35,0,0.0,0,0.6785288928776984,1,MEDIUM,1.0,119.35,Low Value,Automated Campaign,Low-cost automated campaign
17884.0,221,3,590.54,542,86,196.84666666666666,59,29.0,0,0.5084978380570192,1,MEDIUM,18.559322033898304,3653.3406779661013,High Value,Priority Retain,Priority retention offer
17886.0,120,2,377.71,218,44,188.855,38,38.0,0,0.5737673885871316,1,MEDIUM,19.210526315789473,3628.0039473684205,High Value,Priority Retain,Priority retention offer
17887.0,38,1,111.35,30,10,111.35,0,0.0,1,0.5981712240622933,1,MEDIUM,1.0,111.35,Low Value,Automated Campaign,Low-cost automated campaign
17888.0,70,4,297.0,538,32,74.25,195,65.0,0,0.37285585975261704,0,LOW,7.487179487179487,555.9230769230769,Low Value,Normal Marketing,Normal marketing
17889.0,121,2,201.37,77,20,100.685,109,109.0,1,0.6339642297308677,1,MEDIUM,6.697247706422019,674.3123853211009,Low Value,Automated Campaign,Low-cost automated campaign
17890.0,232,2,586.89,402,88,293.445,38,38.0,1,0.5808504024622327,1,MEDIUM,19.210526315789473,5637.232894736841,High Value,Priority Retain,Priority retention offer
17891.0,71,1,203.85999999999999,393,34,203.85999999999999,0,0.0,1,0.580034529178914,1,MEDIUM,1.0,203.85999999999999,Low Value,Automated Campaign,Low-cost automated campaign
17892.0,64,1,142.1,69,26,142.1,0,0.0,0,0.5885674789783074,1,MEDIUM,1.0,142.1,Low Value,Automated Campaign,Low-cost automated campaign
17893.0,134,1,107.21,149,15,107.21,0,0.0,1,0.6685977130738331,1,MEDIUM,1.0,107.21,Low Value,Automated Campaign,Low-cost automated campaign
17894.0,5,7,995.9,354,108,142.27142857142857,269,44.0,0,0.09914563190217532,0,LOW,9.498141263940521,1351.3141263940522,Low Value,Normal Marketing,Normal marketing
17897.0,82,3,541.8100000000001,222,100,180.60333333333335,200,100.0,1,0.30695895341388424,0,LOW,5.4750000000000005,988.8032500000002,Low Value,Normal Marketing,Normal marketing
17898.0,116,1,99.84,124,20,99.84,0,0.0,0,0.6435517566766766,1,MEDIUM,1.0,99.84,Low Value,Automated Campaign,Low-cost automated campaign
17899.0,68,1,154.55,170,29,154.55,0,0.0,1,0.5860816398627542,1,MEDIUM,1.0,154.55,Low Value,Automated Campaign,Low-cost automated campaign
17900.0,99,2,112.19999999999999,73,4,56.099999999999994,0,0.0,1,0.6314494725172329,1,MEDIUM,2.0,112.19999999999999,Low Value,Automated Campaign,Low-cost automated campaign
17905.0,66,3,617.74,281,32,205.91333333333333,216,108.0,0,0.4254062689264341,0,MEDIUM,5.069444444444445,1043.8662037037036,Low Value,Automated Campaign,Low-cost automated campaign
17906.0,156,1,72.9,26,12,72.9,0,0.0,1,0.6905014806685645,1,MEDIUM,1.0,72.9,Low Value,Automated Campaign,Low-cost automated campaign
17908.0,283,1,232.03,169,51,232.03,0,0.0,1,0.7221919975097331,1,HIGH,1.0,232.03,Low Value,Automated Campaign,Low-cost automated campaign
17912.0,219,5,310.06,184,35,62.012,54,13.0,1,0.5463155163924729,1,MEDIUM,33.7962962962963,2095.775925925926,High Value,Priority Retain,Priority retention offer
17913.0,265,1,218.05,100,31,218.05,0,0.0,0,0.7433722401642775,1,HIGH,1.0,218.05,Low Value,Automated Campaign,Low-cost automated campaign
17917.0,165,2,226.71,130,57,113.355,106,106.0,0,0.5945208518511679,1,MEDIUM,6.886792452830189,780.6523584905661,Low Value,Automated Campaign,Low-cost automated campaign
17920.0,14,9,2328.8,1531,229,258.7555555555556,268,33.0,0,0.025287643084122943,0,LOW,12.257462686567164,3171.6865671641795,High Value,VIP Loyal,Loyalty program
17921.0,57,3,595.47,288,82,198.49,118,59.0,0,0.3502523613346144,0,LOW,9.279661016949152,1841.9199152542374,High Value,VIP Loyal,Loyalty program
17923.0,191,1,207.50000000000003,50,1,207.50000000000003,0,0.0,1,0.7419368533388205,1,HIGH,1.0,207.50000000000003,Low Value,Automated Campaign,Low-cost automated campaign
17924.0,211,2,502.20000000000005,108,2,251.10000000000002,72,72.0,0,0.7364002752246178,1,HIGH,10.13888888888889,2545.8750000000005,High Value,Priority Retain,Priority retention offer
17925.0,282,1,244.08,72,1,244.08,0,0.0,1,0.8015167625902633,1,HIGH,1.0,244.08,Low Value,Automated Campaign,Low-cost automated campaign
17926.0,42,2,397.29,306,17,198.645,70,70.0,1,0.5671257078127819,1,MEDIUM,10.428571428571429,2071.5835714285718,High Value,Priority Retain,Priority retention offer
17928.0,155,1,78.25999999999999,46,17,78.25999999999999,0,0.0,0,0.6804236207476213,1,MEDIUM,1.0,78.25999999999999,Low Value,Automated Campaign,Low-cost automated campaign
17929.0,22,3,707.0,92,4,235.66666666666666,195,97.0,0,0.45461374599850835,1,MEDIUM,5.615384615384615,1323.3589743589741,Low Value,Automated Campaign,Low-cost automated campaign
17930.0,71,2,694.14,521,19,347.07,77,77.0,0,0.5925180405194337,1,MEDIUM,9.480519480519481,3290.4038961038964,High Value,Priority Retain,Priority retention offer
17931.0,43,2,408.36,249,63,204.18,121,121.0,1,0.47533931216347475,1,MEDIUM,6.033057851239669,1231.8297520661158,Low Value,Automated Campaign,Low-cost automated campaign
17932.0,83,2,934.51,593,63,467.255,37,37.0,0,0.5041508836874148,1,MEDIUM,19.72972972972973,9218.814864864864,High Value,Priority Retain,Priority retention offer
17935.0,47,2,145.79,82,28,72.895,3,3.0,1,0.5351116501437196,1,MEDIUM,243.33333333333337,17737.783333333336,High Value,Priority Retain,Priority retention offer
17937.0,24,5,3614.52,1416,19,722.904,247,61.0,0,0.24998787630891683,0,LOW,7.388663967611336,5341.2947368421055,High Value,VIP Loyal,Loyalty program
17939.0,69,1,99.14,40,12,99.14,0,0.0,1,0.6202424484570864,1,MEDIUM,1.0,99.14,Low Value,Automated Campaign,Low-cost automated campaign
17940.0,17,9,3828.04,8723,6,425.3377777777778,194,24.0,0,0.16204610142884673,0,LOW,16.932989690721648,7202.240206185566,High Value,VIP Loyal,Loyalty program
17941.0,40,1,304.56,252,2,304.56,0,0.0,1,0.6260098466739651,1,MEDIUM,1.0,304.56,Low Value,Automated Campaign,Low-cost automated campaign
17946.0,142,2,149.57999999999998,75,18,74.78999999999999,26,26.0,1,0.6433269026517393,1,MEDIUM,28.076923076923077,2099.8730769230765,High Value,Priority Retain,Priority retention offer
17948.0,56,1,358.56000000000006,144,1,358.56000000000006,0,0.0,1,0.644576745168128,1,MEDIUM,1.0,358.56000000000006,Low Value,Automated Campaign,Low-cost automated campaign
17949.0,2,33,48209.2,20778,26,1460.8848484848484,278,8.0,0,3.5702139727883836e-05,0,LOW,43.327338129496404,63296.25179856115,High Value,VIP Loyal,Loyalty program
17950.0,274,2,263.17,186,36,131.585,0,0.0,0,0.7111650440799653,1,HIGH,2.0,263.17,Low Value,Automated Campaign,Low-cost automated campaign
17951.0,267,2,409.50000000000006,220,9,204.75000000000003,15,15.0,0,0.7556842441273355,1,HIGH,48.66666666666667,9964.500000000002,High Value,Priority Retain,Priority retention offer
17954.0,32,10,1885.21,1831,269,188.52100000000002,247,27.0,0,0.018456221502836757,0,LOW,14.777327935222672,2785.8366396761135,High Value,VIP Loyal,Loyalty program
17955.0,108,4,557.3,273,14,139.325,20,6.0,1,0.5435041778724914,1,MEDIUM,73.0,10170.724999999999,High Value,Priority Retain,Priority retention offer
17956.0,158,1,12.75,1,1,12.75,0,0.0,1,0.7096825678100686,1,HIGH,1.0,12.75,Low Value,Automated Campaign,Low-cost automated campaign
17958.0,26,1,508.4599999999999,84,7,508.4599999999999,0,0.0,1,0.6144978848970954,1,MEDIUM,1.0,508.4599999999999,Low Value,Automated Campaign,Low-cost automated campaign
17960.0,80,1,73.78,41,26,73.78,0,0.0,1,0.5991393411466386,1,MEDIUM,1.0,73.78,Low Value,Automated Campaign,Low-cost automated campaign
17961.0,33,31,1179.62,469,195,38.052258064516124,248,8.0,0,0.003077722389607594,0,LOW,45.625,1736.1342741935482,High Value,VIP Loyal,Loyalty program
17962.0,51,1,102.41,127,33,102.41,0,0.0,1,0.5596335167161285,1,MEDIUM,1.0,102.41,Low Value,Automated Campaign,Low-cost automated campaign
17964.0,281,1,261.76,195,35,261.76,0,0.0,0,0.7493517696391235,1,HIGH,1.0,261.76,Low Value,Automated Campaign,Low-cost automated campaign
17965.0,1,12,2251.41,1366,238,187.61749999999998,277,25.0,0,0.014668542550505759,0,LOW,15.812274368231048,2966.6593862815885,High Value,VIP Loyal,Loyalty program
17966.0,60,4,594.43,1171,52,148.6075,109,36.0,0,0.36532505712742097,0,LOW,13.394495412844037,1990.52247706422,High Value,VIP Loyal,Loyalty program
17967.0,281,1,112.27,73,41,112.27,0,0.0,1,0.733248931914758,1,HIGH,1.0,112.27,Low Value,Automated Campaign,Low-cost automated campaign
17968.0,283,1,265.1,151,74,265.1,0,0.0,1,0.6813935335414242,1,MEDIUM,1.0,265.1,Low Value,Automated Campaign,Low-cost automated campaign
17969.0,75,2,228.2,152,14,114.1,194,194.0,1,0.6194359784136583,1,MEDIUM,3.7628865979381443,429.3453608247422,Low Value,Automated Campaign,Low-cost automated campaign
17970.0,120,1,562.79,513,27,562.79,0,0.0,1,0.6547708197284027,1,MEDIUM,1.0,562.79,Low Value,Automated Campaign,Low-cost automated campaign
17972.0,151,1,135.19,36,30,135.19,0,0.0,1,0.6545550016815864,1,MEDIUM,1.0,135.19,Low Value,Automated Campaign,Low-cost automated campaign
17974.0,129,1,164.07,85,18,164.07,0,0.0,0,0.6615639461479751,1,MEDIUM,1.0,164.07,Low Value,Automated Campaign,Low-cost automated campaign
17975.0,24,11,3950.4500000000003,1364,170,359.13181818181823,251,25.0,0,0.030485796797546344,0,LOW,15.996015936254981,5744.678286852591,High Value,VIP Loyal,Loyalty program
17976.0,281,1,321.79,93,56,321.79,0,0.0,1,0.7159388148353345,1,HIGH,1.0,321.79,Low Value,Automated Campaign,Low-cost automated campaign
17978.0,274,1,300.91999999999996,499,12,300.91999999999996,0,0.0,1,0.7819876847645344,1,HIGH,1.0,300.91999999999996,Low Value,Automated Campaign,Low-cost automated campaign
17979.0,78,3,494.54,272,84,164.84666666666666,90,45.0,0,0.3744129697942039,0,LOW,12.166666666666668,2005.6344444444446,High Value,VIP Loyal,Loyalty program
17980.0,75,3,811.45,682,23,270.48333333333335,193,96.0,1,0.45998557099298093,1,MEDIUM,5.6735751295336785,1534.6075129533679,High Value,Priority Retain,Priority retention offer
17984.0,54,1,152.68,98,48,152.68,0,0.0,1,0.5323967438499532,1,MEDIUM,1.0,152.68,Low Value,Automated Campaign,Low-cost automated campaign
17987.0,94,1,198.57,261,13,198.57,0,0.0,1,0.6438533131907017,1,MEDIUM,1.0,198.57,Low Value,Automated Campaign,Low-cost automated campaign
17988.0,26,5,146.0,27,25,29.2,209,52.0,0,0.30238268396124895,0,LOW,8.732057416267942,254.9760765550239,Low Value,Normal Marketing,Normal marketing
17990.0,146,3,630.84,414,27,210.28,124,62.0,1,0.5448658543487673,1,MEDIUM,8.830645161290322,1856.908064516129,High Value,Priority Retain,Priority retention offer
17991.0,134,2,93.35,25,4,46.675,0,0.0,1,0.6605589819361364,1,MEDIUM,2.0,93.35,Low Value,Automated Campaign,Low-cost automated campaign
17994.0,31,4,674.89,495,63,168.7225,169,56.0,1,0.2911258419452021,0,LOW,8.63905325443787,1457.6026627218935,High Value,VIP Loyal,Loyalty program
17995.0,191,1,76.1,133,2,76.1,0,0.0,1,0.7345315350615809,1,HIGH,1.0,76.1,Low Value,Automated Campaign,Low-cost automated campaign
17997.0,1,6,1711.75,2035,118,285.2916666666667,71,14.0,0,0.1634935800359666,0,LOW,30.845070422535212,8799.841549295776,High Value,VIP Loyal,Loyalty program
17999.0,275,1,190.34,94,37,190.34,0,0.0,0,0.7390915723962643,1,HIGH,1.0,190.34,Low Value,Automated Campaign,Low-cost automated campaign
18004.0,271,1,157.92,75,32,157.92,0,0.0,1,0.7434269581778549,1,HIGH,1.0,157.92,Low Value,Automated Campaign,Low-cost automated campaign
18008.0,112,7,2065.41,1517,22,295.0585714285714,115,19.0,0,0.3370581233065766,0,LOW,22.217391304347828,6555.431739130434,High Value,VIP Loyal,Loyalty program
18009.0,144,1,247.39,125,31,247.39,0,0.0,1,0.6520760790190379,1,MEDIUM,1.0,247.39,Low Value,Automated Campaign,Low-cost automated campaign
18010.0,166,1,174.8,60,14,174.8,0,0.0,1,0.6991217047547018,1,MEDIUM,1.0,174.8,Low Value,Automated Campaign,Low-cost automated campaign
18011.0,282,1,102.78999999999999,71,28,102.78999999999999,0,0.0,1,0.7553359259775363,1,HIGH,1.0,102.78999999999999,Low Value,Automated Campaign,Low-cost automated campaign
18013.0,64,2,187.29,285,31,93.645,0,0.0,1,0.5434219990106112,1,MEDIUM,2.0,187.29,Low Value,Automated Campaign,Low-cost automated campaign
18016.0,95,3,482.86,205,49,160.95333333333335,177,88.0,0,0.42979557090412457,0,MEDIUM,6.186440677966101,995.7282485875706,Low Value,Automated Campaign,Low-cost automated campaign
18017.0,78,2,344.0,200,1,172.0,141,141.0,0,0.6421880630864237,1,MEDIUM,5.177304964539006,890.4964539007091,Low Value,Automated Campaign,Low-cost automated campaign
18018.0,17,2,122.14,55,29,61.07,91,91.0,1,0.5189635142211501,1,MEDIUM,8.021978021978022,489.9021978021978,Low Value,Automated Campaign,Low-cost automated campaign
18024.0,62,2,389.78,184,21,194.89,0,0.0,1,0.566035820515116,1,MEDIUM,2.0,389.78,Low Value,Automated Campaign,Low-cost automated campaign
18027.0,8,1,115.31,78,21,115.31,0,0.0,1,0.5478105213349962,1,MEDIUM,1.0,115.31,Low Value,Automated Campaign,Low-cost automated campaign
18032.0,243,1,73.5,42,5,73.5,0,0.0,1,0.76521837879895,1,HIGH,1.0,73.5,Low Value,Automated Campaign,Low-cost automated campaign
18036.0,14,2,253.69,153,54,126.845,140,140.0,0,0.47007661065838374,1,MEDIUM,5.214285714285714,661.4060714285714,Low Value,Automated Campaign,Low-cost automated campaign
18037.0,63,6,70.02,20,19,11.67,207,41.0,1,0.30977919378819824,0,LOW,10.579710144927537,123.46521739130435,Low Value,Normal Marketing,Normal marketing
18040.0,155,1,239.0,96,12,239.0,0,0.0,0,0.6972333252145899,1,MEDIUM,1.0,239.0,Low Value,Automated Campaign,Low-cost automated campaign
18041.0,13,16,2998.11,2716,227,187.381875,269,17.0,0,0.009566084163564775,0,LOW,21.71003717472119,4068.0674721189594,High Value,VIP Loyal,Loyalty program
18043.0,116,2,421.59,229,87,210.795,160,160.0,0,0.4952938055173175,1,MEDIUM,4.5625,961.7521875,Low Value,Automated Campaign,Low-cost automated campaign
18044.0,75,7,1105.53,651,63,157.93285714285713,194,32.0,0,0.2083903979161671,0,LOW,13.170103092783505,2079.992010309278,High Value,VIP Loyal,Loyalty program
18048.0,112,2,172.29000000000002,127,6,86.14500000000001,0,0.0,1,0.638882129462418,1,MEDIUM,2.0,172.29000000000002,Low Value,Automated Campaign,Low-cost automated campaign
18050.0,268,1,74.4,40,5,74.4,0,0.0,1,0.7812458461285386,1,HIGH,1.0,74.4,Low Value,Automated Campaign,Low-cost automated campaign
18055.0,37,7,3672.86,1226,122,524.6942857142857,241,40.0,0,0.08854072954558045,0,LOW,10.601659751037346,5562.630290456432,High Value,VIP Loyal,Loyalty program
18056.0,197,1,363.65,211,19,363.65,0,0.0,1,0.7214307643381573,1,HIGH,1.0,363.65,Low Value,Automated Campaign,Low-cost automated campaign
18061.0,17,8,1793.51,901,18,224.18875,258,36.0,0,0.17435423143818413,0,LOW,11.317829457364342,2537.33003875969,High Value,VIP Loyal,Loyalty program
18062.0,82,3,720.52,396,23,240.17333333333332,164,82.0,1,0.47938086956814246,1,MEDIUM,6.676829268292683,1603.5963414634145,High Value,Priority Retain,Priority retention offer
18064.0,42,2,814.0,384,7,407.0,102,102.0,1,0.597953767667078,1,MEDIUM,7.156862745098039,2912.8431372549016,High Value,Priority Retain,Priority retention offer
18065.0,93,8,1412.15,591,71,176.51875,180,25.0,0,0.1879899176295296,0,LOW,16.22222222222222,2863.526388888889,High Value,VIP Loyal,Loyalty program
18068.0,198,1,101.69999999999999,6,1,101.69999999999999,0,0.0,1,0.7425152289946667,1,HIGH,1.0,101.69999999999999,Low Value,Automated Campaign,Low-cost automated campaign
18069.0,89,3,978.32,626,199,326.1066666666667,146,73.0,0,0.17031646303851675,0,LOW,7.5,2445.8,High Value,VIP Loyal,Loyalty program
18071.0,167,2,453.0,260,23,226.5,108,108.0,1,0.6681878317617457,1,MEDIUM,6.7592592592592595,1530.9722222222222,High Value,Priority Retain,Priority retention offer
18072.0,95,1,247.44,288,18,247.44,0,0.0,1,0.6369303037415522,1,MEDIUM,1.0,247.44,Low Value,Automated Campaign,Low-cost automated campaign
18073.0,23,12,3859.82,3102,23,321.6516666666667,82,7.0,1,0.14892924902867422,0,LOW,53.41463414634146,17180.906097560975,High Value,VIP Loyal,Loyalty program
18074.0,283,1,489.6,190,13,489.6,0,0.0,1,0.7934480347113424,1,HIGH,1.0,489.6,Low Value,Automated Campaign,Low-cost automated campaign
18075.0,15,8,1957.75,1015,74,244.71875,254,36.0,0,0.11356995214595375,0,LOW,11.496062992125983,2813.3021653543306,High Value,VIP Loyal,Loyalty program
18077.0,13,7,1622.34,1272,82,231.76285714285714,263,43.0,0,0.12061057826948833,0,LOW,9.714828897338403,2251.5365019011406,High Value,VIP Loyal,Loyalty program
18078.0,126,2,336.13,145,27,168.065,41,41.0,1,0.615277099647779,1,MEDIUM,17.804878048780488,2992.3768292682926,High Value,Priority Retain,Priority retention offer
18079.0,36,2,2206.18,5075,59,1103.09,111,111.0,0,0.4840571557157582,1,MEDIUM,6.576576576576576,7254.555855855855,High Value,Priority Retain,Priority retention offer
18080.0,152,1,841.4999999999999,330,1,841.4999999999999,0,0.0,0,0.7404894496015287,1,HIGH,1.0,841.4999999999999,Low Value,Automated Campaign,Low-cost automated campaign
18081.0,22,2,208.05,55,7,104.025,21,21.0,0,0.5618808017917675,1,MEDIUM,34.76190476190476,3616.1071428571427,High Value,Priority Retain,Priority retention offer
18085.0,239,2,689.95,265,25,344.975,43,43.0,1,0.7142716065864407,1,HIGH,16.97674418604651,5856.552325581395,High Value,Priority Retain,Priority retention offer
18086.0,183,1,101.34,106,7,101.34,0,0.0,1,0.7211762016453139,1,HIGH,1.0,101.34,Low Value,Automated Campaign,Low-cost automated campaign
18087.0,7,2,4055.7199999999993,3907,2,2027.8599999999997,192,192.0,1,0.6186293009973759,1,MEDIUM,3.802083333333334,7710.092708333334,High Value,Priority Retain,Priority retention offer
18092.0,29,8,5851.48,3280,21,731.435,246,35.0,0,0.13625367555574197,0,LOW,11.869918699186991,8682.073983739836,High Value,VIP Loyal,Loyalty program
18093.0,2,4,2106.52,1392,31,526.63,209,69.0,1,0.29488384102670556,0,LOW,6.9856459330143545,3678.8507177033493,High Value,VIP Loyal,Loyalty program
18094.0,45,5,2402.3,2194,35,480.46000000000004,155,38.0,0,0.29770661579918284,0,LOW,11.774193548387098,5657.029032258066,High Value,VIP Loyal,Loyalty program
18095.0,222,2,580.0500000000001,419,20,290.02500000000003,20,20.0,1,0.7062136996023902,1,HIGH,36.5,10585.9125,High Value,Priority Retain,Priority retention offer
18097.0,36,5,1986.2,1406,56,397.24,227,56.0,0,0.22469637110149784,0,LOW,8.039647577092511,3193.6696035242294,High Value,VIP Loyal,Loyalty program
18099.0,36,1,168.31,149,19,168.31,0,0.0,1,0.5798935373581154,1,MEDIUM,1.0,168.31,Low Value,Automated Campaign,Low-cost automated campaign
18101.0,52,1,110.23,25,13,110.23,0,0.0,0,0.6040389682996707,1,MEDIUM,1.0,110.23,Low Value,Automated Campaign,Low-cost automated campaign
18102.0,8,27,135450.75,31473,54,5016.694444444444,268,10.0,0,4.170557413538691e-09,0,LOW,36.77238805970149,184475.8348880597,High Value,VIP Loyal,Loyalty program
18106.0,239,1,421.9,126,33,421.9,0,0.0,1,0.7301013239858994,1,HIGH,1.0,421.9,Low Value,Automated Campaign,Low-cost automated campaign
18108.0,163,1,271.0,84,17,271.0,0,0.0,1,0.6955942818361445,1,MEDIUM,1.0,271.0,Low Value,Automated Campaign,Low-cost automated campaign
18109.0,0,18,4826.87,3405,114,268.15944444444443,278,16.0,0,0.01528709653086058,0,LOW,23.633093525179856,6337.437230215827,High Value,VIP Loyal,Loyalty program
18112.0,75,1,196.64,110,12,196.64,0,0.0,0,0.630156832334006,1,MEDIUM,1.0,196.64,Low Value,Automated Campaign,Low-cost automated campaign
18113.0,278,1,76.32000000000001,72,1,76.32000000000001,0,0.0,1,0.7932644337178608,1,HIGH,1.0,76.32000000000001,Low Value,Automated Campaign,Low-cost automated campaign
18114.0,199,1,220.1,55,28,220.1,0,0.0,1,0.7005945254179181,1,HIGH,1.0,220.1,Low Value,Automated Campaign,Low-cost automated campaign
18116.0,143,7,1239.55,667,220,177.07857142857142,130,21.0,0,0.09237661680680419,0,LOW,19.653846153846153,3480.2749999999996,High Value,VIP Loyal,Loyalty program
18118.0,1,19,4222.94,2156,367,222.26,278,15.0,0,0.0015976145003642177,0,LOW,24.946043165467625,5544.507553956834,High Value,VIP Loyal,Loyalty program
18119.0,277,1,180.7,124,29,180.7,0,0.0,1,0.7533529695376425,1,HIGH,1.0,180.7,Low Value,Automated Campaign,Low-cost automated campaign
18120.0,123,1,111.15,31,17,111.15,0,0.0,1,0.6561724757370999,1,MEDIUM,1.0,111.15,Low Value,Automated Campaign,Low-cost automated campaign
18121.0,58,2,653.3,438,28,326.65,5,5.0,1,0.550388195433981,1,MEDIUM,146.0,47690.899999999994,High Value,Priority Retain,Priority retention offer
18122.0,60,1,119.19,69,23,119.19,0,0.0,0,0.5902239047134776,1,MEDIUM,1.0,119.19,Low Value,Automated Campaign,Low-cost automated campaign
18125.0,111,3,933.9,691,146,311.3,114,57.0,0,0.27174603150579335,0,LOW,9.605263157894736,2990.1184210526317,High Value,VIP Loyal,Loyalty program
18127.0,43,1,139.6,28,8,139.6,0,0.0,0,0.6082296910209057,1,MEDIUM,1.0,139.6,Low Value,Automated Campaign,Low-cost automated campaign
18129.0,152,1,112.55000000000001,48,13,112.55000000000001,0,0.0,1,0.6872812478016997,1,MEDIUM,1.0,112.55000000000001,Low Value,Automated Campaign,Low-cost automated campaign
18133.0,121,1,931.4999999999999,1350,1,931.4999999999999,0,0.0,1,0.7198066763958456,1,HIGH,1.0,931.4999999999999,Low Value,Automated Campaign,Low-cost automated campaign
18135.0,99,1,109.82000000000001,88,9,109.82000000000001,0,0.0,0,0.6520912198806921,1,MEDIUM,1.0,109.82000000000001,Low Value,Automated Campaign,Low-cost automated campaign
18136.0,121,2,600.85,295,30,300.425,107,107.0,0,0.6169317701590976,1,MEDIUM,6.822429906542055,2049.628504672897,High Value,Priority Retain,Priority retention offer
18138.0,204,1,152.65,38,8,152.65,0,0.0,1,0.7369245465766283,1,HIGH,1.0,152.65,Low Value,Automated Campaign,Low-cost automated campaign
18142.0,66,2,1019.52,1276,9,509.76,58,58.0,1,0.6081421112225501,1,MEDIUM,12.586206896551722,6415.944827586206,High Value,Priority Retain,Priority retention offer
18143.0,26,2,1000.16,570,59,500.08,25,25.0,1,0.4600457332152553,1,MEDIUM,29.200000000000003,14602.336000000001,High Value,Priority Retain,Priority retention offer
18144.0,19,9,2165.55,1064,24,240.61666666666667,263,32.0,0,0.14252988916657952,0,LOW,12.490494296577946,3005.4211026615967,High Value,VIP Loyal,Loyalty program
18145.0,114,2,1023.78,863,60,511.89,107,107.0,0,0.5499704817695837,1,MEDIUM,6.822429906542055,3492.3336448598125,High Value,Priority Retain,Priority retention offer
18146.0,50,2,160.35000000000002,153,10,80.17500000000001,79,79.0,1,0.5883030533785262,1,MEDIUM,9.240506329113924,740.8575949367089,Low Value,Automated Campaign,Low-cost automated campaign
18147.0,18,1,98.88,80,4,98.88,0,0.0,0,0.5925330919839841,1,MEDIUM,1.0,98.88,Low Value,Automated Campaign,Low-cost automated campaign
18149.0,125,2,549.68,280,9,274.84,58,58.0,0,0.6555644242733191,1,MEDIUM,12.586206896551722,3459.193103448275,High Value,Priority Retain,Priority retention offer
18150.0,49,2,413.28,236,22,206.64,61,61.0,0,0.561593829299829,1,MEDIUM,11.967213114754097,2472.9049180327866,High Value,Priority Retain,Priority retention offer
18151.0,44,2,653.35,355,38,326.675,155,155.0,1,0.539066067912797,1,MEDIUM,4.709677419354839,1538.5338709677421,High Value,Priority Retain,Priority retention offer
18155.0,80,2,266.56,196,14,133.28,121,121.0,0,0.6134135874832317,1,MEDIUM,6.033057851239669,804.0859504132231,Low Value,Automated Campaign,Low-cost automated campaign
18156.0,279,1,186.88,68,50,186.88,0,0.0,0,0.7192792383430224,1,HIGH,1.0,186.88,Low Value,Automated Campaign,Low-cost automated campaign
18159.0,210,1,530.15,139,23,530.15,0,0.0,1,0.731215692713146,1,HIGH,1.0,530.15,Low Value,Automated Campaign,Low-cost automated campaign
18160.0,109,1,318.55,147,19,318.55,0,0.0,0,0.6505354967499462,1,MEDIUM,1.0,318.55,Low Value,Automated Campaign,Low-cost automated campaign
18161.0,49,3,771.26,387,24,257.08666666666664,179,89.0,0,0.44074444623243003,0,MEDIUM,6.11731843575419,1572.6810055865922,High Value,Priority Retain,Priority retention offer
18165.0,86,1,302.46000000000004,254,10,302.46000000000004,0,0.0,1,0.6484054607548166,1,MEDIUM,1.0,302.46000000000004,Low Value,Automated Campaign,Low-cost automated campaign
18167.0,15,1,498.48,122,13,498.48,0,0.0,0,0.5916231474566367,1,MEDIUM,1.0,498.48,Low Value,Automated Campaign,Low-cost automated campaign
18168.0,85,6,1160.04,592,97,193.34,196,39.0,1,0.18956820314464382,0,LOW,11.173469387755102,2160.2785714285715,High Value,VIP Loyal,Loyalty program
18170.0,21,2,655.51,249,27,327.755,105,105.0,0,0.534939657554723,1,MEDIUM,6.9523809523809526,2278.677619047619,High Value,Priority Retain,Priority retention offer
18171.0,8,4,994.3100000000001,331,35,248.57750000000001,234,78.0,0,0.2917399511202117,0,LOW,6.239316239316239,1550.9536324786325,High Value,VIP Loyal,Loyalty program
18172.0,8,11,5635.28,2280,96,512.2981818181818,190,19.0,0,0.055979772454591584,0,LOW,21.13157894736842,10825.66947368421,High Value,VIP Loyal,Loyalty program
18173.0,108,3,1728.8400000000001,1028,20,576.2800000000001,75,37.0,0,0.5403906255216279,1,MEDIUM,14.600000000000001,8413.688000000002,High Value,Priority Retain,Priority retention offer
18176.0,267,1,476.35,283,30,476.35,0,0.0,1,0.7565395151341503,1,HIGH,1.0,476.35,Low Value,Automated Campaign,Low-cost automated campaign
18177.0,67,5,1037.27,543,43,207.454,98,24.0,0,0.35406180612517013,0,LOW,18.622448979591837,3863.301530612245,High Value,VIP Loyal,Loyalty program
18178.0,38,4,1590.81,983,80,397.7025,235,78.0,1,0.23020160767216358,0,LOW,6.212765957446808,2470.8325531914893,High Value,VIP Loyal,Loyalty program
18179.0,161,4,1103.16,729,54,275.79,83,27.0,0,0.46097731876219195,1,MEDIUM,17.59036144578313,4851.24578313253,High Value,Priority Retain,Priority retention offer
18180.0,46,2,601.85,553,42,300.925,5,5.0,0,0.5078499258102459,1,MEDIUM,146.0,43935.05,High Value,Priority Retain,Priority retention offer
18183.0,136,2,632.07,371,36,316.035,47,47.0,1,0.6087445459641946,1,MEDIUM,15.53191489361702,4908.628723404256,High Value,Priority Retain,Priority retention offer
18185.0,158,1,304.25,183,17,304.25,0,0.0,1,0.6930207930252759,1,MEDIUM,1.0,304.25,Low Value,Automated Campaign,Low-cost automated campaign
18188.0,199,1,426.6,164,16,426.6,0,0.0,0,0.7309624688908027,1,HIGH,1.0,426.6,Low Value,Automated Campaign,Low-cost automated campaign
18189.0,177,1,633.1,352,40,633.1,0,0.0,0,0.6793225520438426,1,MEDIUM,1.0,633.1,Low Value,Automated Campaign,Low-cost automated campaign
18190.0,101,2,284.46000000000004,140,14,142.23000000000002,138,138.0,1,0.6342008044095737,1,MEDIUM,5.2898550724637685,752.3760869565219,Low Value,Automated Campaign,Low-cost automated campaign
18191.0,171,1,207.79999999999998,140,7,207.79999999999998,0,0.0,1,0.7169318354060934,1,HIGH,1.0,207.79999999999998,Low Value,Automated Campaign,Low-cost automated campaign
18193.0,74,1,243.76,124,16,243.76,0,0.0,1,0.6234229760189108,1,MEDIUM,1.0,243.76,Low Value,Automated Campaign,Low-cost automated campaign
18196.0,4,2,686.63,431,131,343.315,195,195.0,1,0.3136629629545226,0,LOW,3.7435897435897436,1285.2305128205128,Low Value,Normal Marketing,Normal marketing
18198.0,10,14,4427.39,3491,64,316.2421428571429,235,18.0,0,0.04786360822212319,0,LOW,21.74468085106383,6876.584468085107,High Value,VIP Loyal,Loyalty program
18200.0,15,1,150.35,104,29,150.35,0,0.0,1,0.5384832430367128,1,MEDIUM,1.0,150.35,Low Value,Automated Campaign,Low-cost automated campaign
18202.0,109,3,1396.99,581,55,465.66333333333336,111,55.0,1,0.4521639164642001,1,MEDIUM,9.864864864864863,4593.705855855856,High Value,Priority Retain,Priority retention offer
18203.0,66,1,160.42000000000002,43,19,160.42000000000002,0,0.0,1,0.606177879063365,1,MEDIUM,1.0,160.42000000000002,Low Value,Automated Campaign,Low-cost automated campaign
18204.0,19,2,1358.87,907,113,679.435,82,82.0,0,0.3514159504887405,0,LOW,8.902439024390244,6048.628658536585,High Value,VIP Loyal,Loyalty program
18210.0,176,1,142.4,62,5,142.4,0,0.0,0,0.721477802672188,1,HIGH,1.0,142.4,Low Value,Automated Campaign,Low-cost automated campaign
18211.0,46,2,268.7,152,15,134.35,142,142.0,0,0.5847677313666332,1,MEDIUM,5.140845070422535,690.6725352112676,Low Value,Automated Campaign,Low-cost automated campaign
18212.0,235,1,216.07,92,30,216.07,0,0.0,1,0.7236372608930299,1,HIGH,1.0,216.07,Low Value,Automated Campaign,Low-cost automated campaign
18213.0,146,1,232.48000000000002,232,15,232.48000000000002,0,0.0,1,0.683942167985437,1,MEDIUM,1.0,232.48000000000002,Low Value,Automated Campaign,Low-cost automated campaign
18218.0,120,2,641.92,536,17,320.96,70,70.0,1,0.6373332013908228,1,MEDIUM,10.428571428571429,3347.1542857142854,High Value,Priority Retain,Priority retention offer
18219.0,58,8,1367.13,596,49,170.89125,219,31.0,0,0.18018293709447789,0,LOW,13.333333333333334,2278.55,High Value,VIP Loyal,Loyalty program
18220.0,136,1,305.28000000000003,288,2,305.28000000000003,0,0.0,1,0.7037384212916686,1,HIGH,1.0,305.28000000000003,Low Value,Automated Campaign,Low-cost automated campaign
18221.0,25,3,706.86,446,40,235.62,95,47.0,0,0.41746445189978354,0,MEDIUM,11.526315789473685,2715.8305263157895,High Value,Priority Retain,Priority retention offer
18222.0,2,1,443.0,335,19,443.0,0,0.0,1,0.5636371457774905,1,MEDIUM,1.0,443.0,Low Value,Automated Campaign,Low-cost automated campaign
18223.0,6,11,4036.34,1774,87,366.94,261,26.0,0,0.05519066196430503,0,LOW,15.383141762452109,5644.6900383141765,High Value,VIP Loyal,Loyalty program
18224.0,173,1,158.95000000000002,69,10,158.95000000000002,0,0.0,1,0.7110196098567667,1,HIGH,1.0,158.95000000000002,Low Value,Automated Campaign,Low-cost automated campaign
18225.0,22,7,2730.78,1582,99,390.1114285714286,252,42.0,0,0.10420874906444105,0,LOW,10.138888888888888,3955.296428571428,High Value,VIP Loyal,Loyalty program
18226.0,30,9,4251.03,2946,107,472.33666666666664,217,27.0,0,0.07378252869376473,0,LOW,15.138248847926267,7150.349999999999,High Value,VIP Loyal,Loyalty program
18227.0,127,1,93.75,21,5,93.75,0,0.0,1,0.6819822647510965,1,MEDIUM,1.0,93.75,Low Value,Automated Campaign,Low-cost automated campaign
18229.0,3,14,5212.06,1704,58,372.29,279,21.0,0,0.04017308652223749,0,LOW,18.31541218637993,6818.644802867385,High Value,VIP Loyal,Loyalty program
18230.0,3,5,2146.36,1030,32,429.27200000000005,208,52.0,0,0.25020711797931744,0,LOW,8.774038461538462,3766.4490384615387,High Value,VIP Loyal,Loyalty program
18231.0,101,5,2071.77,819,106,414.354,96,24.0,1,0.2528142724078453,0,LOW,19.010416666666668,7877.0421875,High Value,VIP Loyal,Loyalty program
18232.0,67,3,500.62,277,29,166.87333333333333,39,19.0,0,0.5024252255516187,1,MEDIUM,28.076923076923077,4685.289743589744,High Value,Priority Retain,Priority retention offer
18233.0,235,1,440.0,4,1,440.0,0,0.0,1,0.7803475271566466,1,HIGH,1.0,440.0,Low Value,Automated Campaign,Low-cost automated campaign
18235.0,29,2,749.8,706,49,374.9,97,97.0,0,0.4924573408031939,1,MEDIUM,7.525773195876289,2821.4123711340203,High Value,Priority Retain,Priority retention offer
18236.0,38,4,641.19,310,31,160.2975,111,37.0,0,0.39105708873130496,0,LOW,13.153153153153152,2108.4175675675674,High Value,VIP Loyal,Loyalty program
18237.0,1,3,725.55,465,37,241.85,42,21.0,0,0.4235392401837261,0,MEDIUM,26.071428571428573,6305.375,High Value,Priority Retain,Priority retention offer
18239.0,128,5,1561.6100000000001,795,80,312.322,153,38.0,1,0.292594081506338,0,LOW,11.928104575163399,3725.409477124183,High Value,VIP Loyal,Loyalty program
18241.0,8,11,1349.58,720,44,122.68909090909091,118,11.0,0,0.1518214855957536,0,LOW,34.02542372881356,4174.548305084745,High Value,VIP Loyal,Loyalty program
18242.0,105,2,694.08,408,26,347.04,17,17.0,0,0.59893525480657,1,MEDIUM,42.94117647058823,14902.30588235294,High Value,Priority Retain,Priority retention offer
18245.0,58,6,1672.81,1328,103,278.8016666666667,205,41.0,0,0.15823614408745731,0,LOW,10.682926829268292,2978.4178048780486,High Value,VIP Loyal,Loyalty program
18246.0,142,1,232.9,70,2,232.9,0,0.0,0,0.7055286190440968,1,HIGH,1.0,232.9,Low Value,Automated Campaign,Low-cost automated campaign
18248.0,32,2,804.02,511,39,402.01,63,63.0,1,0.5131585774006843,1,MEDIUM,11.587301587301587,4658.211111111111,High Value,Priority Retain,Priority retention offer
18250.0,219,1,349.27,199,21,349.27,0,0.0,1,0.7332614625743702,1,HIGH,1.0,349.27,Low Value,Automated Campaign,Low-cost automated campaign
18252.0,81,1,69.89999999999999,18,3,69.89999999999999,0,0.0,0,0.6473742119164816,1,MEDIUM,1.0,69.89999999999999,Low Value,Automated Campaign,Low-cost automated campaign
18257.0,23,5,1562.8700000000001,721,66,312.574,181,45.0,0,0.2284178764105463,0,LOW,10.082872928176796,3151.6439226519337,High Value,VIP Loyal,Loyalty program
18259.0,275,1,376.30000000000007,116,7,376.30000000000007,0,0.0,0,0.7934224325920354,1,HIGH,1.0,376.30000000000007,Low Value,Automated Campaign,Low-cost automated campaign
18260.0,82,6,2628.35,1475,86,438.05833333333334,185,37.0,1,0.19152563442114343,0,LOW,11.837837837837837,5185.663513513513,High Value,VIP Loyal,Loyalty program
18261.0,5,1,224.8,102,15,224.8,0,0.0,0,0.5639657902418295,1,MEDIUM,1.0,224.8,Low Value,Automated Campaign,Low-cost automated campaign
18262.0,49,1,149.48,182,13,149.48,0,0.0,1,0.6030399022469877,1,MEDIUM,1.0,149.48,Low Value,Automated Campaign,Low-cost automated campaign
18263.0,65,2,811.4,1048,45,405.7,96,96.0,0,0.5336694988006159,1,MEDIUM,7.604166666666668,3085.010416666667,High Value,Priority Retain,Priority retention offer
18265.0,67,1,488.55,224,29,488.55,0,0.0,0,0.6025697502781368,1,MEDIUM,1.0,488.55,Low Value,Automated Campaign,Low-cost automated campaign
18268.0,43,1,25.5,2,1,25.5,0,0.0,1,0.6170400947915002,1,MEDIUM,1.0,25.5,Low Value,Automated Campaign,Low-cost automated campaign
18269.0,275,1,168.6,76,7,168.6,0,0.0,1,0.7859951701571879,1,HIGH,1.0,168.6,Low Value,Automated Campaign,Low-cost automated campaign
18270.0,176,1,111.95,41,5,111.95,0,0.0,0,0.7201925315495494,1,HIGH,1.0,111.95,Low Value,Automated Campaign,Low-cost automated campaign
18272.0,23,4,2106.45,1465,76,526.6125,133,44.0,0,0.2661724533824994,0,LOW,10.977443609022556,5780.85902255639,High Value,VIP Loyal,Loyalty program
18273.0,5,2,153.0,60,1,76.5,162,162.0,0,0.5802856344934311,1,MEDIUM,4.506172839506172,344.7222222222222,Low Value,Automated Campaign,Low-cost automated campaign
18280.0,187,1,180.60000000000002,45,10,180.60000000000002,0,0.0,1,0.722400912876005,1,HIGH,1.0,180.60000000000002,Low Value,Automated Campaign,Low-cost automated campaign
18281.0,90,1,80.82,54,7,80.82,0,0.0,1,0.647277962576876,1,MEDIUM,1.0,80.82,Low Value,Automated Campaign,Low-cost automated campaign
18282.0,35,1,100.21000000000001,75,7,100.21000000000001,0,0.0,0,0.6011833005117135,1,MEDIUM,1.0,100.21000000000001,Low Value,Automated Campaign,Low-cost automated campaign
18283.0,5,10,1086.83,719,192,108.68299999999999,241,26.0,0,0.03581997254746089,0,LOW,15.145228215767636,1646.028838174274,High Value,VIP Loyal,Loyalty program
18287.0,111,1,765.28,488,27,765.28,0,0.0,0,0.6573628983760784,1,MEDIUM,1.0,765.28,Low Value,Automated Campaign,Low-cost automated campaign
